id,year,make_id,model,component
1,2022,1,911 TURBO,AIR BAGS
2,2022,2,MINNIE WINNIE,EQUIPMENT
3,2022,3,ACE,STRUCTURE
4,2022,4,BEYOND,EQUIPMENT
5,2022,4,BEYOND,EQUIPMENT
6,2022,4,BEYOND,FUEL SYSTEM
7,2022,4,BEYOND,STRUCTURE
8,2022,8,VENUE,SEAT BELTS
9,2022,9,COMPASS,SEATS
10,2022,9,COMPASS,ELECTRICAL SYSTEM
11,2022,9,COMPASS,ELECTRICAL SYSTEM
12,2022,9,COMPASS,BACK OVER PREVENTION
13,2022,13,QX55,ENGINE AND ENGINE COOLING
14,2022,14,AVIATOR PHEV,HYBRID PROPULSION SYSTEM
15,2022,15,PRIUS,ENGINE AND ENGINE COOLING
16,2022,16,ENVISION,EXTERIOR LIGHTING
17,2022,17,SORENTO HYBRID,SEAT BELTS
18,2022,17,SORENTO HYBRID,SEAT BELTS
19,2022,17,SORENTO HYBRID,TRAILER HITCHES
20,2022,17,SORENTO HYBRID,BACK OVER PREVENTION
21,2022,21,ALLEGRO BAY,EQUIPMENT
22,2022,21,ALLEGRO BAY,EQUIPMENT
23,2022,21,ALLEGRO BAY,STRUCTURE
24,2022,21,ALLEGRO BAY,ELECTRICAL SYSTEM
25,2022,21,ALLEGRO BAY,STRUCTURE
26,2022,21,ALLEGRO,SEAT BELTS
27,2022,21,ALLEGRO,FUEL SYSTEM
28,2022,21,ALLEGRO,ELECTRICAL SYSTEM
29,2022,21,ALLEGRO,STRUCTURE
30,2022,21,ALLEGRO,EQUIPMENT
31,2022,31,SOLITUDE,EQUIPMENT
32,2022,31,SOLITUDE,STRUCTURE
33,2022,31,SOLITUDE,SUSPENSION
34,2022,31,SOLITUDE,EQUIPMENT
35,2022,31,SOLITUDE,EQUIPMENT
36,2022,31,SOLITUDE,EQUIPMENT
37,2022,37,ATLAS,AIR BAGS
38,2022,37,ATLAS,FUEL SYSTEM
39,2022,37,ATLAS,BACK OVER PREVENTION
40,2022,37,ATLAS,TRAILER HITCHES
41,2022,37,ATLAS,ENGINE AND ENGINE COOLING
42,2022,37,ATLAS,SUSPENSION
43,2022,37,ATLAS,AIR BAGS
44,2022,44,KOUNTRY STAR,STEERING
45,2022,44,KOUNTRY STAR,SEATS
46,2022,44,KOUNTRY STAR,STEERING
47,2022,44,KOUNTRY STAR,EQUIPMENT
48,2022,48,S2RV,TIRES
49,2022,48,S2RV,STEERING
50,2022,48,S2RV,VISIBILITY
51,2022,48,S2RV,STEERING
52,2022,44,MOUNTAIN AIRE,SUSPENSION
53,2022,44,MOUNTAIN AIRE,STEERING
54,2022,44,MOUNTAIN AIRE,EQUIPMENT
55,2022,44,MOUNTAIN AIRE,EQUIPMENT
56,2022,44,MOUNTAIN AIRE,SEATS
57,2022,57,XF,SEAT BELTS
58,2022,3,RIZE,EQUIPMENT
59,2022,3,RIZE,EQUIPMENT
60,2022,3,RIZE,EQUIPMENT
61,2022,3,RIZE,EQUIPMENT
62,2022,3,RIZE,FUEL SYSTEM
63,2022,3,RIZE,EQUIPMENT
64,2022,64,PRECEPT,EQUIPMENT
65,2022,64,PRECEPT,EQUIPMENT
66,2022,64,PRECEPT,SUSPENSION
67,2022,67,EDV,SUSPENSION
68,2022,17,CARNIVAL,LATCHES/LOCKS/LINKAGES
69,2022,17,CARNIVAL,FUEL SYSTEM
70,2022,17,CARNIVAL,TRAILER HITCHES
71,2022,17,CARNIVAL,STRUCTURE
72,2022,17,CARNIVAL,STRUCTURE
73,2022,31,REFLECTION,ELECTRICAL SYSTEM
74,2022,31,REFLECTION,EQUIPMENT
75,2022,31,REFLECTION,STRUCTURE
76,2022,31,REFLECTION,EQUIPMENT
77,2022,77,ECOSPORT,ENGINE AND ENGINE COOLING
78,2022,77,ECOSPORT,POWER TRAIN
79,2022,79,OPEN RANGE ROAMER,EQUIPMENT
80,2022,79,OPEN RANGE ROAMER,STRUCTURE
81,2022,79,OPEN RANGE ROAMER,EQUIPMENT
82,2022,82,TRAILBLAZER,EQUIPMENT
83,2022,77,EXPEDITION,ELECTRICAL SYSTEM
84,2022,77,EXPEDITION,EQUIPMENT
85,2022,77,EXPEDITION,EQUIPMENT
86,2022,77,EXPEDITION,ELECTRICAL SYSTEM
87,2022,77,EXPEDITION,SERVICE BRAKES
88,2022,77,EXPEDITION,BACK OVER PREVENTION
89,2022,77,EXPEDITION,FUEL SYSTEM
90,2022,77,EXPEDITION,VISIBILITY
91,2022,37,JETTA,BACK OVER PREVENTION
92,2022,92,CHARGER,TIRES
93,2022,92,CHARGER,TIRES
94,2022,92,CHARGER,POWER TRAIN
95,2022,2,FORZA,SEAT BELTS
96,2022,2,FORZA,EXTERIOR LIGHTING
97,2022,2,FORZA,LATCHES/LOCKS/LINKAGES
98,2022,98,CANYON,SEATS
99,2022,99,AVALANCHE,STRUCTURE
100,2022,99,AVALANCHE,ELECTRICAL SYSTEM
101,2022,99,AVALANCHE,ELECTRICAL SYSTEM
102,2022,99,AVALANCHE,EQUIPMENT
103,2022,1,911 GT3 TOURING,AIR BAGS
104,2022,3,GEMINI,EQUIPMENT
105,2022,3,MAGNITUDE,EQUIPMENT
106,2022,3,MAGNITUDE,EQUIPMENT
107,2022,1,911 GT3,SEAT BELTS
108,2022,1,911 GT3,EXTERIOR LIGHTING
109,2022,1,911 GT3,AIR BAGS
110,2022,110,G70,ENGINE AND ENGINE COOLING
111,2022,110,G70,FUEL SYSTEM
112,2022,3,FOUR WINDS,EQUIPMENT
113,2022,3,FOUR WINDS,EQUIPMENT
114,2022,3,AXIS,EQUIPMENT
115,2022,44,KING AIRE,STEERING
116,2022,44,KING AIRE,SUSPENSION
117,2022,44,KING AIRE,STEERING
118,2022,44,KING AIRE,STRUCTURE
119,2022,119,ROCKWOOD,EQUIPMENT
120,2022,119,ROCKWOOD,EQUIPMENT
121,2022,119,ROCKWOOD,EQUIPMENT
122,2022,119,ROCKWOOD,SUSPENSION
123,2022,98,SIERRA 1500,EXTERIOR LIGHTING
124,2022,98,SIERRA 1500,EXTERIOR LIGHTING
125,2022,98,SIERRA 1500,POWER TRAIN
126,2022,98,SIERRA 1500,STRUCTURE
127,2022,98,SIERRA 1500,ENGINE AND ENGINE COOLING
128,2022,128,CT5,AIR BAGS
129,2022,128,CT5,EXTERIOR LIGHTING
130,2022,130,SPEED TRIPLE RS,SERVICE BRAKES
131,2022,130,SPEED TRIPLE RS,ENGINE AND ENGINE COOLING
132,2022,130,SPEED TRIPLE RS,ENGINE AND ENGINE COOLING
133,2022,133,SAF-T-LINER C2,PARKING BRAKE
134,2022,133,SAF-T-LINER C2,SERVICE BRAKES
135,2022,133,SAF-T-LINER C2,STEERING
136,2022,133,SAF-T-LINER C2,VEHICLE SPEED CONTROL
137,2022,133,SAF-T-LINER C2,STEERING
138,2022,133,SAF-T-LINER C2,SERVICE BRAKES
139,2022,133,SAF-T-LINER C2,ENGINE AND ENGINE COOLING
140,2022,133,SAF-T-LINER C2,ELECTRICAL SYSTEM
141,2022,133,SAF-T-LINER C2,STRUCTURE
142,2022,133,SAF-T-LINER C2,STRUCTURE
143,2022,133,SAF-T-LINER C2,STRUCTURE
144,2022,133,SAF-T-LINER C2,EQUIPMENT
145,2022,145,FLHTCUTG,EXTERIOR LIGHTING
146,2022,146,PILOT,BACK OVER PREVENTION
147,2022,146,PILOT,SERVICE BRAKES
148,2022,146,PILOT,AIR BAGS
149,2022,130,BONNEVILLE T100,ELECTRICAL SYSTEM
150,2022,150,STELVIO,EQUIPMENT
151,2022,150,STELVIO,AIR BAGS
152,2022,150,STELVIO,BACK OVER PREVENTION
153,2022,146,RIDGELINE,SERVICE BRAKES
154,2022,146,RIDGELINE,BACK OVER PREVENTION
155,2022,155,TLX,TIRES
156,2022,155,TLX,FUEL SYSTEM
157,2022,155,TLX,SERVICE BRAKES
158,2022,64,EAGLE,EQUIPMENT
159,2022,64,EAGLE,STRUCTURE
160,2022,2,ADVENTURER,SEAT BELTS
161,2022,2,ADVENTURER,LATCHES/LOCKS/LINKAGES
162,2022,110,G90,ENGINE AND ENGINE COOLING
163,2022,110,G90,FUEL SYSTEM
164,2022,77,F-450 SD,ELECTRICAL SYSTEM
165,2022,77,F-450 SD,VISIBILITY
166,2022,77,F-450 SD,EQUIPMENT
167,2022,77,F-450 SD,EQUIPMENT
168,2022,77,F-450 SD,POWER TRAIN
169,2022,77,F-450 SD,FUEL SYSTEM
170,2022,77,F-450 SD,BACK OVER PREVENTION
171,2022,77,F-450 SD,ELECTRICAL SYSTEM
172,2022,77,F-450 SD,FUEL SYSTEM
173,2022,77,F-450 SD,BACK OVER PREVENTION
174,2022,77,F-450 SD,VISIBILITY
175,2022,119,VENGEANCE,TIRES
176,2022,119,VENGEANCE,ELECTRICAL SYSTEM
177,2022,119,VENGEANCE,EQUIPMENT
178,2022,119,VENGEANCE,EQUIPMENT
179,2022,77,F-250 SD,AIR BAGS
180,2022,77,F-250 SD,AIR BAGS
181,2022,77,F-250 SD,STRUCTURE
182,2022,77,F-250 SD,ELECTRICAL SYSTEM
183,2022,77,F-250 SD,VISIBILITY
184,2022,77,F-250 SD,EQUIPMENT
185,2022,77,F-250 SD,EQUIPMENT
186,2022,77,F-250 SD,FUEL SYSTEM
187,2022,77,F-250 SD,BACK OVER PREVENTION
188,2022,77,F-250 SD,ELECTRICAL SYSTEM
189,2022,77,F-250 SD,BACK OVER PREVENTION
190,2022,77,F-250 SD,FUEL SYSTEM
191,2022,77,F-250 SD,BACK OVER PREVENTION
192,2022,77,F-250 SD,VISIBILITY
193,2022,193,CHALLENGER,EXTERIOR LIGHTING
194,2022,194,EQB 350 4MATIC,ELECTRICAL SYSTEM
195,2022,194,EQB 350 4MATIC,ELECTRICAL SYSTEM
196,2022,1,911 CARRERA,STRUCTURE
197,2022,37,ATLAS CROSS SPORT,AIR BAGS
198,2022,37,ATLAS CROSS SPORT,FUEL SYSTEM
199,2022,37,ATLAS CROSS SPORT,BACK OVER PREVENTION
200,2022,37,ATLAS CROSS SPORT,TRAILER HITCHES
201,2022,37,ATLAS CROSS SPORT,ENGINE AND ENGINE COOLING
202,2022,37,ATLAS CROSS SPORT,SUSPENSION
203,2022,37,ATLAS CROSS SPORT,AIR BAGS
204,2022,145,FLTRK,EXTERIOR LIGHTING
205,2022,146,CIVIC,STEERING
206,2022,146,CIVIC,AIR BAGS
207,2022,146,CIVIC,STEERING
208,2022,82,BOLT EUV,AIR BAGS
209,2022,82,BOLT EUV,ELECTRICAL SYSTEM
210,2022,82,BOLT EUV,ELECTRICAL SYSTEM
211,2022,82,BOLT EUV,ELECTRICAL SYSTEM
212,2022,17,EV6,PARKING BRAKE
213,2022,17,EV6,ELECTRICAL SYSTEM
214,2022,17,EV6,ELECTRICAL SYSTEM
215,2022,82,CAMARO,POWER TRAIN
216,2022,77,BRONCO,LATCHES/LOCKS/LINKAGES
217,2022,77,BRONCO,VISIBILITY
218,2022,77,BRONCO,BACK OVER PREVENTION
219,2022,77,BRONCO,AIR BAGS
220,2022,77,BRONCO,POWER TRAIN
221,2022,77,BRONCO,STEERING
222,2022,77,BRONCO,BACK OVER PREVENTION
223,2022,77,BRONCO,SEAT BELTS
224,2022,77,BRONCO,EQUIPMENT
225,2022,77,BRONCO,ENGINE AND ENGINE COOLING
226,2022,77,BRONCO,SUSPENSION
227,2022,77,BRONCO,BACK OVER PREVENTION
228,2022,77,BRONCO,BACK OVER PREVENTION
229,2022,77,BRONCO,BACK OVER PREVENTION
230,2022,77,BRONCO,FUEL SYSTEM
231,2022,77,BRONCO,EQUIPMENT
232,2022,77,BRONCO,SEATS
233,2022,9,GLADIATOR,POWER TRAIN
234,2022,9,GLADIATOR,SEAT BELTS
235,2022,9,GLADIATOR,FUEL SYSTEM
236,2022,9,GLADIATOR,POWER TRAIN
237,2022,9,GLADIATOR,FUEL SYSTEM
238,2022,9,GLADIATOR,POWER TRAIN
239,2022,9,GLADIATOR,ELECTRICAL SYSTEM
240,2022,77,MUSTANG,AIR BAGS
241,2022,77,MUSTANG,FORWARD COLLISION AVOIDANCE
242,2022,77,MUSTANG,POWER TRAIN
243,2022,77,MUSTANG,ELECTRICAL SYSTEM
244,2022,77,MUSTANG,STEERING
245,2022,77,MUSTANG,STEERING
246,2022,77,MUSTANG,BACK OVER PREVENTION
247,2022,77,MUSTANG,FUEL SYSTEM
248,2022,77,MUSTANG,ELECTRICAL SYSTEM
249,2022,146,CRF1100,FUEL SYSTEM
250,2022,146,CRF1100,ELECTRICAL SYSTEM
251,2022,145,FLTRKSE,EXTERIOR LIGHTING
252,2022,119,IBEX,EQUIPMENT
253,2022,119,IBEX,EQUIPMENT
254,2022,119,IBEX,EQUIPMENT
255,2022,82,TAHOE,SEAT BELTS
256,2022,82,TAHOE,EXTERIOR LIGHTING
257,2022,82,TAHOE,ENGINE AND ENGINE COOLING
258,2022,258,DURANGO,EQUIPMENT
259,2022,258,DURANGO,EQUIPMENT
260,2022,258,DURANGO,STRUCTURE
261,2022,261,ZINGER,EQUIPMENT
262,2022,262,OUTLANDER PHEV,STRUCTURE
263,2022,263,49X,STEERING
264,2022,263,49X,ELECTRICAL SYSTEM
265,2022,263,49X,TIRES
266,2022,263,49X,FUEL SYSTEM
267,2022,263,49X,STRUCTURE
268,2022,263,49X,VISIBILITY
269,2022,263,49X,SERVICE BRAKES
270,2022,263,49X,STRUCTURE
271,2022,263,49X,STEERING
272,2022,263,49X,SERVICE BRAKES
273,2022,263,49X,ELECTRONIC STABILITY CONTROL (ESC)
274,2022,263,49X,SUSPENSION
275,2022,263,49X,FORWARD COLLISION AVOIDANCE
276,2022,263,49X,ELECTRICAL SYSTEM
277,2022,263,49X,SUSPENSION
278,2022,82,TRAVERSE,AIR BAGS
279,2022,4,APEX,ELECTRICAL SYSTEM
280,2022,4,APEX,EQUIPMENT
281,2022,4,APEX,ELECTRICAL SYSTEM
282,2022,4,APEX,EQUIPMENT
283,2022,283,URUS,BACK OVER PREVENTION
284,2022,8,PALISADE,ELECTRICAL SYSTEM
285,2022,8,PALISADE,TRAILER HITCHES
286,2022,8,PALISADE,VISIBILITY/WIPER
287,2022,8,PALISADE,SEAT BELTS
288,2022,288,ROAD WARRIOR,TIRES
289,2022,288,ROAD WARRIOR,EQUIPMENT
290,2022,288,ROAD WARRIOR,EQUIPMENT
291,2022,31,MOMENTUM,EQUIPMENT
292,2022,31,MOMENTUM,ELECTRICAL SYSTEM
293,2022,31,MOMENTUM,STRUCTURE
294,2022,31,MOMENTUM,STRUCTURE
295,2022,31,MOMENTUM,SUSPENSION
296,2022,31,MOMENTUM,TRAILER HITCHES
297,2022,31,MOMENTUM,EQUIPMENT
298,2022,3,TELLARO,EQUIPMENT
299,2022,3,TELLARO,EQUIPMENT
300,2022,3,TELLARO,FUEL SYSTEM
301,2022,37,TIGUAN,SERVICE BRAKES
302,2022,37,TIGUAN,SUSPENSION
303,2022,37,TIGUAN,STRUCTURE
304,2022,37,TIGUAN,BACK OVER PREVENTION
305,2022,37,TIGUAN,BACK OVER PREVENTION
306,2022,306,X3,POWER TRAIN
307,2022,306,X3,FUEL SYSTEM
308,2022,306,X3,STRUCTURE
309,2022,306,X3,STRUCTURE
310,2022,306,X3,LATCHES/LOCKS/LINKAGES
311,2022,306,X3,ELECTRICAL SYSTEM
312,2022,17,K5,FUEL SYSTEM
313,2022,17,K5,LANE DEPARTURE
314,2022,17,K5,POWER TRAIN
315,2022,17,K5,AIR BAGS
316,2022,15,TACOMA,EQUIPMENT
317,2022,15,TACOMA,CHILD SEAT
318,2022,15,TACOMA,POWER TRAIN
319,2022,146,CR-V,EQUIPMENT
320,2022,146,CR-V,FUEL SYSTEM
321,2022,15,GR86,EXTERIOR LIGHTING
322,2022,322,500X,AIR BAGS
323,2022,323,ALL AMERICAN,ELECTRONIC STABILITY CONTROL (ESC)
324,2022,323,ALL AMERICAN,SEAT BELTS
325,2022,323,ALL AMERICAN,SERVICE BRAKES
326,2022,323,ALL AMERICAN,FUEL SYSTEM
327,2022,323,ALL AMERICAN,ELECTRONIC STABILITY CONTROL (ESC)
328,2022,323,ALL AMERICAN,SERVICE BRAKES
329,2022,323,ALL AMERICAN,FUEL SYSTEM
330,2022,323,ALL AMERICAN,ELECTRICAL SYSTEM
331,2022,323,ALL AMERICAN,ELECTRICAL SYSTEM
332,2022,323,ALL AMERICAN,SERVICE BRAKES
333,2022,323,ALL AMERICAN,ELECTRICAL SYSTEM
334,2022,323,ALL AMERICAN,STRUCTURE
335,2022,323,ALL AMERICAN,STRUCTURE
336,2022,323,ALL AMERICAN,SEATS
337,2022,323,ALL AMERICAN,SEATS
338,2022,323,ALL AMERICAN,STRUCTURE
339,2022,323,ALL AMERICAN,EQUIPMENT
340,2022,323,ALL AMERICAN,EQUIPMENT
341,2022,3,SEQUENCE,EQUIPMENT
342,2022,3,SEQUENCE,EQUIPMENT
343,2022,3,SEQUENCE,FUEL SYSTEM
344,2022,344,N-SERIES,ELECTRICAL SYSTEM
345,2022,344,N-SERIES,ELECTRICAL SYSTEM
346,2022,146,GL1800,ENGINE AND ENGINE COOLING
347,2022,146,GL1800,FUEL SYSTEM
348,2022,3,QUANTUM,EQUIPMENT
349,2022,3,QUANTUM,EQUIPMENT
350,2022,306,M340I,SEAT BELTS
351,2022,2,TRAVATO,ELECTRICAL SYSTEM
352,2022,2,TRAVATO,SEAT BELTS
353,2022,2,TRAVATO,STRUCTURE
354,2022,2,TRAVATO,EQUIPMENT
355,2022,2,TRAVATO,FUEL SYSTEM
356,2022,2,TRAVATO,STRUCTURE
357,2022,8,SANTA FE PLUG-IN HYBRID,ELECTRICAL SYSTEM
358,2022,8,SANTA FE PLUG-IN HYBRID,SEAT BELTS
359,2022,8,SANTA FE PLUG-IN HYBRID,FUEL SYSTEM
360,2022,8,SANTA FE PLUG-IN HYBRID,TRAILER HITCHES
361,2022,8,SANTA FE PLUG-IN HYBRID,BACK OVER PREVENTION
362,2022,77,F-550 SD,ELECTRICAL SYSTEM
363,2022,77,F-550 SD,VISIBILITY
364,2022,77,F-550 SD,EQUIPMENT
365,2022,77,F-550 SD,EQUIPMENT
366,2022,77,F-550 SD,POWER TRAIN
367,2022,77,F-550 SD,FUEL SYSTEM
368,2022,77,F-550 SD,BACK OVER PREVENTION
369,2022,77,F-550 SD,ELECTRICAL SYSTEM
370,2022,77,F-550 SD,FUEL SYSTEM
371,2022,79,OPEN RANGE LIGHT,EQUIPMENT
372,2022,79,OPEN RANGE LIGHT,STRUCTURE
373,2022,79,OPEN RANGE LIGHT,EQUIPMENT
374,2022,374,FULL HOUSE,EQUIPMENT
375,2022,375,579,ELECTRONIC STABILITY CONTROL (ESC)
376,2022,375,579,SERVICE BRAKES
377,2022,375,579,STRUCTURE
378,2022,375,579,ELECTRICAL SYSTEM
379,2022,375,579,SERVICE BRAKES
380,2022,375,579,ENGINE
381,2022,375,579,STEERING
382,2022,375,579,ELECTRICAL SYSTEM
383,2022,375,579,VISIBILITY
384,2022,375,579,ELECTRONIC STABILITY CONTROL (ESC)
385,2022,375,579,ELECTRICAL SYSTEM
386,2022,375,579,FUEL SYSTEM
387,2022,375,579,POWER TRAIN
388,2022,375,579,SERVICE BRAKES
389,2022,375,579,ELECTRICAL SYSTEM
390,2022,17,SPORTAGE,TRAILER HITCHES
391,2022,128,ESCALADE,SEAT BELTS
392,2022,128,ESCALADE,EXTERIOR LIGHTING
393,2022,128,ESCALADE,ENGINE AND ENGINE COOLING
394,2022,8,VELOSTER N,POWER TRAIN
395,2022,8,VELOSTER N,FUEL SYSTEM
396,2022,15,PRIUS PRIME,ENGINE AND ENGINE COOLING
397,2022,98,YUKON XL,SEAT BELTS
398,2022,98,YUKON XL,EXTERIOR LIGHTING
399,2022,98,YUKON XL,ENGINE AND ENGINE COOLING
400,2022,21,PHAETON,ELECTRICAL SYSTEM
401,2022,21,PHAETON,SEAT BELTS
402,2022,21,PHAETON,FUEL SYSTEM
403,2022,21,PHAETON,EQUIPMENT
404,2022,21,PHAETON,ELECTRICAL SYSTEM
405,2022,21,PHAETON,EQUIPMENT
406,2022,21,PHAETON,ELECTRICAL SYSTEM
407,2022,21,PHAETON,SEATS
408,2022,21,PHAETON,ELECTRICAL SYSTEM
409,2022,99,ARCADIA,TIRES
410,2022,99,ARCADIA,ELECTRICAL SYSTEM
411,2022,99,ARCADIA,ELECTRICAL SYSTEM
412,2022,99,ARCADIA,STRUCTURE
413,2022,8,ELANTRA HYBRID,BACK OVER PREVENTION
414,2022,82,MALIBU,STRUCTURE
415,2022,128,ESCALADE ESV,SEAT BELTS
416,2022,128,ESCALADE ESV,EXTERIOR LIGHTING
417,2022,128,ESCALADE ESV,ENGINE AND ENGINE COOLING
418,2022,82,SUBURBAN,SEAT BELTS
419,2022,82,SUBURBAN,EXTERIOR LIGHTING
420,2022,82,SUBURBAN,ENGINE AND ENGINE COOLING
421,2022,421,LEVANTE,FUEL SYSTEM
422,2022,421,LEVANTE,BACK OVER PREVENTION
423,2022,423,VITPILEN 401,VEHICLE SPEED CONTROL
424,2022,44,NEW AIRE,FUEL SYSTEM
425,2022,44,NEW AIRE,FUEL SYSTEM
426,2022,44,NEW AIRE,STEERING
427,2022,44,NEW AIRE,SEATS
428,2022,44,NEW AIRE,EQUIPMENT
429,2022,429,MODEL 3,ELECTRICAL SYSTEM
430,2022,429,MODEL 3,ELECTRICAL SYSTEM
431,2022,429,MODEL 3,ELECTRICAL SYSTEM
432,2022,429,MODEL 3,ELECTRICAL SYSTEM
433,2022,429,MODEL 3,ELECTRICAL SYSTEM
434,2022,429,MODEL 3,ELECTRICAL SYSTEM
435,2022,429,MODEL 3,BACK OVER PREVENTION
436,2022,429,MODEL 3,VISIBILITY
437,2022,429,MODEL 3,SEAT BELTS
438,2022,429,MODEL 3,STEERING
439,2022,429,MODEL 3,ELECTRICAL SYSTEM
440,2022,429,MODEL 3,ELECTRICAL SYSTEM
441,2022,429,MODEL 3,FORWARD COLLISION AVOIDANCE
442,2022,429,MODEL 3,SEAT BELTS
443,2022,429,MODEL 3,LATCHES/LOCKS/LINKAGES
444,2022,429,MODEL 3,TIRES
445,2022,145,RH1250S,STEERING
446,2022,82,SILVERADO 2500,SERVICE BRAKES
447,2022,82,SILVERADO 2500,LATCHES/LOCKS/LINKAGES
448,2022,82,SILVERADO 2500,POWER TRAIN
449,2022,119,R-POD,EQUIPMENT
450,2022,119,R-POD,EQUIPMENT
451,2022,119,R-POD,EQUIPMENT
452,2022,452,OUTBACK,ENGINE AND ENGINE COOLING
453,2022,452,OUTBACK,VISIBILITY
454,2022,452,OUTBACK,POWER TRAIN
455,2022,452,OUTBACK,AIR BAGS
456,2022,128,CT4,AIR BAGS
457,2022,128,CT4,EXTERIOR LIGHTING
458,2022,37,ID.4,BACK OVER PREVENTION
459,2022,37,ID.4,BACK OVER PREVENTION
460,2022,37,ID.4,STRUCTURE
461,2022,37,ID.4,BACK OVER PREVENTION
462,2022,37,ID.4,BACK OVER PREVENTION
463,2022,37,ID.4,STRUCTURE
464,2022,37,ID.4,POWER TRAIN
465,2022,423,SVARTPILEN 401,VEHICLE SPEED CONTROL
466,2022,77,F-750,FUEL SYSTEM
467,2022,467,390 ADVENTURE,VEHICLE SPEED CONTROL
468,2022,3,SANCTUARY,EQUIPMENT
469,2022,3,SANCTUARY,EQUIPMENT
470,2022,470,STRYKER,EQUIPMENT
471,2022,470,STRYKER,EQUIPMENT
472,2022,145,FLTRX,EXTERIOR LIGHTING
473,2022,1,911 CARRERA 4 GTS,AIR BAGS
474,2022,4,MIRADA,EQUIPMENT
475,2022,145,FXLRST,SUSPENSION
476,2022,145,FXLRST,SERVICE BRAKES
477,2022,145,FXLRST,SUSPENSION
478,2022,9,WRANGLER,EXTERIOR LIGHTING
479,2022,9,WRANGLER,ELECTRICAL SYSTEM
480,2022,9,WRANGLER,FUEL SYSTEM
481,2022,9,WRANGLER,ENGINE
482,2022,9,WRANGLER,POWER TRAIN
483,2022,9,WRANGLER,STRUCTURE
484,2022,9,WRANGLER,FUEL SYSTEM
485,2022,9,WRANGLER,ELECTRICAL SYSTEM
486,2022,9,WRANGLER,POWER TRAIN
487,2022,9,WRANGLER,ELECTRICAL SYSTEM
488,2022,9,WRANGLER,VISIBILITY
489,2022,9,WRANGLER,ELECTRICAL SYSTEM
490,2022,9,WRANGLER,BACK OVER PREVENTION
491,2022,9,WRANGLER,ELECTRICAL SYSTEM
492,2022,155,MDX TYPE S,FUEL SYSTEM
493,2022,493,MANTIS,EQUIPMENT
494,2022,193,SUPER CHIEF,FUEL SYSTEM
495,2022,193,SUPER CHIEF,STRUCTURE
496,2022,3,OMNI,EQUIPMENT
497,2022,99,FUZION,ELECTRICAL SYSTEM
498,2022,99,FUZION,ELECTRICAL SYSTEM
499,2022,99,FUZION,EQUIPMENT
500,2022,99,FUZION,FUEL SYSTEM
501,2022,99,FUZION,EQUIPMENT
502,2022,13,QX50,LATCHES/LOCKS/LINKAGES
503,2022,13,QX50,ENGINE AND ENGINE COOLING
504,2022,1,911 TURBO S,AIR BAGS
505,2022,505,GRANITE (GR),WHEELS
506,2022,505,GRANITE (GR),ELECTRONIC STABILITY CONTROL (ESC)
507,2022,505,GRANITE (GR),SERVICE BRAKES
508,2022,505,GRANITE (GR),STEERING
509,2022,505,GRANITE (GR),EXTERIOR LIGHTING
510,2022,505,GRANITE (GR),SERVICE BRAKES
511,2022,505,GRANITE (GR),TIRES
512,2022,505,GRANITE (GR),SERVICE BRAKES
513,2022,505,GRANITE (GR),SEAT BELTS
514,2022,119,PUMA,EQUIPMENT
515,2022,119,PUMA,EQUIPMENT
516,2022,119,PUMA,EQUIPMENT
517,2022,119,PUMA,EQUIPMENT
518,2022,306,X1,FUEL SYSTEM
519,2022,306,X1,AIR BAGS
520,2022,520,SPRINTER,ELECTRICAL SYSTEM
521,2022,521,CE SBUS,STRUCTURE
522,2022,119,RIVERSTONE,SERVICE BRAKES
523,2022,155,RDX,AIR BAGS
524,2022,21,ALLEGRO RED,SEAT BELTS
525,2022,21,ALLEGRO RED,STRUCTURE
526,2022,21,ALLEGRO RED,EQUIPMENT
527,2022,4,VIKING,EQUIPMENT
528,2022,4,VIKING,EQUIPMENT
529,2022,110,GV70,SEAT BELTS
530,2022,110,GV70,SEAT BELTS
531,2022,110,GV70,FUEL SYSTEM
532,2022,110,GV70,FUEL SYSTEM
533,2022,77,F-600 SD,EQUIPMENT
534,2022,77,F-600 SD,POWER TRAIN
535,2022,77,F-600 SD,FUEL SYSTEM
536,2022,77,F-600 SD,BACK OVER PREVENTION
537,2022,4,CLIPPER,EQUIPMENT
538,2022,4,CLIPPER,EQUIPMENT
539,2022,375,567,ELECTRONIC STABILITY CONTROL (ESC)
540,2022,375,567,SERVICE BRAKES
541,2022,375,567,ELECTRICAL SYSTEM
542,2022,375,567,SERVICE BRAKES
543,2022,375,567,ENGINE
544,2022,375,567,STEERING
545,2022,375,567,ELECTRICAL SYSTEM
546,2022,375,567,FUEL SYSTEM
547,2022,375,567,POWER TRAIN
548,2022,375,567,SERVICE BRAKES
549,2022,119,CHEROKEE,EQUIPMENT
550,2022,119,CHEROKEE,TIRES
551,2022,119,CHEROKEE,ELECTRICAL SYSTEM
552,2022,119,CHEROKEE,EQUIPMENT
553,2022,119,CHEROKEE,EQUIPMENT
554,2022,119,CHEROKEE,EQUIPMENT
555,2022,119,WILDWOOD,EQUIPMENT
556,2022,119,WILDWOOD,EQUIPMENT
557,2022,119,WILDWOOD,EQUIPMENT
558,2022,119,WILDWOOD,EQUIPMENT
559,2022,119,WILDWOOD,STRUCTURE
560,2022,119,WILDWOOD,EQUIPMENT
561,2022,119,WILDWOOD,ELECTRICAL SYSTEM
562,2022,562,SENTRA,STRUCTURE
563,2022,562,SENTRA,STEERING
564,2022,15,TUNDRA HYBRID,POWER TRAIN
565,2022,15,TUNDRA HYBRID,ELECTRICAL SYSTEM
566,2022,15,TUNDRA HYBRID,ELECTRICAL SYSTEM
567,2022,15,TUNDRA HYBRID,STRUCTURE
568,2022,15,TUNDRA HYBRID,FUEL SYSTEM
569,2022,15,TUNDRA HYBRID,POWER TRAIN
570,2022,15,TUNDRA HYBRID,EXTERIOR LIGHTING
571,2022,15,TUNDRA HYBRID,BACK OVER PREVENTION
572,2022,119,FORESTER,EQUIPMENT
573,2022,119,FORESTER,FUEL SYSTEM
574,2022,119,FORESTER,PARKING BRAKE
575,2022,575,TANDARA,EQUIPMENT
576,2022,575,TANDARA,EQUIPMENT
577,2022,82,BOLT EV,AIR BAGS
578,2022,82,BOLT EV,ELECTRICAL SYSTEM
579,2022,82,BOLT EV,STRUCTURE
580,2022,82,BOLT EV,AIR BAGS
581,2022,82,BOLT EV,STRUCTURE
582,2022,82,BOLT EV,ELECTRICAL SYSTEM
583,2022,82,BOLT EV,ELECTRICAL SYSTEM
584,2022,584,DISCOVERY SPORT,SEAT BELTS
585,2022,8,TUCSON,ELECTRICAL SYSTEM
586,2022,8,TUCSON,STRUCTURE
587,2022,99,PASSPORT,ELECTRICAL SYSTEM
588,2022,99,PASSPORT,TRAILER HITCHES
589,2022,99,PASSPORT,ELECTRICAL SYSTEM
590,2022,99,PASSPORT,SUSPENSION
591,2022,99,PASSPORT,EQUIPMENT
592,2022,16,ENCLAVE,AIR BAGS
593,2022,77,E-350,STEERING
594,2022,77,E-350,FUEL SYSTEM
595,2022,77,E-350,STEERING
596,2022,596,SPYDER RT,EXTERIOR LIGHTING
597,2022,17,SOUL,ENGINE AND ENGINE COOLING
598,2022,306,S 1000 RR,POWER TRAIN
599,2022,599,VOYAGER,VISIBILITY
600,2022,599,VOYAGER,BACK OVER PREVENTION
601,2022,599,VOYAGER,AIR BAGS
602,2022,452,IMPREZA,VISIBILITY
603,2022,8,KONA N,POWER TRAIN
604,2022,8,KONA N,FUEL SYSTEM
605,2022,15,COROLLA CROSS,ELECTRICAL SYSTEM
606,2022,15,COROLLA CROSS,AIR BAGS
607,2022,2,REVEL,STRUCTURE
608,2022,2,REVEL,ELECTRICAL SYSTEM
609,2022,2,REVEL,ELECTRICAL SYSTEM
610,2022,193,SCOUT BOBBER SIXTY,FUEL SYSTEM
611,2022,119,SOLERA,EQUIPMENT
612,2022,146,ODYSSEY,TIRES
613,2022,146,ODYSSEY,SEATS
614,2022,146,ODYSSEY,VISIBILITY
615,2022,146,ODYSSEY,BACK OVER PREVENTION
616,2022,146,ODYSSEY,AIR BAGS
617,2022,146,ODYSSEY,FUEL SYSTEM
618,2022,618,FRONTIER,SUSPENSION
619,2022,452,ASCENT,ELECTRICAL SYSTEM
620,2022,620,AIR,SUSPENSION
621,2022,620,AIR,ELECTRICAL SYSTEM
622,2022,620,AIR,STRUCTURE
623,2022,620,AIR,ELECTRICAL SYSTEM
624,2022,620,AIR,BACK OVER PREVENTION
625,2022,620,AIR,VISIBILITY/WIPER
626,2022,620,AIR,ELECTRICAL SYSTEM
627,2022,620,AIR,SEATS
628,2022,620,AIR,VISIBILITY
629,2022,620,AIR,FORWARD COLLISION AVOIDANCE
630,2022,620,AIR,VISIBILITY
631,2022,620,AIR,ELECTRICAL SYSTEM
632,2022,620,AIR,BACK OVER PREVENTION
633,2022,8,ELANTRA N,AIR BAGS
634,2022,8,ELANTRA N,POWER TRAIN
635,2022,8,ELANTRA N,FUEL SYSTEM
636,2022,8,ELANTRA N,BACK OVER PREVENTION
637,2022,3,FREEDOM TRAVELER,STRUCTURE
638,2022,15,CAMRY,AIR BAGS
639,2022,639,NIU MQIGT EVO,STEERING
640,2022,639,NIU MQIGT EVO,ELECTRICAL SYSTEM
641,2022,99,ALPINE,STRUCTURE
642,2022,99,ALPINE,ELECTRICAL SYSTEM
643,2022,99,ALPINE,ELECTRICAL SYSTEM
644,2022,99,ALPINE,EQUIPMENT
645,2022,82,CORVETTE,POWER TRAIN
646,2022,1,TAYCAN,POWER TRAIN
647,2022,1,TAYCAN,ELECTRICAL SYSTEM
648,2022,1,TAYCAN,SERVICE BRAKES
649,2022,1,TAYCAN,ELECTRICAL SYSTEM
650,2022,1,TAYCAN,ELECTRICAL SYSTEM
651,2022,1,TAYCAN,ELECTRICAL SYSTEM
652,2022,1,TAYCAN,ELECTRICAL SYSTEM
653,2022,1,TAYCAN,SERVICE BRAKES
654,2022,1,TAYCAN,ELECTRICAL SYSTEM
655,2022,1,TAYCAN,ELECTRICAL SYSTEM
656,2022,1,TAYCAN,AIR BAGS
657,2022,64,JAY FLIGHT,EQUIPMENT
658,2022,64,JAY FLIGHT,STRUCTURE
659,2022,64,JAY FLIGHT,EQUIPMENT
660,2022,660,BEACON,STRUCTURE
661,2022,660,BEACON,EQUIPMENT
662,2022,194,EQB 300 4MATIC,ELECTRICAL SYSTEM
663,2022,194,EQB 300 4MATIC,ELECTRICAL SYSTEM
664,2022,8,SONATA,FUEL SYSTEM
665,2022,8,SONATA,POWER TRAIN
666,2022,15,HIGHLANDER HYBRID,ELECTRONIC STABILITY CONTROL (ESC)
667,2022,15,HIGHLANDER HYBRID,EQUIPMENT
668,2022,15,HIGHLANDER HYBRID,STRUCTURE
669,2022,669,LT,ELECTRICAL SYSTEM
670,2022,669,LT,STEERING
671,2022,669,LT,ENGINE AND ENGINE COOLING
672,2022,669,LT,SERVICE BRAKES
673,2022,669,LT,EXTERIOR LIGHTING
674,2022,669,LT,ELECTRICAL SYSTEM
675,2022,77,EXPLORER,FUEL SYSTEM
676,2022,77,EXPLORER,STRUCTURE
677,2022,77,EXPLORER,FUEL SYSTEM
678,2022,77,EXPLORER,BACK OVER PREVENTION
679,2022,77,EXPLORER,POWER TRAIN
680,2022,77,EXPLORER,POWER TRAIN
681,2022,77,EXPLORER,POWER TRAIN
682,2022,77,EXPLORER,BACK OVER PREVENTION
683,2022,77,EXPLORER,BACK OVER PREVENTION
684,2022,77,EXPLORER,ELECTRICAL SYSTEM
685,2022,77,EXPLORER,POWER TRAIN
686,2022,77,EXPLORER,ENGINE
687,2022,77,EXPLORER,ENGINE AND ENGINE COOLING
688,2022,77,EXPLORER,EQUIPMENT
689,2022,77,EXPLORER,BACK OVER PREVENTION
690,2022,77,EXPLORER,POWER TRAIN
691,2022,77,EXPLORER,SEATS
692,2022,77,EXPLORER,BACK OVER PREVENTION
693,2022,77,EXPLORER,FUEL SYSTEM
694,2022,77,EXPLORER,EQUIPMENT
695,2022,669,CV,SERVICE BRAKES
696,2022,669,CV,SUSPENSION
697,2022,669,CV,PARKING BRAKE
698,2022,669,CV,PARKING BRAKE
699,2022,699,PLATINUM,STRUCTURE
700,2022,699,PLATINUM,EQUIPMENT
701,2022,452,WRX,EQUIPMENT
702,2022,44,BAY STAR,SEATS
703,2022,44,BAY STAR,EQUIPMENT
704,2022,44,BAY STAR,LATCHES/LOCKS/LINKAGES
705,2022,44,BAY STAR,SEAT BELTS
706,2022,44,BAY STAR,EQUIPMENT
707,2022,707,XCELSIOR,STRUCTURE
708,2022,562,FRONTIER,SEAT BELTS
709,2022,562,FRONTIER,TRAILER HITCHES
710,2022,562,FRONTIER,POWER TRAIN
711,2022,562,FRONTIER,BACK OVER PREVENTION
712,2022,562,FRONTIER,POWER TRAIN
713,2022,562,FRONTIER,BACK OVER PREVENTION
714,2022,1,911 CARRERA GTS,AIR BAGS
715,2022,92,DURANGO,SERVICE BRAKES
716,2022,92,DURANGO,STEERING
717,2022,92,DURANGO,POWER TRAIN
718,2022,92,DURANGO,STRUCTURE
719,2022,92,DURANGO,ELECTRONIC STABILITY CONTROL (ESC)
720,2022,92,DURANGO,BACK OVER PREVENTION
721,2022,721,BOAT TRAILER,WHEELS
722,2022,3,DELANO,EQUIPMENT
723,2022,146,CR-V HYBRID,SEAT BELTS
724,2022,146,CR-V HYBRID,POWER TRAIN
725,2022,146,CR-V HYBRID,ELECTRICAL SYSTEM
726,2022,82,COLORADO,SEATS
727,2022,2,SOLIS,SEAT BELTS
728,2022,2,SOLIS,EQUIPMENT
729,2022,2,SOLIS,FUEL SYSTEM
730,2022,288,TRAIL RUNNER,ELECTRICAL SYSTEM
731,2022,288,TRAIL RUNNER,EQUIPMENT
732,2022,288,TRAIL RUNNER,EQUIPMENT
733,2022,82,EQUINOX,TIRES
734,2022,82,EQUINOX,SEATS
735,2022,82,EQUINOX,SEATS
736,2022,82,EQUINOX,FUEL SYSTEM
737,2022,82,EQUINOX,CHILD SEAT
738,2022,110,G80,SEAT BELTS
739,2022,110,G80,FUEL SYSTEM
740,2022,110,G80,FUEL SYSTEM
741,2022,193,FTR 1200 S,EXTERIOR LIGHTING
742,2022,193,FTR 1200 S,FUEL SYSTEM
743,2022,64,WHITE HAWK,ELECTRICAL SYSTEM
744,2022,64,WHITE HAWK,EQUIPMENT
745,2022,17,NIRO PHEV,POWER TRAIN
746,2022,746,COOPER SE,ELECTRICAL SYSTEM
747,2022,746,COOPER SE,ELECTRICAL SYSTEM
748,2022,146,INSIGHT,SEAT BELTS
749,2022,146,INSIGHT,FUEL SYSTEM
750,2022,660,VILANO,EQUIPMENT
751,2022,660,VILANO,EQUIPMENT
752,2022,618,SOUTHWIND,SUSPENSION
753,2022,618,SOUTHWIND,EQUIPMENT
754,2022,618,SOUTHWIND,EQUIPMENT
755,2022,618,SOUTHWIND,TRAILER HITCHES
756,2022,618,SOUTHWIND,ENGINE AND ENGINE COOLING
757,2022,3,PALAZZO,EQUIPMENT
758,2022,99,HIDEOUT,ELECTRICAL SYSTEM
759,2022,99,HIDEOUT,EQUIPMENT
760,2022,77,F-53,STEERING
761,2022,77,F-53,SERVICE BRAKES
762,2022,155,MDX,AIR BAGS
763,2022,16,ENCORE GX,EQUIPMENT
764,2022,98,SIERRA 2500,SERVICE BRAKES
765,2022,98,SIERRA 2500,LATCHES/LOCKS/LINKAGES
766,2022,98,SIERRA 2500,POWER TRAIN
767,2022,562,ROGUE,FUEL SYSTEM
768,2022,562,ROGUE,BACK OVER PREVENTION
769,2022,562,ROGUE,FUEL SYSTEM
770,2022,562,ROGUE,SEAT BELTS
771,2022,562,ROGUE,BACK OVER PREVENTION
772,2022,562,ROGUE,ENGINE AND ENGINE COOLING
773,2022,306,I4,ELECTRICAL SYSTEM
774,2022,306,I4,ELECTRICAL SYSTEM
775,2022,306,I4,ELECTRICAL SYSTEM
776,2022,306,I4,BACK OVER PREVENTION
777,2022,306,I4,ELECTRICAL SYSTEM
778,2022,306,I4,ELECTRICAL SYSTEM
779,2022,306,I4,ELECTRICAL SYSTEM
780,2022,306,I4,ELECTRICAL SYSTEM
781,2022,781,VALENCIA,EQUIPMENT
782,2022,782,LITTLE GUY MAX,SUSPENSION
783,2022,783,K2,SUSPENSION
784,2022,783,K2,ELECTRICAL SYSTEM
785,2022,783,K2,FUEL SYSTEM
786,2022,783,K2,FUEL SYSTEM
787,2022,783,K2,STEERING
788,2022,783,K2,STEERING
789,2022,783,K2,SERVICE BRAKES
790,2022,783,K2,ELECTRICAL SYSTEM
791,2022,783,K2,FUEL SYSTEM
792,2022,146,PASSPORT,VISIBILITY
793,2022,146,PASSPORT,BACK OVER PREVENTION
794,2022,146,PASSPORT,SERVICE BRAKES
795,2022,15,CAMRY HYBRID,AIR BAGS
796,2022,521,CESB,ENGINE AND ENGINE COOLING
797,2022,521,CESB,STEERING
798,2022,521,CESB,STEERING
799,2022,521,CESB,STRUCTURE
800,2022,521,CESB,SERVICE BRAKES
801,2022,521,CESB,SERVICE BRAKES
802,2022,521,CESB,STRUCTURE
803,2022,521,CESB,SERVICE BRAKES
804,2022,521,CESB,STRUCTURE
805,2022,15,MIRAI,ELECTRONIC STABILITY CONTROL (ESC)
806,2022,119,EAST TO WEST ALTA,EQUIPMENT
807,2022,429,MODEL S,ELECTRICAL SYSTEM
808,2022,429,MODEL S,ELECTRICAL SYSTEM
809,2022,429,MODEL S,ELECTRICAL SYSTEM
810,2022,429,MODEL S,ELECTRICAL SYSTEM
811,2022,429,MODEL S,AIR BAGS
812,2022,429,MODEL S,ELECTRICAL SYSTEM
813,2022,429,MODEL S,BACK OVER PREVENTION
814,2022,429,MODEL S,AIR BAGS
815,2022,429,MODEL S,VISIBILITY
816,2022,429,MODEL S,STEERING
817,2022,429,MODEL S,SEAT BELTS
818,2022,429,MODEL S,STEERING
819,2022,429,MODEL S,ELECTRICAL SYSTEM
820,2022,429,MODEL S,LATCHES/LOCKS/LINKAGES
821,2022,429,MODEL S,ELECTRICAL SYSTEM
822,2022,429,MODEL S,SEAT BELTS
823,2022,429,MODEL S,LATCHES/LOCKS/LINKAGES
824,2022,429,MODEL S,AIR BAGS
825,2022,429,MODEL S,AIR BAGS
826,2022,15,HIGHLANDER,EQUIPMENT
827,2022,15,HIGHLANDER,STRUCTURE
828,2022,15,HIGHLANDER,TIRES
829,2022,15,HIGHLANDER,TIRES
830,2022,429,MODEL X,ELECTRICAL SYSTEM
831,2022,429,MODEL X,ELECTRICAL SYSTEM
832,2022,429,MODEL X,ELECTRICAL SYSTEM
833,2022,429,MODEL X,ELECTRICAL SYSTEM
834,2022,429,MODEL X,AIR BAGS
835,2022,429,MODEL X,ELECTRICAL SYSTEM
836,2022,429,MODEL X,STRUCTURE
837,2022,429,MODEL X,BACK OVER PREVENTION
838,2022,429,MODEL X,VISIBILITY
839,2022,429,MODEL X,AIR BAGS
840,2022,429,MODEL X,STEERING
841,2022,429,MODEL X,SEAT BELTS
842,2022,429,MODEL X,ELECTRICAL SYSTEM
843,2022,429,MODEL X,STEERING
844,2022,429,MODEL X,ELECTRICAL SYSTEM
845,2022,429,MODEL X,LATCHES/LOCKS/LINKAGES
846,2022,429,MODEL X,ELECTRICAL SYSTEM
847,2022,429,MODEL X,SEAT BELTS
848,2022,429,MODEL X,LATCHES/LOCKS/LINKAGES
849,2022,429,MODEL X,AIR BAGS
850,2022,429,MODEL X,AIR BAGS
851,2022,575,DELLA TERRA,EQUIPMENT
852,2022,575,DELLA TERRA,EQUIPMENT
853,2022,575,DELLA TERRA,EQUIPMENT
854,2022,575,DELLA TERRA,EQUIPMENT
855,2022,575,DELLA TERRA,STRUCTURE
856,2022,17,RIO,STEERING
857,2022,857,CWT272RLS,EQUIPMENT
858,2022,858,4500,ELECTRICAL SYSTEM
859,2022,858,4500,ENGINE AND ENGINE COOLING
860,2022,858,4500,ELECTRICAL SYSTEM
861,2022,858,4500,AIR BAGS
862,2022,306,R 18,EXTERIOR LIGHTING
863,2022,306,R 18,POWER TRAIN
864,2022,288,NORTH TRAIL,EQUIPMENT
865,2022,288,NORTH TRAIL,EQUIPMENT
866,2022,288,NORTH TRAIL,EQUIPMENT
867,2022,867,GSX1300R,SERVICE BRAKES
868,2022,306,X4,EXTERIOR LIGHTING
869,2022,306,X4,EQUIPMENT
870,2022,306,X4,POWER TRAIN
871,2022,306,X4,ELECTRICAL SYSTEM
872,2022,193,CHIEF,FUEL SYSTEM
873,2022,193,CHIEF,STRUCTURE
874,2022,306,X6,VISIBILITY
875,2022,9,GRAND CHEROKEE L,AIR BAGS
876,2022,9,GRAND CHEROKEE L,EQUIPMENT
877,2022,119,SUNSEEKER,EQUIPMENT
878,2022,119,SUNSEEKER,FUEL SYSTEM
879,2022,119,SUNSEEKER,PARKING BRAKE
880,2022,15,RAV4,AIR BAGS
881,2022,44,CANYON STAR,SEATS
882,2022,44,CANYON STAR,EQUIPMENT
883,2022,119,COLUMBUS,EQUIPMENT
884,2022,119,COLUMBUS,STRUCTURE
885,2022,2,EKKO,EQUIPMENT
886,2022,2,EKKO,SEAT BELTS
887,2022,2,EKKO,EQUIPMENT
888,2022,2,EKKO,EQUIPMENT
889,2022,2,EKKO,ELECTRICAL SYSTEM
890,2022,2,EKKO,FUEL SYSTEM
891,2022,2,EKKO,EQUIPMENT
892,2022,2,EKKO,LANE DEPARTURE
893,2022,2,EKKO,EQUIPMENT
894,2022,82,SILVERADO 1500,EXTERIOR LIGHTING
895,2022,82,SILVERADO 1500,AIR BAGS
896,2022,82,SILVERADO 1500,EXTERIOR LIGHTING
897,2022,82,SILVERADO 1500,POWER TRAIN
898,2022,82,SILVERADO 1500,ENGINE AND ENGINE COOLING
899,2022,119,SALEM,EQUIPMENT
900,2022,119,SALEM,EQUIPMENT
901,2022,119,SALEM,EQUIPMENT
902,2022,119,SALEM,EQUIPMENT
903,2022,119,SALEM,STRUCTURE
904,2022,119,SALEM,EQUIPMENT
905,2022,119,SALEM,ELECTRICAL SYSTEM
906,2022,2,ERA,STRUCTURE
907,2022,2,ERA,STRUCTURE
908,2022,908,VISION,ELECTRICAL SYSTEM
909,2022,908,VISION,SUSPENSION
910,2022,908,ACCOLADE,STEERING
911,2022,908,ACCOLADE,STEERING
912,2022,908,ACCOLADE,TIRES
913,2022,908,ACCOLADE,EQUIPMENT
914,2022,908,ACCOLADE,VISIBILITY
915,2022,98,YUKON,SEAT BELTS
916,2022,98,YUKON,EXTERIOR LIGHTING
917,2022,98,YUKON,ENGINE AND ENGINE COOLING
918,2022,98,YUKON,FUEL SYSTEM
919,2022,64,REDHAWK SE,EQUIPMENT
920,2022,3,SCOPE,EQUIPMENT
921,2022,3,SCOPE,EQUIPMENT
922,2022,3,SCOPE,EQUIPMENT
923,2022,3,SCOPE,EQUIPMENT
924,2022,3,SCOPE,FUEL SYSTEM
925,2022,3,SCOPE,EQUIPMENT
926,2022,3,WINDSPORT,STRUCTURE
927,2022,64,NORTH POINT,STRUCTURE
928,2022,64,NORTH POINT,TIRES
929,2022,64,NORTH POINT,EQUIPMENT
930,2022,4,GALLERIA,EQUIPMENT
931,2022,4,GALLERIA,EQUIPMENT
932,2022,4,GALLERIA,EQUIPMENT
933,2022,4,GALLERIA,FUEL SYSTEM
934,2022,4,GALLERIA,ELECTRICAL SYSTEM
935,2022,4,GALLERIA,STRUCTURE
936,2022,119,SHOCKWAVE,EQUIPMENT
937,2022,119,SHOCKWAVE,EQUIPMENT
938,2022,119,SHOCKWAVE,EQUIPMENT
939,2022,13,QX60,SEATS
940,2022,13,QX60,EXTERIOR LIGHTING
941,2022,92,CHALLENGER,TIRES
942,2022,92,CHALLENGER,TIRES
943,2022,8,SANTA CRUZ,ENGINE AND ENGINE COOLING
944,2022,8,SANTA CRUZ,POWER TRAIN
945,2022,8,SANTA CRUZ,STRUCTURE
946,2022,8,SANTA CRUZ,TRAILER HITCHES
947,2022,9,WAGONEER,SEATS
948,2022,9,WAGONEER,AIR BAGS
949,2022,9,WAGONEER,BACK OVER PREVENTION
950,2022,9,WAGONEER,STRUCTURE
951,2022,9,WAGONEER,BACK OVER PREVENTION
952,2022,9,WAGONEER,SEAT BELTS
953,2022,9,WAGONEER,BACK OVER PREVENTION
954,2022,9,WAGONEER,STRUCTURE
955,2022,9,WAGONEER,STRUCTURE
956,2022,858,3500,ELECTRICAL SYSTEM
957,2022,858,3500,AIR BAGS
958,2022,858,3500,SERVICE BRAKES
959,2022,858,3500,BACK OVER PREVENTION
960,2022,858,3500,ENGINE AND ENGINE COOLING
961,2022,858,3500,POWER TRAIN
962,2022,858,3500,STRUCTURE
963,2022,858,3500,ELECTRICAL SYSTEM
964,2022,858,3500,BACK OVER PREVENTION
965,2022,858,3500,ELECTRONIC STABILITY CONTROL (ESC)
966,2022,858,3500,BACK OVER PREVENTION
967,2022,858,3500,AIR BAGS
968,2022,31,TRANSCEND,ELECTRICAL SYSTEM
969,2022,31,TRANSCEND,EQUIPMENT
970,2022,31,TRANSCEND,STRUCTURE
971,2022,31,TRANSCEND,EQUIPMENT
972,2022,262,OUTLANDER SPORT,POWER TRAIN
973,2022,618,FLAIR,SUSPENSION
974,2022,618,FLAIR,EQUIPMENT
975,2022,618,FLAIR,STRUCTURE
976,2022,618,FLAIR,EQUIPMENT
977,2022,618,FLAIR,ENGINE AND ENGINE COOLING
978,2022,8,IONIQ 5,PARKING BRAKE
979,2022,8,IONIQ 5,ELECTRICAL SYSTEM
980,2022,8,IONIQ 5,ELECTRICAL SYSTEM
981,2022,8,ELANTRA,SEAT BELTS
982,2022,8,ELANTRA,SEAT BELTS
983,2022,8,ELANTRA,SEAT BELTS
984,2022,8,ELANTRA,AIR BAGS
985,2022,8,ELANTRA,BACK OVER PREVENTION
986,2022,8,NEXO,FUEL SYSTEM
987,2022,467,890 ADVENTURE R,TIRES
988,2022,618,BOUNDER,SUSPENSION
989,2022,618,BOUNDER,EQUIPMENT
990,2022,618,BOUNDER,EQUIPMENT
991,2022,618,BOUNDER,TRAILER HITCHES
992,2022,618,BOUNDER,ENGINE AND ENGINE COOLING
993,2022,82,BLAZER,SEATS
994,2022,145,FLTRXS,EXTERIOR LIGHTING
995,2022,64,JAY FEATHER,EQUIPMENT
996,2022,193,FTR1200,ENGINE
997,2022,193,FTR1200,EXTERIOR LIGHTING
998,2022,193,FTR1200,FUEL SYSTEM
999,2022,128,XT5,SUSPENSION
1000,2022,128,XT5,FUEL SYSTEM
1001,2022,128,XT5,POWER TRAIN
1002,2022,15,SIENNA,SEAT BELTS
1003,2022,15,SIENNA,ELECTRONIC STABILITY CONTROL (ESC)
1004,2022,599,300,TIRES
1005,2022,599,300,TIRES
1006,2022,128,XT6,SERVICE BRAKES
1007,2022,128,XT6,SUSPENSION
1008,2022,128,XT6,FUEL SYSTEM
1009,2022,1009,BASECAMP,EQUIPMENT
1010,2022,1009,BASECAMP,VISIBILITY
1011,2022,1009,BASECAMP,EQUIPMENT
1012,2022,1009,BASECAMP,ELECTRICAL SYSTEM
1013,2022,1009,BASECAMP,STRUCTURE
1014,2022,1014,M2,VISIBILITY
1015,2022,14,NAVIGATOR,ELECTRICAL SYSTEM
1016,2022,14,NAVIGATOR,EXTERIOR LIGHTING
1017,2022,14,NAVIGATOR,EQUIPMENT
1018,2022,14,NAVIGATOR,EQUIPMENT
1019,2022,14,NAVIGATOR,ELECTRICAL SYSTEM
1020,2022,14,NAVIGATOR,SERVICE BRAKES
1021,2022,14,NAVIGATOR,BACK OVER PREVENTION
1022,2022,14,NAVIGATOR,EXTERIOR LIGHTING
1023,2022,14,NAVIGATOR,FUEL SYSTEM
1024,2022,14,NAVIGATOR,VISIBILITY
1025,2022,77,F-350 SD,AIR BAGS
1026,2022,77,F-350 SD,AIR BAGS
1027,2022,77,F-350 SD,STRUCTURE
1028,2022,77,F-350 SD,ELECTRICAL SYSTEM
1029,2022,77,F-350 SD,VISIBILITY
1030,2022,77,F-350 SD,EQUIPMENT
1031,2022,77,F-350 SD,EQUIPMENT
1032,2022,77,F-350 SD,POWER TRAIN
1033,2022,77,F-350 SD,FUEL SYSTEM
1034,2022,77,F-350 SD,BACK OVER PREVENTION
1035,2022,77,F-350 SD,ELECTRICAL SYSTEM
1036,2022,77,F-350 SD,FUEL SYSTEM
1037,2022,77,F-350 SD,BACK OVER PREVENTION
1038,2022,77,F-350 SD,VISIBILITY
1039,2022,48,XCM,TIRES
1040,2022,48,XCM,ELECTRICAL SYSTEM
1041,2022,48,XCM,FUEL SYSTEM
1042,2022,306,R 1250 RT,POWER TRAIN
1043,2022,193,CHIEF DARK HORSE,FUEL SYSTEM
1044,2022,193,CHIEF DARK HORSE,STRUCTURE
1045,2022,193,CHIEF DARK HORSE,VISIBILITY
1046,2022,14,AVIATOR,FUEL SYSTEM
1047,2022,14,AVIATOR,SEATS
1048,2022,14,AVIATOR,STRUCTURE
1049,2022,14,AVIATOR,SEAT BELTS
1050,2022,14,AVIATOR,BACK OVER PREVENTION
1051,2022,14,AVIATOR,BACK OVER PREVENTION
1052,2022,14,AVIATOR,BACK OVER PREVENTION
1053,2022,14,AVIATOR,ELECTRICAL SYSTEM
1054,2022,14,AVIATOR,BACK OVER PREVENTION
1055,2022,14,AVIATOR,ENGINE AND ENGINE COOLING
1056,2022,14,AVIATOR,EQUIPMENT
1057,2022,14,AVIATOR,BACK OVER PREVENTION
1058,2022,14,AVIATOR,SEAT BELTS
1059,2022,14,AVIATOR,SEATS
1060,2022,14,AVIATOR,STRUCTURE
1061,2022,14,AVIATOR,BACK OVER PREVENTION
1062,2022,14,AVIATOR,FUEL SYSTEM
1063,2022,1014,CASCADIA,ENGINE AND ENGINE COOLING
1064,2022,1014,CASCADIA,ELECTRICAL SYSTEM
1065,2022,1014,CASCADIA,STEERING
1066,2022,1014,CASCADIA,FUEL SYSTEM
1067,2022,1014,CASCADIA,ENGINE
1068,2022,1014,CASCADIA,STEERING
1069,2022,1014,CASCADIA,EXTERIOR LIGHTING
1070,2022,1014,CASCADIA,TIRES
1071,2022,1014,CASCADIA,ELECTRICAL SYSTEM
1072,2022,1014,CASCADIA,SERVICE BRAKES
1073,2022,1014,CASCADIA,SERVICE BRAKES
1074,2022,1014,CASCADIA,STEERING
1075,2022,1014,CASCADIA,SERVICE BRAKES
1076,2022,1014,CASCADIA,SERVICE BRAKES
1077,2022,1014,CASCADIA,PARKING BRAKE
1078,2022,1014,CASCADIA,SERVICE BRAKES
1079,2022,1014,CASCADIA,ELECTRONIC STABILITY CONTROL (ESC)
1080,2022,1014,CASCADIA,ELECTRONIC STABILITY CONTROL (ESC)
1081,2022,15,RAV4 PRIME,ELECTRONIC STABILITY CONTROL (ESC)
1082,2022,15,RAV4 PRIME,AIR BAGS
1083,2022,15,RAV4 PRIME,ELECTRICAL SYSTEM
1084,2022,14,CORSAIR,ELECTRICAL SYSTEM
1085,2022,14,CORSAIR,ENGINE AND ENGINE COOLING
1086,2022,14,CORSAIR,SEAT BELTS
1087,2022,14,CORSAIR,BACK OVER PREVENTION
1088,2022,14,CORSAIR,BACK OVER PREVENTION
1089,2022,14,CORSAIR,ENGINE
1090,2022,14,CORSAIR,POWER TRAIN
1091,2022,14,CORSAIR,EQUIPMENT
1092,2022,14,CORSAIR,ELECTRICAL SYSTEM
1093,2022,14,CORSAIR,BACK OVER PREVENTION
1094,2022,14,CORSAIR,POWER TRAIN
1095,2022,14,CORSAIR,BACK OVER PREVENTION
1096,2022,14,CORSAIR,SEAT BELTS
1097,2022,14,CORSAIR,ENGINE
1098,2022,14,CORSAIR,BACK OVER PREVENTION
1099,2022,14,CORSAIR,BACK OVER PREVENTION
1100,2022,14,CORSAIR,EQUIPMENT
1101,2022,15,VENZA,ELECTRONIC STABILITY CONTROL (ESC)
1102,2022,1102,PARADIGM,ELECTRICAL SYSTEM
1103,2022,1102,PARADIGM,EQUIPMENT
1104,2022,1102,PARADIGM,EQUIPMENT
1105,2022,1102,PARADIGM,ELECTRICAL SYSTEM
1106,2022,1102,PARADIGM,EQUIPMENT
1107,2022,119,XLR TOYHAULER,STRUCTURE
1108,2022,119,XLR TOYHAULER,ELECTRICAL SYSTEM
1109,2022,119,XLR TOYHAULER,ELECTRICAL SYSTEM
1110,2022,119,XLR TOYHAULER,EQUIPMENT
1111,2022,119,XLR TOYHAULER,EQUIPMENT
1112,2022,119,XLR TOYHAULER,EQUIPMENT
1113,2022,77,E-450,STEERING
1114,2022,77,E-450,FUEL SYSTEM
1115,2022,77,E-450,STEERING
1116,2022,77,MAVERICK,SEAT BELTS
1117,2022,77,MAVERICK,FUEL SYSTEM
1118,2022,77,MAVERICK,ELECTRICAL SYSTEM
1119,2022,77,MAVERICK,ENGINE AND ENGINE COOLING
1120,2022,77,MAVERICK,AIR BAGS
1121,2022,77,MAVERICK,EXTERIOR LIGHTING
1122,2022,77,MAVERICK,ENGINE
1123,2022,77,MAVERICK,EXTERIOR LIGHTING
1124,2022,77,MAVERICK,ELECTRICAL SYSTEM
1125,2022,77,MAVERICK,ELECTRICAL SYSTEM
1126,2022,77,MAVERICK,EXTERIOR LIGHTING
1127,2022,77,MAVERICK,POWER TRAIN
1128,2022,77,MAVERICK,ELECTRICAL SYSTEM
1129,2022,77,MAVERICK,BACK OVER PREVENTION
1130,2022,77,MAVERICK,ELECTRICAL SYSTEM
1131,2022,77,MAVERICK,EXTERIOR LIGHTING
1132,2022,77,MAVERICK,EXTERIOR LIGHTING
1133,2022,77,MAVERICK,ELECTRICAL SYSTEM
1134,2022,77,MAVERICK,SERVICE BRAKES
1135,2022,77,MAVERICK,POWER TRAIN
1136,2022,77,MAVERICK,ELECTRICAL SYSTEM
1137,2022,77,MAVERICK,POWER TRAIN
1138,2022,77,MAVERICK,POWER TRAIN
1139,2022,77,MAVERICK,ENGINE
1140,2022,77,MAVERICK,BACK OVER PREVENTION
1141,2022,77,MAVERICK,EQUIPMENT
1142,2022,17,SORENTO PHEV,SEAT BELTS
1143,2022,17,SORENTO PHEV,SEAT BELTS
1144,2022,17,SORENTO PHEV,TRAILER HITCHES
1145,2022,17,SORENTO PHEV,FUEL SYSTEM
1146,2022,17,SORENTO PHEV,BACK OVER PREVENTION
1147,2022,128,XT4,SEATS
1148,2022,98,SIERRA 3500,SERVICE BRAKES
1149,2022,98,SIERRA 3500,LATCHES/LOCKS/LINKAGES
1150,2022,98,SIERRA 3500,POWER TRAIN
1151,2022,77,EDGE,BACK OVER PREVENTION
1152,2022,77,EDGE,ENGINE AND ENGINE COOLING
1153,2022,77,EDGE,BACK OVER PREVENTION
1154,2022,77,EDGE,BACK OVER PREVENTION
1155,2022,8,ACCENT,STEERING
1156,2022,8,ACCENT,SEAT BELTS
1157,2022,1157,ASPEN TRAIL,EQUIPMENT
1158,2022,64,SENECA,STEERING
1159,2022,64,SENECA,STEERING
1160,2022,64,SENECA,TIRES
1161,2022,64,SENECA,EQUIPMENT
1162,2022,64,SENECA,VISIBILITY
1163,2022,37,GOLF R,ENGINE
1164,2022,37,GOLF R,VISIBILITY
1165,2022,37,GOLF R,ENGINE AND ENGINE COOLING
1166,2022,37,GOLF R,BACK OVER PREVENTION
1167,2022,37,GOLF R,BACK OVER PREVENTION
1168,2022,452,LEGACY,POWER TRAIN
1169,2022,452,LEGACY,AIR BAGS
1170,2022,15,RAV4 HYBRID,ELECTRONIC STABILITY CONTROL (ESC)
1171,2022,15,RAV4 HYBRID,AIR BAGS
1172,2022,262,OUTLANDER,FUEL SYSTEM
1173,2022,262,OUTLANDER,SEAT BELTS
1174,2022,262,OUTLANDER,STRUCTURE
1175,2022,262,OUTLANDER,SEAT BELTS
1176,2022,262,OUTLANDER,BACK OVER PREVENTION
1177,2022,262,OUTLANDER,BACK OVER PREVENTION
1178,2022,262,OUTLANDER,BACK OVER PREVENTION
1179,2022,2,SUNSTAR,EQUIPMENT
1180,2022,2,SUNSTAR,LATCHES/LOCKS/LINKAGES
1181,2022,908,ETHOS,SEAT BELTS
1182,2022,908,ETHOS,FUEL SYSTEM
1183,2022,908,ETHOS,EQUIPMENT
1184,2022,146,ACCORD,SERVICE BRAKES
1185,2022,146,ACCORD,AIR BAGS
1186,2022,146,ACCORD,FUEL SYSTEM
1187,2022,17,SORENTO,ENGINE AND ENGINE COOLING
1188,2022,17,SORENTO,TIRES
1189,2022,17,SORENTO,TRAILER HITCHES
1190,2022,17,SORENTO,POWER TRAIN
1191,2022,17,SORENTO,BACK OVER PREVENTION
1192,2022,17,SORENTO,ELECTRICAL SYSTEM
1193,2022,145,FLHXS,EXTERIOR LIGHTING
1194,2022,119,CEDAR CREEK,EQUIPMENT
1195,2022,119,CEDAR CREEK,EQUIPMENT
1196,2022,119,CEDAR CREEK,EQUIPMENT
1197,2022,1197,AUTUMN RIDGE OUTFITTER,EQUIPMENT
1198,2022,1197,AUTUMN RIDGE OUTFITTER,EQUIPMENT
1199,2022,1197,AUTUMN RIDGE OUTFITTER,STRUCTURE
1200,2022,1197,AUTUMN RIDGE OUTFITTER,EQUIPMENT
1201,2022,2,INSPIRE,EQUIPMENT
1202,2022,2,INSPIRE,SEAT BELTS
1203,2022,2,INSPIRE,EQUIPMENT
1204,2022,2,VOYAGE!,EQUIPMENT
1205,2022,2,VOYAGE!,EQUIPMENT
1206,2022,2,VOYAGE!,TRAILER HITCHES
1207,2022,2,VOYAGE!,EQUIPMENT
1208,2022,375,389,SERVICE BRAKES
1209,2022,375,389,SERVICE BRAKES
1210,2022,375,389,ENGINE
1211,2022,375,389,STEERING
1212,2022,375,389,ELECTRICAL SYSTEM
1213,2022,375,389,POWER TRAIN
1214,2022,375,389,SERVICE BRAKES
1215,2022,306,IX,AIR BAGS
1216,2022,306,IX,ELECTRICAL SYSTEM
1217,2022,306,IX,ELECTRICAL SYSTEM
1218,2022,306,IX,ELECTRICAL SYSTEM
1219,2022,306,IX,BACK OVER PREVENTION
1220,2022,306,IX,AIR BAGS
1221,2022,306,IX,ELECTRICAL SYSTEM
1222,2022,306,IX,VEHICLE SPEED CONTROL
1223,2022,306,IX,ELECTRICAL SYSTEM
1224,2022,306,IX,ELECTRICAL SYSTEM
1225,2022,306,IX,ELECTRICAL SYSTEM
1226,2022,17,NIRO,POWER TRAIN
1227,2022,562,ROGUE SPORT,ELECTRICAL SYSTEM
1228,2022,1228,TRACER,EQUIPMENT
1229,2022,1228,TRACER,EQUIPMENT
1230,2022,1228,TRACER,EQUIPMENT
1231,2022,146,CIVIC HATCHBACK,STEERING
1232,2022,1232,POLESTAR 2,ELECTRICAL SYSTEM
1233,2022,1232,POLESTAR 2,EQUIPMENT
1234,2022,1232,POLESTAR 2,BACK OVER PREVENTION
1235,2022,1232,POLESTAR 2,BACK OVER PREVENTION
1236,2022,908,LAUNCH,POWER TRAIN
1237,2022,908,LAUNCH,ELECTRICAL SYSTEM
1238,2022,908,LAUNCH,FUEL SYSTEM
1239,2022,263,5700,STEERING
1240,2022,263,5700,STEERING
1241,2022,263,5700,EQUIPMENT
1242,2022,99,MONTANA,ELECTRICAL SYSTEM
1243,2022,99,MONTANA,EQUIPMENT
1244,2022,99,MONTANA,EQUIPMENT
1245,2022,1245,PUMA,EQUIPMENT
1246,2022,258,SPORTTREK,EQUIPMENT
1247,2022,258,SPORTTREK,ELECTRICAL SYSTEM
1248,2022,258,SPORTTREK,STRUCTURE
1249,2022,37,TAOS,FUEL SYSTEM
1250,2022,37,TAOS,ENGINE AND ENGINE COOLING
1251,2022,37,TAOS,SUSPENSION
1252,2022,37,TAOS,BACK OVER PREVENTION
1253,2022,37,TAOS,ENGINE AND ENGINE COOLING
1254,2022,37,TAOS,FUEL SYSTEM
1255,2022,15,4RUNNER,EXTERIOR LIGHTING
1256,2022,15,4RUNNER,EQUIPMENT
1257,2022,15,4RUNNER,EQUIPMENT
1258,2022,82,SILVERADO 3500,SERVICE BRAKES
1259,2022,82,SILVERADO 3500,LATCHES/LOCKS/LINKAGES
1260,2022,82,SILVERADO 3500,POWER TRAIN
1261,2022,452,FORESTER,POWER TRAIN
1262,2022,99,COUGAR,TIRES
1263,2022,99,COUGAR,ELECTRICAL SYSTEM
1264,2022,99,COUGAR,STRUCTURE
1265,2022,99,COUGAR,EQUIPMENT
1266,2022,99,COUGAR,EQUIPMENT
1267,2022,99,COUGAR,STRUCTURE
1268,2022,57,I-PACE,ELECTRICAL SYSTEM
1269,2022,57,I-PACE,ELECTRICAL SYSTEM
1270,2022,57,I-PACE,VISIBILITY
1271,2022,57,I-PACE,ELECTRICAL SYSTEM
1272,2022,57,I-PACE,EXTERIOR LIGHTING
1273,2022,9,WRANGLER 4XE,ELECTRICAL SYSTEM
1274,2022,306,R 1250 GS,POWER TRAIN
1275,2022,3,HURRICANE,STRUCTURE
1276,2022,57,E-PACE,SERVICE BRAKES
1277,2022,57,E-PACE,AIR BAGS
1278,2022,57,E-PACE,AIR BAGS
1279,2022,193,SCOUT,FUEL SYSTEM
1280,2022,306,Z4,VISIBILITY
1281,2022,306,Z4,ELECTRICAL SYSTEM
1282,2022,288,SUNDANCE,EQUIPMENT
1283,2022,288,SUNDANCE,ELECTRICAL SYSTEM
1284,2022,288,SUNDANCE,EQUIPMENT
1285,2022,288,SUNDANCE,EQUIPMENT
1286,2022,99,OUTBACK,ELECTRICAL SYSTEM
1287,2022,99,OUTBACK,TRAILER HITCHES
1288,2022,99,OUTBACK,EQUIPMENT
1289,2022,15,TUNDRA,ELECTRICAL SYSTEM
1290,2022,15,TUNDRA,POWER TRAIN
1291,2022,15,TUNDRA,ELECTRICAL SYSTEM
1292,2022,15,TUNDRA,SERVICE BRAKES
1293,2022,15,TUNDRA,ELECTRICAL SYSTEM
1294,2022,15,TUNDRA,STRUCTURE
1295,2022,15,TUNDRA,FUEL SYSTEM
1296,2022,15,TUNDRA,EQUIPMENT
1297,2022,15,TUNDRA,POWER TRAIN
1298,2022,15,TUNDRA,ENGINE AND ENGINE COOLING
1299,2022,15,TUNDRA,EXTERIOR LIGHTING
1300,2022,15,TUNDRA,BACK OVER PREVENTION
1301,2022,15,TUNDRA,ENGINE AND ENGINE COOLING
1302,2022,99,RAPTOR,TIRES
1303,2022,99,RAPTOR,ELECTRICAL SYSTEM
1304,2022,99,RAPTOR,EQUIPMENT
1305,2022,99,RAPTOR,FUEL SYSTEM
1306,2022,14,NAUTILUS,ENGINE AND ENGINE COOLING
1307,2022,14,NAUTILUS,BACK OVER PREVENTION
1308,2022,4,NOVA,ELECTRICAL SYSTEM
1309,2022,4,NOVA,EQUIPMENT
1310,2022,4,NOVA,EQUIPMENT
1311,2022,4,NOVA,FUEL SYSTEM
1312,2022,4,NOVA,STRUCTURE
1313,2022,17,STINGER,ENGINE AND ENGINE COOLING
1314,2022,145,FLHCS,SUSPENSION
1315,2022,145,FLHCS,SUSPENSION
1316,2022,288,PIONEER,EQUIPMENT
1317,2022,288,PIONEER,EQUIPMENT
1318,2022,306,X7,VISIBILITY
1319,2022,306,X7,SEATS
1320,2022,9,CHEROKEE,EXTERIOR LIGHTING
1321,2022,9,CHEROKEE,AIR BAGS
1322,2022,452,BRZ,EXTERIOR LIGHTING
1323,2022,1157,COLEMAN,EQUIPMENT
1324,2022,1157,COLEMAN,SUSPENSION
1325,2022,119,OZARK,EQUIPMENT
1326,2022,119,OZARK,EQUIPMENT
1327,2022,119,OZARK,EQUIPMENT
1328,2022,82,EXPRESS CUTAWAY VAN,ELECTRICAL SYSTEM
1329,2022,77,BRONCO SPORT,FUEL SYSTEM
1330,2022,77,BRONCO SPORT,SERVICE BRAKES
1331,2022,77,BRONCO SPORT,ENGINE AND ENGINE COOLING
1332,2022,77,BRONCO SPORT,EXTERIOR LIGHTING
1333,2022,77,BRONCO SPORT,FUEL SYSTEM
1334,2022,77,BRONCO SPORT,FUEL SYSTEM
1335,2022,77,BRONCO SPORT,FUEL SYSTEM
1336,2022,77,BRONCO SPORT,ELECTRICAL SYSTEM
1337,2022,77,BRONCO SPORT,ELECTRICAL SYSTEM
1338,2022,77,BRONCO SPORT,POWER TRAIN
1339,2022,77,BRONCO SPORT,FUEL SYSTEM
1340,2022,77,BRONCO SPORT,BACK OVER PREVENTION
1341,2022,77,BRONCO SPORT,FUEL SYSTEM
1342,2022,77,BRONCO SPORT,EQUIPMENT
1343,2022,858,PROMASTER,BACK OVER PREVENTION
1344,2022,858,PROMASTER,SEAT BELTS
1345,2022,858,PROMASTER,ELECTRICAL SYSTEM
1346,2022,858,PROMASTER,STRUCTURE
1347,2022,858,PROMASTER,BACK OVER PREVENTION
1348,2022,858,PROMASTER,BACK OVER PREVENTION
1349,2022,858,PROMASTER,ENGINE AND ENGINE COOLING
1350,2022,119,FR3,EQUIPMENT
1351,2022,119,FR3,EQUIPMENT
1352,2022,119,FR3,EQUIPMENT
1353,2022,98,ACADIA,AIR BAGS
1354,2022,98,ACADIA,SUSPENSION
1355,2022,98,ACADIA,FUEL SYSTEM
1356,2022,467,690 ENDURO R,TIRES
1357,2022,1357,MX-5,AIR BAGS
1358,2022,64,JAY FLIGHT SLX,EQUIPMENT
1359,2022,64,JAY FLIGHT SLX,EQUIPMENT
1360,2022,64,JAY FLIGHT SLX,STRUCTURE
1361,2022,64,JAY FLIGHT SLX,EQUIPMENT
1362,2022,15,SEQUOIA,STEERING
1363,2022,15,SEQUOIA,STEERING
1364,2022,908,CORNERSTONE,ENGINE
1365,2022,908,CORNERSTONE,EQUIPMENT
1366,2022,908,CORNERSTONE,ELECTRICAL SYSTEM
1367,2022,908,CORNERSTONE,SEATS
1368,2022,15,SIENNA HYBRID,SEATS
1369,2022,8,SANTA FE HYBRID,ELECTRICAL SYSTEM
1370,2022,8,SANTA FE HYBRID,SEAT BELTS
1371,2022,8,SANTA FE HYBRID,TRAILER HITCHES
1372,2022,8,SANTA FE HYBRID,BACK OVER PREVENTION
1373,2022,15,SUPRA,ELECTRICAL SYSTEM
1374,2022,9,GRAND CHEROKEE,STEERING
1375,2022,9,GRAND CHEROKEE,CHILD SEAT
1376,2022,9,GRAND CHEROKEE,EXTERIOR LIGHTING
1377,2022,9,GRAND CHEROKEE,ENGINE AND ENGINE COOLING
1378,2022,9,GRAND CHEROKEE,EXTERIOR LIGHTING
1379,2022,9,GRAND CHEROKEE,EXTERIOR LIGHTING
1380,2022,9,GRAND CHEROKEE,EQUIPMENT
1381,2022,9,GRAND CHEROKEE,STEERING
1382,2022,9,GRAND CHEROKEE,SUSPENSION
1383,2022,9,GRAND CHEROKEE,ENGINE
1384,2022,9,GRAND CHEROKEE,BACK OVER PREVENTION
1385,2022,9,GRAND CHEROKEE,VISIBILITY
1386,2022,9,GRAND CHEROKEE,SUSPENSION
1387,2022,9,GRAND CHEROKEE,BACK OVER PREVENTION
1388,2022,9,GRAND CHEROKEE,BACK OVER PREVENTION
1389,2022,9,GRAND CHEROKEE,AIR BAGS
1390,2022,9,GRAND CHEROKEE,EQUIPMENT
1391,2022,9,GRAND CHEROKEE,ELECTRICAL SYSTEM
1392,2022,9,GRAND CHEROKEE,ELECTRICAL SYSTEM
1393,2022,584,RANGE ROVER SPORT,SEAT BELTS
1394,2022,584,RANGE ROVER SPORT,SEAT BELTS
1395,2022,584,RANGE ROVER SPORT,ENGINE AND ENGINE COOLING
1396,2022,584,RANGE ROVER SPORT,BACK OVER PREVENTION
1397,2022,584,RANGE ROVER SPORT,BACK OVER PREVENTION
1398,2022,67,R1S,SEAT BELTS
1399,2022,67,R1S,SUSPENSION
1400,2022,67,R1S,SEAT BELTS
1401,2022,67,R1S,AIR BAGS
1402,2022,67,R1S,EXTERIOR LIGHTING
1403,2022,67,R1S,VISIBILITY
1404,2022,67,R1S,VEHICLE SPEED CONTROL
1405,2022,67,R1S,AIR BAGS
1406,2022,67,R1S,EQUIPMENT
1407,2022,67,R1S,SEAT BELTS
1408,2022,1157,YUKON,EQUIPMENT
1409,2022,1157,YUKON,SUSPENSION
1410,2022,194,SPRINTER 3500,POWER TRAIN
1411,2022,194,SPRINTER 3500,AIR BAGS
1412,2022,194,SPRINTER 3500,ELECTRICAL SYSTEM
1413,2022,194,SPRINTER 3500,STRUCTURE
1414,2022,194,SPRINTER 3500,STRUCTURE
1415,2022,194,SPRINTER 3500,STRUCTURE
1416,2022,194,SPRINTER 3500,ELECTRICAL SYSTEM
1417,2022,584,DISCOVERY,SEAT BELTS
1418,2022,584,DISCOVERY,ENGINE AND ENGINE COOLING
1419,2022,1419,W900,VISIBILITY
1420,2022,1419,W900,ENGINE
1421,2022,1419,W900,STEERING
1422,2022,1419,W900,SEAT BELTS
1423,2022,110,GV80,SEAT BELTS
1424,2022,110,GV80,FUEL SYSTEM
1425,2022,110,GV80,FUEL SYSTEM
1426,2022,858,5500,ELECTRICAL SYSTEM
1427,2022,858,5500,ENGINE AND ENGINE COOLING
1428,2022,858,5500,ELECTRICAL SYSTEM
1429,2022,858,5500,AIR BAGS
1430,2022,193,SCOUT BOBBER,FUEL SYSTEM
1431,2022,67,R1T,SEATS
1432,2022,67,R1T,SEAT BELTS
1433,2022,67,R1T,SUSPENSION
1434,2022,67,R1T,SEAT BELTS
1435,2022,67,R1T,VISIBILITY
1436,2022,67,R1T,VEHICLE SPEED CONTROL
1437,2022,67,R1T,AIR BAGS
1438,2022,67,R1T,EQUIPMENT
1439,2022,67,R1T,SEAT BELTS
1440,2022,17,SELTOS,ENGINE AND ENGINE COOLING
1441,2022,98,TERRAIN,TIRES
1442,2022,98,TERRAIN,SEATS
1443,2022,98,TERRAIN,FUEL SYSTEM
1444,2022,98,TERRAIN,CHILD SEAT
1445,2022,1445,LEGACY ELITE II,POWER TRAIN
1446,2022,1445,LEGACY ELITE II,TRAILER HITCHES
1447,2022,1445,LEGACY ELITE II,EQUIPMENT
1448,2022,562,PATHFINDER,SEATS
1449,2022,562,PATHFINDER,SEATS
1450,2022,562,PATHFINDER,LATCHES/LOCKS/LINKAGES
1451,2022,562,PATHFINDER,SEATS
1452,2022,562,PATHFINDER,BACK OVER PREVENTION
1453,2022,9,RENEGADE,AIR BAGS
1454,2022,9,RENEGADE,EXTERIOR LIGHTING
1455,2022,77,F-59,STEERING
1456,2022,77,F-59,STEERING
1457,2022,77,F-59,FUEL SYSTEM
1458,2022,77,F-59,SERVICE BRAKES
1459,2022,130,ROCKET 3 GT,SERVICE BRAKES
1460,2022,9,GRAND WAGONEER,SEATS
1461,2022,9,GRAND WAGONEER,AIR BAGS
1462,2022,9,GRAND WAGONEER,BACK OVER PREVENTION
1463,2022,9,GRAND WAGONEER,STRUCTURE
1464,2022,9,GRAND WAGONEER,BACK OVER PREVENTION
1465,2022,9,GRAND WAGONEER,SEAT BELTS
1466,2022,9,GRAND WAGONEER,BACK OVER PREVENTION
1467,2022,9,GRAND WAGONEER,STRUCTURE
1468,2022,9,GRAND WAGONEER,STRUCTURE
1469,2022,17,FORTE,STEERING
1470,2022,130,TRIDENT,STRUCTURE
1471,2022,1157,VOLTAGE,EQUIPMENT
1472,2022,1157,VOLTAGE,SUSPENSION
1473,2022,130,SPEED TRIPLE RR,SERVICE BRAKES
1474,2022,130,SPEED TRIPLE RR,ENGINE AND ENGINE COOLING
1475,2022,130,SPEED TRIPLE RR,ENGINE AND ENGINE COOLING
1476,2022,8,SANTA FE,FUEL SYSTEM
1477,2022,8,SANTA FE,ENGINE AND ENGINE COOLING
1478,2022,8,SANTA FE,POWER TRAIN
1479,2022,8,SANTA FE,TRAILER HITCHES
1480,2022,8,SANTA FE,BACK OVER PREVENTION
1481,2022,1481,DODGE RAM RCA,EQUIPMENT
1482,2022,2,MICRO MINNIE,TRAILER HITCHES
1483,2022,2,MICRO MINNIE,EQUIPMENT
1484,2022,2,MICRO MINNIE,STRUCTURE
1485,2022,2,MICRO MINNIE,STRUCTURE
1486,2022,2,MICRO MINNIE,EQUIPMENT
1487,2022,2,MICRO MINNIE,EQUIPMENT
1488,2022,1014,114SD,STEERING
1489,2022,1014,114SD,FUEL SYSTEM
1490,2022,1014,114SD,STEERING
1491,2022,1014,114SD,SERVICE BRAKES
1492,2022,1014,114SD,WHEELS
1493,2022,1014,114SD,ELECTRONIC STABILITY CONTROL (ESC)
1494,2022,1014,114SD,VISIBILITY
1495,2022,1014,114SD,FORWARD COLLISION AVOIDANCE
1496,2022,1014,114SD,SUSPENSION
1497,2022,1497,VNL,WHEELS
1498,2022,1497,VNL,POWER TRAIN
1499,2022,1497,VNL,WHEELS
1500,2022,1497,VNL,ENGINE
1501,2022,1497,VNL,SERVICE BRAKES
1502,2022,1497,VNL,AIR BAGS
1503,2022,1497,VNL,VISIBILITY
1504,2022,1102,VALOR,ELECTRICAL SYSTEM
1505,2022,1102,VALOR,EQUIPMENT
1506,2022,1102,VALOR,EQUIPMENT
1507,2022,1102,VALOR,ELECTRICAL SYSTEM
1508,2022,77,ESCAPE,SERVICE BRAKES
1509,2022,77,ESCAPE,ELECTRICAL SYSTEM
1510,2022,77,ESCAPE,ENGINE AND ENGINE COOLING
1511,2022,77,ESCAPE,ENGINE AND ENGINE COOLING
1512,2022,77,ESCAPE,FUEL SYSTEM
1513,2022,77,ESCAPE,ENGINE
1514,2022,77,ESCAPE,FUEL SYSTEM
1515,2022,77,ESCAPE,POWER TRAIN
1516,2022,77,ESCAPE,EQUIPMENT
1517,2022,77,ESCAPE,ELECTRICAL SYSTEM
1518,2022,77,ESCAPE,POWER TRAIN
1519,2022,77,ESCAPE,FUEL SYSTEM
1520,2022,77,ESCAPE,ENGINE
1521,2022,77,ESCAPE,BACK OVER PREVENTION
1522,2022,77,ESCAPE,FUEL SYSTEM
1523,2022,77,ESCAPE,EQUIPMENT
1524,2022,618,FORTIS,SUSPENSION
1525,2022,618,FORTIS,EQUIPMENT
1526,2022,618,FORTIS,EQUIPMENT
1527,2022,618,FORTIS,STRUCTURE
1528,2022,618,FORTIS,ENGINE AND ENGINE COOLING
1529,2022,31,IMAGINE,EQUIPMENT
1530,2022,31,IMAGINE,STRUCTURE
1531,2022,31,IMAGINE,EQUIPMENT
1532,2022,306,X5,VISIBILITY
1533,2022,17,TELLURIDE,ELECTRICAL SYSTEM
1534,2022,17,TELLURIDE,ELECTRICAL SYSTEM
1535,2022,17,TELLURIDE,TIRES
1536,2022,17,TELLURIDE,TRAILER HITCHES
1537,2022,17,TELLURIDE,POWER TRAIN
1538,2022,17,TELLURIDE,SEATS
1539,2022,1014,BUSINESS CLASS M2,STEERING
1540,2022,1014,BUSINESS CLASS M2,STEERING
1541,2022,1014,BUSINESS CLASS M2,SERVICE BRAKES
1542,2022,1014,BUSINESS CLASS M2,SERVICE BRAKES
1543,2022,1014,BUSINESS CLASS M2,WHEELS
1544,2022,1014,BUSINESS CLASS M2,ELECTRONIC STABILITY CONTROL (ESC)
1545,2022,1014,BUSINESS CLASS M2,FORWARD COLLISION AVOIDANCE
1546,2022,1014,BUSINESS CLASS M2,STEERING
1547,2022,1014,BUSINESS CLASS M2,SUSPENSION
1548,2022,584,RANGE ROVER VELAR,SEAT BELTS
1549,2022,584,RANGE ROVER VELAR,ELECTRICAL SYSTEM
1550,2022,2,VIEW,STRUCTURE
1551,2022,2,VIEW,EQUIPMENT
1552,2022,2,VIEW,EQUIPMENT
1553,2022,2,VIEW,STRUCTURE
1554,2022,2,VIEW,ELECTRICAL SYSTEM
1555,2022,2,VIEW,STRUCTURE
1556,2022,119,FLAGSTAFF,EQUIPMENT
1557,2022,119,FLAGSTAFF,EQUIPMENT
1558,2022,119,FLAGSTAFF,EQUIPMENT
1559,2022,119,FLAGSTAFF,SUSPENSION
1560,2022,596,RYKER,STEERING
1561,2022,596,RYKER,ELECTRICAL SYSTEM
1562,2022,596,RYKER,EXTERIOR LIGHTING
1563,2022,596,RYKER,FUEL SYSTEM
1564,2022,1564,NX,BACK OVER PREVENTION
1565,2022,599,PACIFICA,SEATS
1566,2022,599,PACIFICA,VISIBILITY
1567,2022,599,PACIFICA,ELECTRICAL SYSTEM
1568,2022,599,PACIFICA,BACK OVER PREVENTION
1569,2022,599,PACIFICA,AIR BAGS
1570,2022,599,PACIFICA,AIR BAGS
1571,2022,3,TIBURON,EQUIPMENT
1572,2022,146,HR-V,BACK OVER PREVENTION
1573,2022,146,HR-V,AIR BAGS
1574,2022,146,HR-V,BACK OVER PREVENTION
1575,2022,44,LONDON AIRE,STEERING
1576,2022,44,LONDON AIRE,SUSPENSION
1577,2022,44,LONDON AIRE,STEERING
1578,2022,44,LONDON AIRE,SEATS
1579,2022,1579,ISATA,EQUIPMENT
1580,2022,1579,ISATA,EQUIPMENT
1581,2022,1579,ISATA,EQUIPMENT
1582,2022,119,GEORGETOWN,EQUIPMENT
1583,2022,119,GEORGETOWN,EQUIPMENT
1584,2022,119,GEORGETOWN,EQUIPMENT
1585,2022,1102,AVENUE,ELECTRICAL SYSTEM
1586,2022,1102,AVENUE,EQUIPMENT
1587,2022,1102,AVENUE,EQUIPMENT
1588,2022,77,F-650,FUEL SYSTEM
1589,2022,1357,CX-30,SERVICE BRAKES
1590,2016,2,TRAVATO,ELECTRICAL SYSTEM
1591,2016,2,TRAVATO,EQUIPMENT
1592,2016,2,TRAVATO,EQUIPMENT
1593,2016,2,TRAVATO,ELECTRICAL SYSTEM
1594,2016,2,TRAVATO,ELECTRICAL SYSTEM
1595,2016,2,TRAVATO,EQUIPMENT
1596,2016,4,FREELANDER,VISIBILITY
1597,2016,4,FREELANDER,EQUIPMENT
1598,2016,4,FREELANDER,EQUIPMENT
1599,2016,562,MURANO,SERVICE BRAKES
1600,2016,562,MURANO,SERVICE BRAKES
1601,2016,562,MURANO,SERVICE BRAKES
1602,2016,562,MURANO,AIR BAGS
1603,2016,562,MURANO,SERVICE BRAKES
1604,2016,92,GRAND CARAVAN,EQUIPMENT
1605,2016,92,GRAND CARAVAN,POWER TRAIN
1606,2016,92,GRAND CARAVAN,SEATS
1607,2016,92,GRAND CARAVAN,LATCHES/LOCKS/LINKAGES
1608,2016,92,GRAND CARAVAN,FUEL SYSTEM
1609,2016,344,NPR XD,SUSPENSION
1610,2016,344,NPR XD,STRUCTURE
1611,2016,344,NPR XD,POWER TRAIN
1612,2016,344,NPR XD,EQUIPMENT
1613,2016,344,NPR XD,EQUIPMENT
1614,2016,858,3500,STEERING
1615,2016,858,3500,STEERING
1616,2016,858,3500,LATCHES/LOCKS/LINKAGES
1617,2016,858,3500,STRUCTURE
1618,2016,858,3500,ELECTRICAL SYSTEM
1619,2016,858,3500,AIR BAGS
1620,2016,858,3500,WHEELS
1621,2016,858,3500,POWER TRAIN
1622,2016,858,3500,WHEELS
1623,2016,858,3500,EQUIPMENT
1624,2016,858,3500,AIR BAGS
1625,2016,858,3500,ENGINE AND ENGINE COOLING
1626,2016,858,3500,POWER TRAIN
1627,2016,858,3500,ENGINE AND ENGINE COOLING
1628,2016,858,3500,EQUIPMENT
1629,2016,858,3500,AIR BAGS
1630,2016,64,WHITE HAWK,ELECTRICAL SYSTEM
1631,2016,64,WHITE HAWK,SUSPENSION
1632,2016,92,DURANGO,ELECTRICAL SYSTEM
1633,2016,92,DURANGO,FUEL SYSTEM
1634,2016,92,DURANGO,SERVICE BRAKES
1635,2016,1564,RC F,FUEL SYSTEM
1636,2016,1014,M2,EXTERIOR LIGHTING
1637,2016,1014,M2,SERVICE BRAKES
1638,2016,1014,M2,EQUIPMENT
1639,2016,1014,M2,EQUIPMENT
1640,2016,1014,M2,ENGINE AND ENGINE COOLING
1641,2016,1014,M2,STEERING
1642,2016,145,FLTRX,POWER TRAIN
1643,2016,599,200,ELECTRICAL SYSTEM
1644,2016,599,200,STEERING
1645,2016,193,CHIEFTAIN,ELECTRICAL SYSTEM
1646,2016,193,CHIEFTAIN,ENGINE AND ENGINE COOLING
1647,2016,193,CHIEFTAIN,SERVICE BRAKES
1648,2016,193,CHIEFTAIN,EXTERIOR LIGHTING
1649,2016,1649,YZF-R3,VISIBILITY
1650,2016,1649,YZF-R3,ELECTRICAL SYSTEM
1651,2016,1649,YZF-R3,FUEL SYSTEM
1652,2016,467,1290 SUPER DUKE R,SERVICE BRAKES
1653,2016,306,Z4,ENGINE AND ENGINE COOLING
1654,2016,98,SIERRA 2500,SERVICE BRAKES
1655,2016,98,SIERRA 2500,AIR BAGS
1656,2016,98,SIERRA 2500,AIR BAGS
1657,2016,98,SIERRA 2500,SERVICE BRAKES
1658,2016,98,SIERRA 2500,AIR BAGS
1659,2016,145,FLHTCU,POWER TRAIN
1660,2016,99,CARBON,EQUIPMENT
1661,2016,99,CARBON,EQUIPMENT
1662,2016,1228,SPARTAN,EQUIPMENT
1663,2016,1228,SPARTAN,EQUIPMENT
1664,2016,119,WILDCAT,ELECTRICAL SYSTEM
1665,2016,119,WILDCAT,EQUIPMENT
1666,2016,119,WILDCAT,EQUIPMENT
1667,2016,82,LOW CAB FORWARD 3500,EQUIPMENT
1668,2016,82,LOW CAB FORWARD 3500,VEHICLE SPEED CONTROL
1669,2016,77,E-450,EQUIPMENT
1670,2016,77,E-450,ELECTRICAL SYSTEM
1671,2016,77,E-450,FUEL SYSTEM
1672,2016,77,E-450,ELECTRICAL SYSTEM
1673,2016,306,X6,CHILD SEAT
1674,2016,119,SANDPIPER,EQUIPMENT
1675,2016,119,SANDPIPER,EQUIPMENT
1676,2016,1564,RX450H,AIR BAGS
1677,2016,1564,RX450H,AIR BAGS
1678,2016,1197,TRAVEL STAR,EQUIPMENT
1679,2016,1197,TRAVEL STAR,EQUIPMENT
1680,2016,1197,TRAVEL STAR,ELECTRICAL SYSTEM
1681,2016,1681,SABER,POWER TRAIN
1682,2016,1681,SABER,STEERING
1683,2016,1681,SABER,EQUIPMENT
1684,2016,1681,SABER,POWER TRAIN
1685,2016,1681,SABER,POWER TRAIN
1686,2016,1681,SABER,EQUIPMENT
1687,2016,1681,SABER,ELECTRICAL SYSTEM
1688,2016,1681,SABER,EXTERIOR LIGHTING
1689,2016,452,CROSSTREK,EXTERIOR LIGHTING
1690,2016,193,CHIEF DARK HORSE,FUEL SYSTEM
1691,2016,1691,LOW FLOOR,SERVICE BRAKES
1692,2016,1691,LOW FLOOR,EXTERIOR LIGHTING
1693,2016,1691,LOW FLOOR,STRUCTURE
1694,2016,1691,LOW FLOOR,EXTERIOR LIGHTING
1695,2016,1691,LOW FLOOR,STEERING
1696,2016,1691,LOW FLOOR,STEERING
1697,2016,1691,LOW FLOOR,EXTERIOR LIGHTING
1698,2016,1691,LOW FLOOR,EXTERIOR LIGHTING
1699,2016,1691,LOW FLOOR,ELECTRICAL SYSTEM
1700,2016,1691,LOW FLOOR,STEERING
1701,2016,1691,LOW FLOOR,EXTERIOR LIGHTING
1702,2016,1691,LOW FLOOR,SEAT BELTS
1703,2016,1691,LOW FLOOR,VISIBILITY/WIPER
1704,2016,1691,LOW FLOOR,FUEL SYSTEM
1705,2016,1691,LOW FLOOR,POWER TRAIN
1706,2016,1691,LOW FLOOR,SUSPENSION
1707,2016,1691,LOW FLOOR,SERVICE BRAKES
1708,2016,1691,LOW FLOOR,EXTERIOR LIGHTING
1709,2016,1691,LOW FLOOR,VISIBILITY
1710,2016,1691,LOW FLOOR,ELECTRICAL SYSTEM
1711,2016,1711,VIPER,SUSPENSION
1712,2016,77,EXPLORER,SUSPENSION
1713,2016,77,EXPLORER,WHEELS
1714,2016,77,EXPLORER,SEATS
1715,2016,77,EXPLORER,SEATS
1716,2016,77,EXPLORER,FUEL SYSTEM
1717,2016,77,EXPLORER,ENGINE AND ENGINE COOLING
1718,2016,77,EXPLORER,PARKING BRAKE
1719,2016,77,EXPLORER,STRUCTURE
1720,2016,77,EXPLORER,POWER TRAIN
1721,2016,77,EXPLORER,SUSPENSION
1722,2016,77,EXPLORER,SUSPENSION
1723,2016,77,EXPLORER,STRUCTURE
1724,2016,77,EXPLORER,STRUCTURE
1725,2016,77,EXPLORER,EQUIPMENT
1726,2016,1726,ENDEAVOR XE,TIRES
1727,2016,98,ACADIA,VISIBILITY
1728,2016,98,ACADIA,SEATS
1729,2016,98,ACADIA,AIR BAGS
1730,2016,98,ACADIA,AIR BAGS
1731,2016,306,M5,AIR BAGS
1732,2016,306,M5,CHILD SEAT
1733,2016,618,TERRA,FUEL SYSTEM
1734,2016,119,FREELANDER,EQUIPMENT
1735,2016,562,MURANO HYBRID,ENGINE AND ENGINE COOLING
1736,2016,562,MURANO HYBRID,SERVICE BRAKES
1737,2016,562,MURANO HYBRID,AIR BAGS
1738,2016,669,LONESTAR,STEERING
1739,2016,669,LONESTAR,SERVICE BRAKES
1740,2016,669,LONESTAR,ELECTRICAL SYSTEM
1741,2016,669,LONESTAR,ENGINE AND ENGINE COOLING
1742,2016,669,LONESTAR,EXTERIOR LIGHTING
1743,2016,306,X3,ENGINE AND ENGINE COOLING
1744,2016,306,X3,FUEL SYSTEM
1745,2016,306,X3,FUEL SYSTEM
1746,2016,306,X3,CHILD SEAT
1747,2016,306,X3,ENGINE AND ENGINE COOLING
1748,2016,77,E-350,SEATS
1749,2016,77,E-350,ELECTRICAL SYSTEM
1750,2016,77,E-350,ELECTRICAL SYSTEM
1751,2016,146,CB300F,ENGINE AND ENGINE COOLING
1752,2016,37,BEETLE,ELECTRICAL SYSTEM
1753,2016,37,BEETLE,ENGINE AND ENGINE COOLING
1754,2016,37,BEETLE,SERVICE BRAKES
1755,2016,37,BEETLE,AIR BAGS
1756,2016,82,SONIC,ELECTRICAL SYSTEM
1757,2016,82,SONIC,EQUIPMENT
1758,2016,858,5500,ELECTRICAL SYSTEM
1759,2016,858,5500,WHEELS
1760,2016,858,5500,EQUIPMENT
1761,2016,858,5500,POWER TRAIN
1762,2016,858,5500,ENGINE AND ENGINE COOLING
1763,2016,858,5500,POWER TRAIN
1764,2016,858,5500,ENGINE AND ENGINE COOLING
1765,2016,288,BIG HORN,EQUIPMENT
1766,2016,98,SIERRA 3500,SERVICE BRAKES
1767,2016,98,SIERRA 3500,FUEL SYSTEM
1768,2016,98,SIERRA 3500,AIR BAGS
1769,2016,98,SIERRA 3500,AIR BAGS
1770,2016,98,SIERRA 3500,SERVICE BRAKES
1771,2016,98,SIERRA 3500,AIR BAGS
1772,2016,306,X1,SEAT BELTS
1773,2016,306,X1,STRUCTURE
1774,2016,306,X1,STEERING
1775,2016,421,GHIBLI,TIRES
1776,2016,421,GHIBLI,SEATS
1777,2016,421,GHIBLI,SUSPENSION
1778,2016,421,GHIBLI,VEHICLE SPEED CONTROL
1779,2016,306,I3,AIR BAGS
1780,2016,306,I3,FUEL SYSTEM
1781,2016,119,CARDINAL,EQUIPMENT
1782,2016,119,CARDINAL,EQUIPMENT
1783,2016,119,CARDINAL,EQUIPMENT
1784,2016,119,CARDINAL,EQUIPMENT
1785,2016,1785,E2,ELECTRICAL SYSTEM
1786,2016,1785,E2,STRUCTURE
1787,2016,1785,E2,WHEELS
1788,2016,1785,E2,ELECTRICAL SYSTEM
1789,2016,145,XG500,SERVICE BRAKES
1790,2016,1649,FJR1300,POWER TRAIN
1791,2016,1649,FJR1300,EXTERIOR LIGHTING
1792,2016,145,FLTRUSE,VISIBILITY
1793,2016,16,ENCLAVE,AIR BAGS
1794,2016,16,ENCLAVE,SEATS
1795,2016,16,ENCLAVE,VISIBILITY
1796,2016,16,ENCLAVE,AIR BAGS
1797,2016,15,COROLLA,AIR BAGS
1798,2016,306,X4,CHILD SEAT
1799,2016,306,X4,ENGINE AND ENGINE COOLING
1800,2016,1800,A5,ELECTRICAL SYSTEM
1801,2016,1800,A5,ENGINE AND ENGINE COOLING
1802,2016,1800,A5,ENGINE AND ENGINE COOLING
1803,2016,128,ATS,VISIBILITY
1804,2016,128,ATS,VISIBILITY
1805,2016,1805,FRAME GENESIS TRAILER,SUSPENSION
1806,2016,1800,A7,FUEL SYSTEM
1807,2016,1800,A7,AIR BAGS
1808,2016,1800,A7,AIR BAGS
1809,2016,306,G650GS,ELECTRICAL SYSTEM
1810,2016,119,WILDCAT MAXX,SUSPENSION
1811,2016,119,CHEROKEE,EQUIPMENT
1812,2016,119,CHEROKEE,ELECTRICAL SYSTEM
1813,2016,119,CHEROKEE,SUSPENSION
1814,2016,119,CHEROKEE GREY WOLF,SUSPENSION
1815,2016,119,CHEROKEE GREY WOLF,SUSPENSION
1816,2016,618,SOUTHWIND,ELECTRICAL SYSTEM
1817,2016,618,SOUTHWIND,EQUIPMENT
1818,2016,618,SOUTHWIND,STRUCTURE
1819,2016,1564,ES350,SERVICE BRAKES
1820,2016,15,PRIUS V,HYBRID PROPULSION SYSTEM
1821,2016,130,BONNEVILLE T120 BLACK,ELECTRICAL SYSTEM
1822,2016,77,F-53,POWER TRAIN
1823,2016,596,SPYDER RT,POWER TRAIN
1824,2016,82,TRAX,SUSPENSION
1825,2016,82,TRAX,AIR BAGS
1826,2016,82,TRAX,ELECTRICAL SYSTEM
1827,2016,82,TRAX,AIR BAGS
1828,2016,82,TRAX,EQUIPMENT
1829,2016,99,LAREDO,EQUIPMENT
1830,2016,99,LAREDO,STRUCTURE
1831,2016,1800,S7,AIR BAGS
1832,2016,1800,S7,ENGINE AND ENGINE COOLING
1833,2016,467,1290 SUPER ADVENTURE,FUEL SYSTEM
1834,2016,467,1290 SUPER ADVENTURE,SERVICE BRAKES
1835,2016,467,1290 SUPER ADVENTURE,SUSPENSION
1836,2016,17,FORTE,LATCHES/LOCKS/LINKAGES
1837,2016,146,CR-V,ENGINE
1838,2016,146,CR-V,AIR BAGS
1839,2016,146,CR-V,FUEL SYSTEM
1840,2016,128,CT6,SEATS
1841,2016,128,CT6,SEAT BELTS
1842,2016,128,CT6,EXTERIOR LIGHTING
1843,2016,15,YARIS,AIR BAGS
1844,2016,15,YARIS,TIRES
1845,2016,145,FLTRXS,POWER TRAIN
1846,2016,17,CADENZA,VISIBILITY
1847,2016,17,CADENZA,SERVICE BRAKES
1848,2016,618,BOUNDER,EQUIPMENT
1849,2016,618,BOUNDER,ELECTRICAL SYSTEM
1850,2016,306,C600 SPORT MAXI-SCOOTER,SERVICE BRAKES
1851,2016,9,GRAND CHEROKEE,ENGINE AND ENGINE COOLING
1852,2016,9,GRAND CHEROKEE,ELECTRICAL SYSTEM
1853,2016,9,GRAND CHEROKEE,ENGINE AND ENGINE COOLING
1854,2016,9,GRAND CHEROKEE,ENGINE AND ENGINE COOLING
1855,2016,9,GRAND CHEROKEE,FUEL SYSTEM
1856,2016,9,GRAND CHEROKEE,SERVICE BRAKES
1857,2016,9,GRAND CHEROKEE,POWER TRAIN
1858,2016,9,GRAND CHEROKEE,FUEL SYSTEM
1859,2016,9,GRAND CHEROKEE,ENGINE AND ENGINE COOLING
1860,2016,258,SPORTSMEN,EQUIPMENT
1861,2016,14,NAVIGATOR,SERVICE BRAKES
1862,2016,14,NAVIGATOR,VISIBILITY
1863,2016,14,NAVIGATOR,VISIBILITY
1864,2016,14,NAVIGATOR,BACK OVER PREVENTION
1865,2016,1865,SHADOW CRUISER,EQUIPMENT
1866,2016,44,BAY STAR,POWER TRAIN
1867,2016,44,BAY STAR,ELECTRICAL SYSTEM
1868,2016,44,BAY STAR,EQUIPMENT
1869,2016,44,BAY STAR,PARKING BRAKE
1870,2016,37,GOLF SPORTWAGEN,STEERING
1871,2016,37,GOLF SPORTWAGEN,AIR BAGS
1872,2016,37,GOLF SPORTWAGEN,FUEL SYSTEM
1873,2016,15,PRIUS,HYBRID PROPULSION SYSTEM
1874,2016,15,PRIUS,ELECTRICAL SYSTEM
1875,2016,15,PRIUS,AIR BAGS
1876,2016,15,PRIUS,AIR BAGS
1877,2016,15,PRIUS,PARKING BRAKE
1878,2016,128,ESCALADE,SERVICE BRAKES
1879,2016,128,ESCALADE,AIR BAGS
1880,2016,128,ESCALADE,AIR BAGS
1881,2016,128,ESCALADE,SUSPENSION
1882,2016,119,AMERA-LITE,TRAILER HITCHES
1883,2016,119,AMERA-LITE,EQUIPMENT
1884,2016,1884,IM,TIRES
1885,2016,306,M4,POWER TRAIN
1886,2016,306,M4,STRUCTURE
1887,2016,306,M4,POWER TRAIN
1888,2016,1888,HUAYRA,AIR BAGS
1889,2016,858,PROMASTER CITY,EQUIPMENT
1890,2016,858,PROMASTER CITY,EQUIPMENT
1891,2016,858,PROMASTER CITY,ELECTRICAL SYSTEM
1892,2016,858,PROMASTER CITY,ELECTRICAL SYSTEM
1893,2016,82,TRAVERSE,VISIBILITY
1894,2016,82,TRAVERSE,SEATS
1895,2016,82,TRAVERSE,AIR BAGS
1896,2016,82,TRAVERSE,AIR BAGS
1897,2016,82,TRAVERSE,AIR BAGS
1898,2016,64,PRECEPT,SERVICE BRAKES
1899,2016,64,PRECEPT,ELECTRICAL SYSTEM
1900,2016,64,PRECEPT,ELECTRICAL SYSTEM
1901,2016,64,PRECEPT,SEATS
1902,2016,1497,S60CC,SEAT BELTS
1903,2016,1497,S60CC,LATCHES/LOCKS/LINKAGES
1904,2016,16,ENCORE,AIR BAGS
1905,2016,16,ENCORE,AIR BAGS
1906,2016,1906,VILLAGIO,TIRES
1907,2016,119,CHARLESTON,SERVICE BRAKES
1908,2016,119,CHARLESTON,EQUIPMENT
1909,2016,119,CHARLESTON,STEERING
1910,2016,119,CHARLESTON,VEHICLE SPEED CONTROL
1911,2016,119,CHARLESTON,EQUIPMENT
1912,2016,15,RAV4,SERVICE BRAKES
1913,2016,15,RAV4,TIRES
1914,2016,15,RAV4,ELECTRICAL SYSTEM
1915,2016,82,SILVERADO 2500,SERVICE BRAKES
1916,2016,82,SILVERADO 2500,AIR BAGS
1917,2016,82,SILVERADO 2500,AIR BAGS
1918,2016,82,SILVERADO 2500,SERVICE BRAKES
1919,2016,82,SILVERADO 2500,AIR BAGS
1920,2016,119,XLR,EQUIPMENT
1921,2016,119,XLR,EQUIPMENT
1922,2016,119,XLR,EQUIPMENT
1923,2016,119,XLR,SUSPENSION
1924,2016,119,XLR,EQUIPMENT
1925,2016,119,XLR,ELECTRICAL SYSTEM
1926,2016,1926,CARGO TRAILER,SUSPENSION
1927,2016,82,CORVETTE,AIR BAGS
1928,2016,82,CORVETTE,AIR BAGS
1929,2016,145,FLSTFBS,POWER TRAIN
1930,2016,119,RIVERSTONE,EQUIPMENT
1931,2016,194,SPRINTER 3500,AIR BAGS
1932,2016,194,SPRINTER 3500,AIR BAGS
1933,2016,194,SPRINTER 3500,ELECTRONIC STABILITY CONTROL (ESC)
1934,2016,194,SPRINTER 3500,STEERING
1935,2016,194,SPRINTER 3500,POWER TRAIN
1936,2016,194,SPRINTER 3500,AIR BAGS
1937,2016,194,SPRINTER 3500,SEAT BELTS
1938,2016,194,SPRINTER 3500,EQUIPMENT
1939,2016,194,SPRINTER 3500,STRUCTURE
1940,2016,194,SPRINTER 3500,SEAT BELTS
1941,2016,194,SPRINTER 3500,EQUIPMENT
1942,2016,194,SPRINTER 3500,EQUIPMENT
1943,2016,194,SPRINTER 3500,POWER TRAIN
1944,2016,194,SPRINTER 3500,EQUIPMENT
1945,2016,194,SPRINTER 3500,STRUCTURE
1946,2016,194,SPRINTER 3500,EQUIPMENT
1947,2016,17,SPORTAGE,FUEL SYSTEM
1948,2016,17,SPORTAGE,SERVICE BRAKES
1949,2016,306,R1200 GS,EXTERIOR LIGHTING
1950,2016,306,R1200 GS,SUSPENSION
1951,2016,306,R1200 GS,EQUIPMENT
1952,2016,306,R1200 GS,EQUIPMENT
1953,2016,1419,T880,ELECTRONIC STABILITY CONTROL (ESC)
1954,2016,1419,T880,EXTERIOR LIGHTING
1955,2016,1419,T880,EXTERIOR LIGHTING
1956,2016,1419,T880,STEERING
1957,2016,1419,T880,POWER TRAIN
1958,2016,1419,T880,FUEL SYSTEM
1959,2016,1419,T880,EXTERIOR LIGHTING
1960,2016,1419,T880,SERVICE BRAKES
1961,2016,1419,T880,WHEELS
1962,2016,1419,T880,ELECTRICAL SYSTEM
1963,2016,1419,T880,ELECTRICAL SYSTEM
1964,2016,1419,T880,POWER TRAIN
1965,2016,1419,T880,SERVICE BRAKES
1966,2016,1419,T880,ELECTRONIC STABILITY CONTROL (ESC)
1967,2016,1419,T880,SERVICE BRAKES
1968,2016,119,CHEROKEE WOLF PUP,SUSPENSION
1969,2016,1969,ELDORADO,SERVICE BRAKES
1970,2016,467,1190 ADVENTURE,SERVICE BRAKES
1971,2016,77,F-550 SD,TIRES
1972,2016,77,F-550 SD,AIR BAGS
1973,2016,77,F-550 SD,BACK OVER PREVENTION
1974,2016,82,EQUINOX,EQUIPMENT
1975,2016,1,PANAMERA 4,POWER TRAIN
1976,2016,1,PANAMERA 4,ELECTRICAL SYSTEM
1977,2016,1,PANAMERA 4,EXTERIOR LIGHTING
1978,2016,77,FUSION,STEERING
1979,2016,77,FUSION,POWER TRAIN
1980,2016,77,FUSION,POWER TRAIN
1981,2016,77,FUSION,SEAT BELTS
1982,2016,77,FUSION,STEERING
1983,2016,77,FUSION,SEAT BELTS
1984,2016,77,FUSION,FUEL SYSTEM
1985,2016,77,FUSION,LATCHES/LOCKS/LINKAGES
1986,2016,77,FUSION,POWER TRAIN
1987,2016,77,FUSION,SERVICE BRAKES
1988,2016,77,FUSION,LATCHES/LOCKS/LINKAGES
1989,2016,77,FUSION,BACK OVER PREVENTION
1990,2016,374,ELITE SUITES ALL,EXTERIOR LIGHTING
1991,2016,374,ELITE SUITES ALL,SERVICE BRAKES
1992,2016,16,REGAL,STEERING
1993,2016,4,FREEDOM EXPRESS,EQUIPMENT
1994,2016,4,FREEDOM EXPRESS,SUSPENSION
1995,2016,1995,SLINGSHOT,BACK OVER PREVENTION
1996,2016,1995,SLINGSHOT,ELECTRICAL SYSTEM
1997,2016,1995,SLINGSHOT,POWER TRAIN
1998,2016,1995,SLINGSHOT,FUEL SYSTEM
1999,2016,1995,SLINGSHOT,SERVICE BRAKES
2000,2016,1995,SLINGSHOT,SEATS
2001,2016,1995,SLINGSHOT,SERVICE BRAKES
2002,2016,1995,SLINGSHOT,EXTERIOR LIGHTING
2003,2016,155,MDX,FUEL SYSTEM
2004,2016,155,MDX,EXTERIOR LIGHTING
2005,2016,155,MDX,FUEL SYSTEM
2006,2016,155,MDX,ENGINE AND ENGINE COOLING
2007,2016,155,MDX,FUEL SYSTEM
2008,2016,155,MDX,EXTERIOR LIGHTING
2009,2016,1,PANAMERA 4S,POWER TRAIN
2010,2016,1,PANAMERA 4S,ELECTRICAL SYSTEM
2011,2016,1,PANAMERA 4S,EXTERIOR LIGHTING
2012,2016,288,ELKRIDGE,ELECTRICAL SYSTEM
2013,2016,288,ELKRIDGE,EXTERIOR LIGHTING
2014,2016,288,ELKRIDGE,EQUIPMENT
2015,2016,288,ELKRIDGE,EQUIPMENT
2016,2016,322,500X,POWER TRAIN
2017,2016,618,FLAIR,FUEL SYSTEM
2018,2016,618,FLAIR,EQUIPMENT
2019,2016,2019,CAPONORD RALLY,SERVICE BRAKES
2020,2016,146,CIVIC,EXTERIOR LIGHTING
2021,2016,146,CIVIC,PARKING BRAKE
2022,2016,146,CIVIC,ENGINE AND ENGINE COOLING
2023,2016,146,CIVIC,FUEL SYSTEM
2024,2016,119,PRIME TIME,EQUIPMENT
2025,2016,146,ODYSSEY,SEATS
2026,2016,146,ODYSSEY,SEATS
2027,2016,146,ODYSSEY,SEATS
2028,2016,146,ODYSSEY,SEATS
2029,2016,146,ODYSSEY,FUEL SYSTEM
2030,2016,146,ODYSSEY,FUEL SYSTEM
2031,2016,15,CAMRY,EQUIPMENT
2032,2016,15,CAMRY,AIR BAGS
2033,2016,2033,SS AGILE,EQUIPMENT
2034,2016,1800,A6,FUEL SYSTEM
2035,2016,1800,A6,ELECTRICAL SYSTEM
2036,2016,1800,A6,AIR BAGS
2037,2016,99,OUTBACK,STRUCTURE
2038,2016,99,OUTBACK,EQUIPMENT
2039,2016,99,OUTBACK,EQUIPMENT
2040,2016,146,PILOT,FUEL SYSTEM
2041,2016,146,PILOT,FUEL SYSTEM
2042,2016,146,PILOT,SEAT BELTS
2043,2016,146,PILOT,ELECTRICAL SYSTEM
2044,2016,146,PILOT,STRUCTURE
2045,2016,146,PILOT,ENGINE AND ENGINE COOLING
2046,2016,146,PILOT,FUEL SYSTEM
2047,2016,4,LEPRECHAUN,VISIBILITY
2048,2016,4,LEPRECHAUN,EQUIPMENT
2049,2016,306,740LI,AIR BAGS
2050,2016,2050,SILVER BACK,EQUIPMENT
2051,2016,2051,XCR,ELECTRICAL SYSTEM
2052,2016,1014,MT55,ELECTRICAL SYSTEM
2053,2016,1497,S80,ELECTRICAL SYSTEM
2054,2016,1497,S80,SEAT BELTS
2055,2016,1,PANAMERA,POWER TRAIN
2056,2016,1,PANAMERA,AIR BAGS
2057,2016,1,PANAMERA,ELECTRICAL SYSTEM
2058,2016,1,PANAMERA,EXTERIOR LIGHTING
2059,2016,1800,S6,AIR BAGS
2060,2016,1800,S6,ENGINE AND ENGINE COOLING
2061,2016,1649,XSR900,STEERING
2062,2016,306,R1200 RS,EXTERIOR LIGHTING
2063,2016,306,R1200 RS,EQUIPMENT
2064,2016,306,R1200 RS,EQUIPMENT
2065,2016,2,WINNIE DROP,EQUIPMENT
2066,2016,2,WINNIE DROP,EQUIPMENT
2067,2016,44,VENTANA LE,EXTERIOR LIGHTING
2068,2016,44,VENTANA LE,EXTERIOR LIGHTING
2069,2016,44,VENTANA LE,ELECTRICAL SYSTEM
2070,2016,44,VENTANA LE,EQUIPMENT
2071,2016,44,VENTANA LE,SUSPENSION
2072,2016,44,VENTANA LE,WHEELS
2073,2016,155,RDX,AIR BAGS
2074,2016,155,RDX,AIR BAGS
2075,2016,306,M6,EXTERIOR LIGHTING
2076,2016,1,CAYENNE,SERVICE BRAKES
2077,2016,1,CAYENNE,EXTERIOR LIGHTING
2078,2016,77,EXPEDITION,SERVICE BRAKES
2079,2016,77,EXPEDITION,VISIBILITY
2080,2016,77,EXPEDITION,BACK OVER PREVENTION
2081,2016,15,LAND CRUISER,AIR BAGS
2082,2016,15,LAND CRUISER,AIR BAGS
2083,2016,15,LAND CRUISER,TIRES
2084,2016,31,IMAGINE,EQUIPMENT
2085,2016,31,IMAGINE,EQUIPMENT
2086,2016,344,NPR,SUSPENSION
2087,2016,344,NPR,POWER TRAIN
2088,2016,344,NPR,EQUIPMENT
2089,2016,344,NPR,VEHICLE SPEED CONTROL
2090,2016,344,NPR,EQUIPMENT
2091,2016,119,CASCADE,ELECTRICAL SYSTEM
2092,2016,77,EDGE,STEERING
2093,2016,77,EDGE,SERVICE BRAKES
2094,2016,77,EDGE,AIR BAGS
2095,2016,77,EDGE,SERVICE BRAKES
2096,2016,77,EDGE,POWER TRAIN
2097,2016,77,EDGE,SERVICE BRAKES
2098,2016,77,EDGE,BACK OVER PREVENTION
2099,2016,44,VENTANA,EXTERIOR LIGHTING
2100,2016,44,VENTANA,EQUIPMENT
2101,2016,44,VENTANA,STEERING
2102,2016,44,VENTANA,STEERING
2103,2016,44,VENTANA,ELECTRICAL SYSTEM
2104,2016,44,VENTANA,EQUIPMENT
2105,2016,44,VENTANA,EQUIPMENT
2106,2016,44,VENTANA,SUSPENSION
2107,2016,2107,MINI CAR HAULER,SUSPENSION
2108,2016,2107,MINI CAR HAULER,SUSPENSION
2109,2016,1419,T800,ELECTRONIC STABILITY CONTROL (ESC)
2110,2016,1419,T800,ENGINE AND ENGINE COOLING
2111,2016,1419,T800,STEERING
2112,2016,1419,T800,SERVICE BRAKES
2113,2016,1419,T800,VISIBILITY
2114,2016,1419,T800,ENGINE AND ENGINE COOLING
2115,2016,1419,T800,SERVICE BRAKES
2116,2016,1419,T800,ELECTRICAL SYSTEM
2117,2016,1419,T800,WHEELS
2118,2016,1419,T800,POWER TRAIN
2119,2016,1419,T800,ELECTRONIC STABILITY CONTROL (ESC)
2120,2016,1419,T800,SERVICE BRAKES
2121,2016,1884,TC,SERVICE BRAKES
2122,2016,1884,TC,EQUIPMENT
2123,2016,1884,TC,TIRES
2124,2016,4,GALLERIA,EQUIPMENT
2125,2016,4,GALLERIA,EQUIPMENT
2126,2016,4,GALLERIA,EQUIPMENT
2127,2016,1884,FR-S,EQUIPMENT
2128,2016,1884,FR-S,POWER TRAIN
2129,2016,1884,FR-S,TIRES
2130,2016,3,VENETIAN,STEERING
2131,2016,3,VENETIAN,EQUIPMENT
2132,2016,3,VENETIAN,SUSPENSION
2133,2016,3,VENETIAN,STEERING
2134,2016,3,VENETIAN,EXTERIOR LIGHTING
2135,2016,146,HR-V,SERVICE BRAKES
2136,2016,146,HR-V,EQUIPMENT
2137,2016,1197,AR-ONE,ELECTRICAL SYSTEM
2138,2016,1197,AR-ONE,EQUIPMENT
2139,2016,1197,AR-ONE,EQUIPMENT
2140,2016,1197,AR-ONE,EQUIPMENT
2141,2016,4,ORION,ENGINE AND ENGINE COOLING
2142,2016,4,ORION,POWER TRAIN
2143,2016,4,ORION,EQUIPMENT
2144,2016,4,ORION,ELECTRICAL SYSTEM
2145,2016,2145,TRAILER,EXTERIOR LIGHTING
2146,2016,599,TOWN AND COUNTRY,EQUIPMENT
2147,2016,599,TOWN AND COUNTRY,POWER TRAIN
2148,2016,599,TOWN AND COUNTRY,LATCHES/LOCKS/LINKAGES
2149,2016,599,TOWN AND COUNTRY,VISIBILITY
2150,2016,599,TOWN AND COUNTRY,SEATS
2151,2016,323,ALL AMERICAN,SEATS
2152,2016,323,ALL AMERICAN,EQUIPMENT ADAPTIVE/MOBILITY
2153,2016,323,ALL AMERICAN,EQUIPMENT
2154,2016,323,ALL AMERICAN,SERVICE BRAKES
2155,2016,323,ALL AMERICAN,SERVICE BRAKES
2156,2016,323,ALL AMERICAN,EQUIPMENT
2157,2016,323,ALL AMERICAN,STEERING
2158,2016,323,ALL AMERICAN,ENGINE AND ENGINE COOLING
2159,2016,323,ALL AMERICAN,ENGINE AND ENGINE COOLING
2160,2016,323,ALL AMERICAN,SEATS
2161,2016,323,ALL AMERICAN,SEATS
2162,2016,323,ALL AMERICAN,PARKING BRAKE
2163,2016,323,ALL AMERICAN,OTHER
2164,2016,323,ALL AMERICAN,STEERING
2165,2016,323,ALL AMERICAN,SEAT BELTS
2166,2016,323,ALL AMERICAN,SEATS
2167,2016,323,ALL AMERICAN,ENGINE AND ENGINE COOLING
2168,2016,323,ALL AMERICAN,ENGINE AND ENGINE COOLING
2169,2016,323,ALL AMERICAN,SEATS
2170,2016,323,ALL AMERICAN,STRUCTURE
2171,2016,64,REDHAWK,VISIBILITY
2172,2016,64,REDHAWK,EQUIPMENT
2173,2016,64,REDHAWK,EQUIPMENT
2174,2016,64,REDHAWK,EQUIPMENT
2175,2016,64,REDHAWK,EQUIPMENT
2176,2016,1497,XC60,SEAT BELTS
2177,2016,1497,XC60,SEAT BELTS
2178,2016,1497,XC60,ELECTRICAL SYSTEM
2179,2016,2179,570,AIR BAGS
2180,2016,77,TRANSIT,POWER TRAIN
2181,2016,77,TRANSIT,ELECTRICAL SYSTEM
2182,2016,77,TRANSIT,SEATS
2183,2016,77,TRANSIT,EQUIPMENT ADAPTIVE/MOBILITY
2184,2016,77,TRANSIT,SEATS
2185,2016,77,TRANSIT,SEATS
2186,2016,77,TRANSIT,SEATS
2187,2016,77,TRANSIT,EQUIPMENT ADAPTIVE/MOBILITY
2188,2016,77,TRANSIT,POWER TRAIN
2189,2016,77,TRANSIT,SEATS
2190,2016,77,TRANSIT,PARKING BRAKE
2191,2016,77,TRANSIT,SEATS
2192,2016,77,TRANSIT,SEATS
2193,2016,77,TRANSIT,SEATS
2194,2016,77,TRANSIT,SEATS
2195,2016,77,TRANSIT,ELECTRICAL SYSTEM
2196,2016,77,TRANSIT,POWER TRAIN
2197,2016,77,TRANSIT,FUEL SYSTEM
2198,2016,77,TRANSIT,AIR BAGS
2199,2016,77,TRANSIT,SEAT BELTS
2200,2016,77,TRANSIT,BACK OVER PREVENTION
2201,2016,21,ALLEGRO OPEN ROAD,TRAILER HITCHES
2202,2016,21,ALLEGRO OPEN ROAD,TRAILER HITCHES
2203,2016,21,ALLEGRO OPEN ROAD,EQUIPMENT
2204,2016,77,ECONOLINE,POWER TRAIN
2205,2016,77,ESCAPE,AIR BAGS
2206,2016,77,ESCAPE,POWER TRAIN
2207,2016,77,ESCAPE,BACK OVER PREVENTION
2208,2016,1681,VELOCITY,STRUCTURE
2209,2016,1681,VELOCITY,ELECTRICAL SYSTEM
2210,2016,1681,VELOCITY,EQUIPMENT
2211,2016,1681,VELOCITY,EQUIPMENT
2212,2016,1681,VELOCITY,POWER TRAIN
2213,2016,1681,VELOCITY,STEERING
2214,2016,1681,VELOCITY,SUSPENSION
2215,2016,1681,VELOCITY,EQUIPMENT
2216,2016,1681,VELOCITY,EQUIPMENT
2217,2016,1681,VELOCITY,EQUIPMENT
2218,2016,1681,VELOCITY,POWER TRAIN
2219,2016,1681,VELOCITY,POWER TRAIN
2220,2016,1681,VELOCITY,FUEL SYSTEM
2221,2016,1681,VELOCITY,EQUIPMENT
2222,2016,1014,SPRINTER 2500,AIR BAGS
2223,2016,1014,SPRINTER 2500,AIR BAGS
2224,2016,1014,SPRINTER 2500,STEERING
2225,2016,1014,SPRINTER 2500,AIR BAGS
2226,2016,1014,SPRINTER 2500,SEAT BELTS
2227,2016,1014,SPRINTER 2500,STRUCTURE
2228,2016,1014,SPRINTER 2500,POWER TRAIN
2229,2016,1014,SPRINTER 2500,EQUIPMENT
2230,2016,1014,SPRINTER 2500,STRUCTURE
2231,2016,452,OUTBACK,AIR BAGS
2232,2016,452,OUTBACK,STEERING
2233,2016,452,OUTBACK,POWER TRAIN
2234,2016,452,OUTBACK,POWER TRAIN
2235,2016,1800,A4,ENGINE AND ENGINE COOLING
2236,2016,1800,A4,ELECTRICAL SYSTEM
2237,2016,1800,A4,ENGINE AND ENGINE COOLING
2238,2016,8,ELANTRA,LATCHES/LOCKS/LINKAGES
2239,2016,2239,CARGO TRAILER,STRUCTURE
2240,2016,8,GENESIS COUPE,AIR BAGS
2241,2016,8,GENESIS COUPE,AIR BAGS
2242,2016,37,GOLF,STEERING
2243,2016,37,GOLF,UNKNOWN OR OTHER
2244,2016,37,GOLF,SUSPENSION
2245,2016,37,GOLF,ELECTRICAL SYSTEM
2246,2016,37,GOLF,FUEL SYSTEM
2247,2016,37,GOLF,FUEL SYSTEM
2248,2016,37,GOLF,ENGINE AND ENGINE COOLING
2249,2016,37,GOLF,AIR BAGS
2250,2016,37,GOLF,FUEL SYSTEM
2251,2016,119,FLAGSTAFF,TIRES
2252,2016,119,FLAGSTAFF,EQUIPMENT
2253,2016,2253,MULTISTRADA 1200S,STRUCTURE
2254,2016,82,VOLT,AIR BAGS
2255,2016,82,SPARK,AIR BAGS
2256,2016,1497,V60,SEAT BELTS
2257,2016,1497,V60,ELECTRICAL SYSTEM
2258,2016,1497,V60,SEAT BELTS
2259,2016,1497,V60,LATCHES/LOCKS/LINKAGES
2260,2016,119,FR3,EQUIPMENT
2261,2016,119,FR3,POWER TRAIN
2262,2016,146,ACCORD,FUEL SYSTEM
2263,2016,146,ACCORD,ELECTRICAL SYSTEM
2264,2016,146,ACCORD,FUEL SYSTEM
2265,2016,2253,SCRAMBLER,STRUCTURE
2266,2016,99,BULLET,EQUIPMENT
2267,2016,99,BULLET,EQUIPMENT
2268,2016,99,BULLET,SUSPENSION
2269,2016,288,GATEWAY,EQUIPMENT
2270,2016,1800,A3,AIR BAGS
2271,2016,1800,A3,ELECTRICAL SYSTEM
2272,2016,1800,A3,FUEL SYSTEM
2273,2016,1800,A3,AIR BAGS
2274,2016,1800,A3,AIR BAGS
2275,2016,1800,A3,FUEL SYSTEM
2276,2016,77,E-150,EQUIPMENT ADAPTIVE/MOBILITY
2277,2016,77,FLEX,ENGINE AND ENGINE COOLING
2278,2016,77,FLEX,SUSPENSION
2279,2016,77,FLEX,BACK OVER PREVENTION
2280,2016,37,TOUAREG,TIRES
2281,2016,37,TOUAREG,SERVICE BRAKES
2282,2016,82,SILVERADO 3500,SERVICE BRAKES
2283,2016,82,SILVERADO 3500,FUEL SYSTEM
2284,2016,82,SILVERADO 3500,AIR BAGS
2285,2016,82,SILVERADO 3500,AIR BAGS
2286,2016,82,SILVERADO 3500,SERVICE BRAKES
2287,2016,82,SILVERADO 3500,AIR BAGS
2288,2016,2253,MULTISTRADA,SERVICE BRAKES
2289,2016,1,MACAN S,AIR BAGS
2290,2016,1,MACAN S,AIR BAGS
2291,2016,1,MACAN S,FUEL SYSTEM
2292,2016,1,MACAN S,FUEL SYSTEM
2293,2016,1,MACAN S,SEAT BELTS
2294,2016,1579,REV,ENGINE AND ENGINE COOLING
2295,2016,1579,REV,ELECTRICAL SYSTEM
2296,2016,1,CAYENNE GTS,EXTERIOR LIGHTING
2297,2016,31,MOMENTUM,EQUIPMENT
2298,2016,31,MOMENTUM,EQUIPMENT
2299,2016,31,MOMENTUM,EQUIPMENT
2300,2016,31,MOMENTUM,EQUIPMENT
2301,2016,119,WILDWOOD,ELECTRICAL SYSTEM
2302,2016,119,WILDWOOD,EQUIPMENT
2303,2016,119,WILDWOOD,EQUIPMENT
2304,2016,119,WILDWOOD,SUSPENSION
2305,2016,119,WILDWOOD,EQUIPMENT
2306,2016,119,WILDWOOD,SUSPENSION
2307,2016,119,WILDWOOD,ELECTRICAL SYSTEM
2308,2016,14,MKX,STEERING
2309,2016,14,MKX,SERVICE BRAKES
2310,2016,14,MKX,ELECTRICAL SYSTEM
2311,2016,14,MKX,SEATS
2312,2016,14,MKX,AIR BAGS
2313,2016,14,MKX,CHILD SEAT
2314,2016,14,MKX,SERVICE BRAKES
2315,2016,2315,VAN TRAILER,PARKING BRAKE
2316,2016,119,R-POD,SUSPENSION
2317,2016,77,FOCUS,FUEL SYSTEM
2318,2016,77,FOCUS,POWER TRAIN
2319,2016,77,FOCUS,STRUCTURE
2320,2016,77,FOCUS,POWER TRAIN
2321,2016,77,FOCUS,LATCHES/LOCKS/LINKAGES
2322,2016,77,FOCUS,ENGINE AND ENGINE COOLING
2323,2016,261,SUNSET TRAIL,EQUIPMENT
2324,2016,261,SUNSET TRAIL,EQUIPMENT
2325,2016,261,SUNSET TRAIL,EQUIPMENT
2326,2016,261,SUNSET TRAIL,SUSPENSION
2327,2016,261,SUNSET TRAIL,EQUIPMENT
2328,2016,306,C650 GT MAXI-SCOOTER,SERVICE BRAKES
2329,2016,3,TUSCANY XTE,VISIBILITY
2330,2016,3,TUSCANY XTE,VISIBILITY
2331,2016,3,TUSCANY XTE,EQUIPMENT
2332,2016,3,TUSCANY XTE,EXTERIOR LIGHTING
2333,2016,1419,T680,ELECTRONIC STABILITY CONTROL (ESC)
2334,2016,1419,T680,EXTERIOR LIGHTING
2335,2016,1419,T680,STEERING
2336,2016,1419,T680,WHEELS
2337,2016,1419,T680,POWER TRAIN
2338,2016,1419,T680,FUEL SYSTEM
2339,2016,1419,T680,EXTERIOR LIGHTING
2340,2016,1419,T680,ELECTRICAL SYSTEM
2341,2016,1419,T680,EXTERIOR LIGHTING
2342,2016,1419,T680,ELECTRICAL SYSTEM
2343,2016,1419,T680,SERVICE BRAKES
2344,2016,1419,T680,POWER TRAIN
2345,2016,1419,T680,SERVICE BRAKES
2346,2016,1419,T680,ELECTRICAL SYSTEM
2347,2016,1419,T680,ELECTRONIC STABILITY CONTROL (ESC)
2348,2016,1419,T680,SERVICE BRAKES
2349,2016,44,LONDON AIRE,EXTERIOR LIGHTING
2350,2016,44,LONDON AIRE,VEHICLE SPEED CONTROL
2351,2016,44,LONDON AIRE,SUSPENSION
2352,2016,44,LONDON AIRE,ELECTRICAL SYSTEM
2353,2016,44,LONDON AIRE,SERVICE BRAKES
2354,2016,44,LONDON AIRE,EQUIPMENT
2355,2016,44,LONDON AIRE,EXTERIOR LIGHTING
2356,2016,44,LONDON AIRE,SEATS
2357,2016,193,CHIEF VINTAGE,SERVICE BRAKES
2358,2016,193,CHIEF VINTAGE,EXTERIOR LIGHTING
2359,2016,452,IMPREZA,EXTERIOR LIGHTING
2360,2016,258,DURANGO,EQUIPMENT
2361,2016,258,DURANGO,STRUCTURE
2362,2016,2,ASPECT,ELECTRICAL SYSTEM
2363,2016,2,ASPECT,ELECTRICAL SYSTEM
2364,2016,2,ASPECT,EQUIPMENT
2365,2016,15,SIENNA,SERVICE BRAKES
2366,2016,15,SIENNA,SERVICE BRAKES
2367,2016,15,SIENNA,STRUCTURE
2368,2016,15,SIENNA,SEAT BELTS
2369,2016,1865,STRYKER TOY,EQUIPMENT
2370,2016,1865,STRYKER TOY,TRAILER HITCHES
2371,2016,1865,STRYKER TOY,SUSPENSION
2372,2016,1865,STRYKER TOY,EQUIPMENT
2373,2016,8,TUCSON,POWER TRAIN
2374,2016,8,TUCSON,ELECTRICAL SYSTEM
2375,2016,8,TUCSON,EXTERIOR LIGHTING
2376,2016,8,TUCSON,LATCHES/LOCKS/LINKAGES
2377,2016,8,TUCSON,SERVICE BRAKES
2378,2016,1228,CRUSADER,EQUIPMENT
2379,2016,119,SUNSEEKER,VISIBILITY
2380,2016,119,SUNSEEKER,EXTERIOR LIGHTING
2381,2016,119,SUNSEEKER,EQUIPMENT
2382,2016,1245,COLUMBUS,EQUIPMENT
2383,2016,17,RIO,LATCHES/LOCKS/LINKAGES
2384,2016,17,RIO,SERVICE BRAKES
2385,2016,1,PANAMERA TURBO S,POWER TRAIN
2386,2016,1,PANAMERA TURBO S,ELECTRICAL SYSTEM
2387,2016,1,PANAMERA TURBO S,EXTERIOR LIGHTING
2388,2016,64,ALANTE CLASS A 31L,SEAT BELTS
2389,2016,1157,ASPEN TRAIL,EQUIPMENT
2390,2016,1157,ASPEN TRAIL,SUSPENSION
2391,2016,15,CAMRY HYBRID,POWER TRAIN
2392,2016,288,NORTH TRAIL,EQUIPMENT
2393,2016,8,SANTA FE SPORT,LATCHES/LOCKS/LINKAGES
2394,2016,562,JUKE,SERVICE BRAKES
2395,2016,119,SOLERA,EXTERIOR LIGHTING
2396,2016,306,S1000 RR,EXTERIOR LIGHTING
2397,2016,145,FLHX,POWER TRAIN
2398,2016,79,OPEN RANGE,SUSPENSION
2399,2016,119,SALEM,ELECTRICAL SYSTEM
2400,2016,119,SALEM,EQUIPMENT
2401,2016,119,SALEM,SUSPENSION
2402,2016,119,SALEM,EQUIPMENT
2403,2016,119,SALEM,EQUIPMENT
2404,2016,119,SALEM,EQUIPMENT
2405,2016,119,SALEM,SUSPENSION
2406,2016,119,SALEM,ELECTRICAL SYSTEM
2407,2016,1800,A3 SPORTBACK E-TRON,AIR BAGS
2408,2016,2,VISTA,EQUIPMENT
2409,2016,2,VISTA,ELECTRICAL SYSTEM
2410,2016,2,VISTA,POWER TRAIN
2411,2016,2,VISTA,STRUCTURE
2412,2016,2,VISTA,EXTERIOR LIGHTING
2413,2016,2,VISTA,LATCHES/LOCKS/LINKAGES
2414,2016,2,MINNIE WINNIE,EQUIPMENT
2415,2016,15,TUNDRA,AIR BAGS
2416,2016,15,TUNDRA,STRUCTURE
2417,2016,15,TUNDRA,WHEELS
2418,2016,15,TUNDRA,EQUIPMENT
2419,2016,15,TUNDRA,STEERING
2420,2016,15,TUNDRA,STEERING
2421,2016,2421,STUDENT SAFETY TRANSPORT,SEATS
2422,2016,2421,STUDENT SAFETY TRANSPORT,EQUIPMENT ADAPTIVE/MOBILITY
2423,2016,2,VIEW,ELECTRICAL SYSTEM
2424,2016,2,VIEW,EQUIPMENT
2425,2016,2,VIEW,EQUIPMENT
2426,2016,2,VIEW,EQUIPMENT
2427,2016,119,BLUE RIDGE,EQUIPMENT
2428,2016,145,XG750,SERVICE BRAKES
2429,2016,13,Q70,POWER TRAIN
2430,2016,99,SUMMERLAND,ELECTRICAL SYSTEM
2431,2016,99,SUMMERLAND,TIRES
2432,2016,9,RENEGADE,SUSPENSION
2433,2016,9,RENEGADE,TRAILER HITCHES
2434,2016,17,SOUL,ENGINE
2435,2016,17,SOUL,STEERING
2436,2016,77,F-650 SD,SERVICE BRAKES
2437,2016,77,F-650 SD,STEERING
2438,2016,77,F-650 SD,PARKING BRAKE
2439,2016,1800,S3,AIR BAGS
2440,2016,1800,S3,AIR BAGS
2441,2016,1800,S3,AIR BAGS
2442,2016,64,GREYHAWK,EQUIPMENT
2443,2016,64,GREYHAWK,EQUIPMENT
2444,2016,64,GREYHAWK,EQUIPMENT
2445,2016,64,GREYHAWK,EQUIPMENT
2446,2016,13,Q50,STEERING
2447,2016,13,Q50,AIR BAGS
2448,2016,13,Q50,FUEL SYSTEM
2449,2016,13,Q50,POWER TRAIN
2450,2016,1,PANAMERA GTS,POWER TRAIN
2451,2016,1,PANAMERA GTS,ELECTRICAL SYSTEM
2452,2016,1,PANAMERA GTS,EXTERIOR LIGHTING
2453,2016,9,CHEROKEE,ELECTRICAL SYSTEM
2454,2016,9,CHEROKEE,ELECTRICAL SYSTEM
2455,2016,9,CHEROKEE,EQUIPMENT
2456,2016,9,CHEROKEE,SEATS
2457,2016,9,CHEROKEE,POWER TRAIN
2458,2016,9,CHEROKEE,POWER TRAIN
2459,2016,9,CHEROKEE,POWER TRAIN
2460,2016,9,CHEROKEE,POWER TRAIN
2461,2016,9,CHEROKEE,ELECTRICAL SYSTEM
2462,2016,1785,E4,ELECTRICAL SYSTEM
2463,2016,1785,E4,WHEELS
2464,2016,1785,E4,ELECTRICAL SYSTEM
2465,2016,306,S1000 XR,EQUIPMENT
2466,2016,306,S1000 XR,EQUIPMENT
2467,2016,1564,GX460,AIR BAGS
2468,2016,1564,GX460,AIR BAGS
2469,2016,98,YUKON,SERVICE BRAKES
2470,2016,98,YUKON,SERVICE BRAKES
2471,2016,98,YUKON,AIR BAGS
2472,2016,98,YUKON,AIR BAGS
2473,2016,98,YUKON,SUSPENSION
2474,2016,193,SCOUT,SERVICE BRAKES
2475,2016,4,MIRADA,EQUIPMENT
2476,2016,4,MIRADA,EQUIPMENT
2477,2016,4,MIRADA,PARKING BRAKE
2478,2016,4,MIRADA,TRAILER HITCHES
2479,2016,4,MIRADA,POWER TRAIN
2480,2016,1497,VNL,ENGINE AND ENGINE COOLING
2481,2016,1497,VNL,STEERING
2482,2016,1497,VNL,SERVICE BRAKES
2483,2016,1497,VNL,STEERING
2484,2016,1497,VNL,PARKING BRAKE
2485,2016,1497,VNL,SUSPENSION
2486,2016,1014,BUSINESS CLASS M2,SERVICE BRAKES
2487,2016,1014,BUSINESS CLASS M2,EXTERIOR LIGHTING
2488,2016,1014,BUSINESS CLASS M2,POWER TRAIN
2489,2016,1014,BUSINESS CLASS M2,ELECTRICAL SYSTEM
2490,2016,1014,BUSINESS CLASS M2,SERVICE BRAKES
2491,2016,1014,BUSINESS CLASS M2,POWER TRAIN
2492,2016,1014,BUSINESS CLASS M2,ELECTRICAL SYSTEM
2493,2016,1014,BUSINESS CLASS M2,SERVICE BRAKES
2494,2016,1014,BUSINESS CLASS M2,TIRES
2495,2016,1014,BUSINESS CLASS M2,ELECTRICAL SYSTEM
2496,2016,1014,BUSINESS CLASS M2,STEERING
2497,2016,1014,BUSINESS CLASS M2,POWER TRAIN
2498,2016,1014,BUSINESS CLASS M2,SERVICE BRAKES
2499,2016,1014,BUSINESS CLASS M2,POWER TRAIN
2500,2016,1014,BUSINESS CLASS M2,SERVICE BRAKES
2501,2016,1014,BUSINESS CLASS M2,ENGINE AND ENGINE COOLING
2502,2016,119,SANDSTORM,SUSPENSION
2503,2016,119,SANDSTORM,EQUIPMENT
2504,2016,9,WRANGLER,AIR BAGS
2505,2016,9,WRANGLER,SEAT BELTS
2506,2016,9,WRANGLER,AIR BAGS
2507,2016,9,WRANGLER,AIR BAGS
2508,2016,9,WRANGLER,AIR BAGS
2509,2016,82,SPARK EV,AIR BAGS
2510,2016,82,SPARK EV,AIR BAGS
2511,2016,194,AMG GT,POWER TRAIN
2512,2016,194,AMG GT,POWER TRAIN
2513,2016,77,F-650 ROUSH PROPANE,FUEL SYSTEM
2514,2016,306,X1 SAV,AIR BAGS
2515,2016,17,OPTIMA,FUEL SYSTEM
2516,2016,17,OPTIMA,AIR BAGS
2517,2016,17,OPTIMA,POWER TRAIN
2518,2016,17,OPTIMA,AIR BAGS
2519,2016,17,OPTIMA,LATCHES/LOCKS/LINKAGES
2520,2016,858,4500,ELECTRICAL SYSTEM
2521,2016,858,4500,WHEELS
2522,2016,858,4500,EQUIPMENT
2523,2016,858,4500,POWER TRAIN
2524,2016,858,4500,ENGINE AND ENGINE COOLING
2525,2016,858,4500,POWER TRAIN
2526,2016,858,4500,ENGINE AND ENGINE COOLING
2527,2016,92,DART,POWER TRAIN
2528,2016,92,DART,EQUIPMENT
2529,2016,92,DART,VISIBILITY
2530,2016,92,DART,ELECTRICAL SYSTEM
2531,2016,92,DART,POWER TRAIN
2532,2016,128,SRX,SUSPENSION
2533,2016,64,JAY SERIES,EQUIPMENT
2534,2016,288,ROAD WARRIOR,EQUIPMENT
2535,2016,288,ROAD WARRIOR,EQUIPMENT
2536,2016,288,ROAD WARRIOR,EQUIPMENT
2537,2016,119,STEALTH EVO,TIRES
2538,2016,562,PATHFINDER,AIR BAGS
2539,2016,562,PATHFINDER,LATCHES/LOCKS/LINKAGES
2540,2016,8,AZERA,LATCHES/LOCKS/LINKAGES
2541,2016,155,ILX,FUEL SYSTEM
2542,2016,155,ILX,AIR BAGS
2543,2016,155,ILX,POWER TRAIN
2544,2016,155,ILX,AIR BAGS
2545,2016,155,ILX,FUEL SYSTEM
2546,2016,2546,CARGO TRAILER,STRUCTURE
2547,2016,3,PALAZZO,EQUIPMENT
2548,2016,9,PATRIOT,ENGINE AND ENGINE COOLING
2549,2016,130,STREET TWIN,ELECTRICAL SYSTEM
2550,2016,130,STREET TWIN,SERVICE BRAKES
2551,2016,130,STREET TWIN,ELECTRICAL SYSTEM
2552,2016,15,TACOMA,STRUCTURE
2553,2016,15,TACOMA,ENGINE
2554,2016,15,TACOMA,POWER TRAIN
2555,2016,15,TACOMA,AIR BAGS
2556,2016,599,300,POWER TRAIN
2557,2016,599,300,ELECTRICAL SYSTEM
2558,2016,599,300,POWER TRAIN
2559,2016,306,M2,STRUCTURE
2560,2016,128,CTS,SEATS
2561,2016,128,CTS,STEERING
2562,2016,128,CTS,STEERING
2563,2016,2563,PALAZZO,VISIBILITY
2564,2016,2563,PALAZZO,EQUIPMENT
2565,2016,2563,PALAZZO,VISIBILITY
2566,2016,2563,PALAZZO,SUSPENSION
2567,2016,2253,XDIAVEL,POWER TRAIN
2568,2016,2253,XDIAVEL,STRUCTURE
2569,2016,2253,XDIAVEL,STRUCTURE
2570,2016,2253,XDIAVEL,SERVICE BRAKES
2571,2016,1,MACAN TURBO,AIR BAGS
2572,2016,1,MACAN TURBO,FUEL SYSTEM
2573,2016,1,MACAN TURBO,AIR BAGS
2574,2016,1,MACAN TURBO,FUEL SYSTEM
2575,2016,2253,MULTISTRADA 1200,SUSPENSION
2576,2016,2253,MULTISTRADA 1200,STRUCTURE
2577,2016,858,1500,ENGINE AND ENGINE COOLING
2578,2016,858,1500,LATCHES/LOCKS/LINKAGES
2579,2016,858,1500,STRUCTURE
2580,2016,858,1500,ELECTRICAL SYSTEM
2581,2016,858,1500,AIR BAGS
2582,2016,858,1500,ENGINE AND ENGINE COOLING
2583,2016,858,1500,POWER TRAIN
2584,2016,858,1500,POWER TRAIN
2585,2016,858,1500,AIR BAGS
2586,2016,858,1500,POWER TRAIN
2587,2016,858,1500,TIRES
2588,2016,858,1500,POWER TRAIN
2589,2016,858,1500,STEERING
2590,2016,858,1500,EQUIPMENT
2591,2016,858,1500,FUEL SYSTEM
2592,2016,858,1500,ENGINE AND ENGINE COOLING
2593,2016,858,1500,AIR BAGS
2594,2016,562,ROGUE,SEATS
2595,2016,562,ROGUE,AIR BAGS
2596,2016,562,ROGUE,SEATS
2597,2016,562,ROGUE,AIR BAGS
2598,2016,562,ROGUE,STRUCTURE
2599,2016,562,ROGUE,ELECTRICAL SYSTEM
2600,2016,562,ROGUE,ELECTRICAL SYSTEM
2601,2016,194,SPRINTER 2500,AIR BAGS
2602,2016,194,SPRINTER 2500,AIR BAGS
2603,2016,194,SPRINTER 2500,STEERING
2604,2016,194,SPRINTER 2500,POWER TRAIN
2605,2016,194,SPRINTER 2500,AIR BAGS
2606,2016,194,SPRINTER 2500,SEAT BELTS
2607,2016,194,SPRINTER 2500,EQUIPMENT
2608,2016,194,SPRINTER 2500,STRUCTURE
2609,2016,194,SPRINTER 2500,EQUIPMENT
2610,2016,194,SPRINTER 2500,SEAT BELTS
2611,2016,194,SPRINTER 2500,EQUIPMENT
2612,2016,194,SPRINTER 2500,POWER TRAIN
2613,2016,194,SPRINTER 2500,STRUCTURE
2614,2016,194,SPRINTER 2500,EQUIPMENT
2615,2016,194,SPRINTER 2500,EQUIPMENT
2616,2016,1014,SPRINTER 3500,AIR BAGS
2617,2016,1014,SPRINTER 3500,AIR BAGS
2618,2016,1014,SPRINTER 3500,ELECTRONIC STABILITY CONTROL (ESC)
2619,2016,1014,SPRINTER 3500,EQUIPMENT ADAPTIVE/MOBILITY
2620,2016,1014,SPRINTER 3500,STEERING
2621,2016,1014,SPRINTER 3500,AIR BAGS
2622,2016,1014,SPRINTER 3500,SEAT BELTS
2623,2016,1014,SPRINTER 3500,STRUCTURE
2624,2016,1014,SPRINTER 3500,POWER TRAIN
2625,2016,1014,SPRINTER 3500,STRUCTURE
2626,2016,1014,SPRINTER 3500,EQUIPMENT
2627,2016,119,GEORGETOWN,EQUIPMENT
2628,2016,119,GEORGETOWN,POWER TRAIN
2629,2016,119,GEORGETOWN,STRUCTURE
2630,2016,119,GEORGETOWN,EXTERIOR LIGHTING
2631,2016,1649,FJR13,ENGINE AND ENGINE COOLING
2632,2016,288,BIG COUNTRY,EQUIPMENT
2633,2016,288,BIG COUNTRY,EQUIPMENT
2634,2016,2253,MONSTER 1200,SERVICE BRAKES
2635,2016,2253,MONSTER 1200,SERVICE BRAKES
2636,2016,2636,NAVION,EQUIPMENT
2637,2016,2636,NAVION,EQUIPMENT
2638,2016,2636,NAVION,EQUIPMENT
2639,2016,2639,AZURE,SEATS
2640,2016,15,SEQUOIA,WHEELS
2641,2016,15,SEQUOIA,STEERING
2642,2016,15,SEQUOIA,STEERING
2643,2016,306,750LI,AIR BAGS
2644,2016,1009,INTERSTATE,EQUIPMENT
2645,2016,323,VISION,SEATS
2646,2016,323,VISION,PARKING BRAKE
2647,2016,323,VISION,PARKING BRAKE
2648,2016,323,VISION,EQUIPMENT ADAPTIVE/MOBILITY
2649,2016,323,VISION,EXTERIOR LIGHTING
2650,2016,323,VISION,SERVICE BRAKES
2651,2016,323,VISION,SERVICE BRAKES
2652,2016,323,VISION,POWER TRAIN
2653,2016,323,VISION,EQUIPMENT
2654,2016,323,VISION,FUEL SYSTEM
2655,2016,323,VISION,SEATS
2656,2016,323,VISION,STRUCTURE
2657,2016,323,VISION,ELECTRICAL SYSTEM
2658,2016,323,VISION,VISIBILITY/WIPER
2659,2016,323,VISION,EXTERIOR LIGHTING
2660,2016,323,VISION,POWER TRAIN
2661,2016,323,VISION,ELECTRICAL SYSTEM
2662,2016,323,VISION,FUEL SYSTEM
2663,2016,323,VISION,STRUCTURE
2664,2016,323,VISION,SEATS
2665,2016,323,VISION,PARKING BRAKE
2666,2016,323,VISION,SEAT BELTS
2667,2016,323,VISION,VISIBILITY/WIPER
2668,2016,323,VISION,ELECTRICAL SYSTEM
2669,2016,323,VISION,OTHER
2670,2016,323,VISION,FUEL SYSTEM
2671,2016,323,VISION,SEATS
2672,2016,323,VISION,FUEL SYSTEM
2673,2016,323,VISION,FUEL SYSTEM
2674,2016,2674,488 GTB,AIR BAGS
2675,2016,2674,488 GTB,SERVICE BRAKES
2676,2016,2674,488 GTB,AIR BAGS
2677,2016,2674,488 GTB,SERVICE BRAKES
2678,2016,2674,488 GTB,FUEL SYSTEM
2679,2016,288,CYCLONE,EQUIPMENT
2680,2016,288,CYCLONE,EQUIPMENT
2681,2016,288,CYCLONE,EQUIPMENT
2682,2016,521,CESB,OTHER
2683,2016,521,CESB,ELECTRICAL SYSTEM
2684,2016,521,CESB,SERVICE BRAKES
2685,2016,521,CESB,STEERING
2686,2016,521,CESB,ENGINE AND ENGINE COOLING
2687,2016,521,CESB,STRUCTURE
2688,2016,521,CESB,ELECTRICAL SYSTEM
2689,2016,521,CESB,STRUCTURE
2690,2016,521,CESB,ELECTRICAL SYSTEM
2691,2016,521,CESB,EQUIPMENT ADAPTIVE/MOBILITY
2692,2016,521,CESB,SERVICE BRAKES
2693,2016,521,CESB,EQUIPMENT ADAPTIVE/MOBILITY
2694,2016,521,CESB,SERVICE BRAKES
2695,2016,521,CESB,SERVICE BRAKES
2696,2016,521,CESB,STRUCTURE
2697,2016,98,CANYON,AIR BAGS
2698,2016,98,CANYON,FUEL SYSTEM
2699,2016,98,CANYON,LATCHES/LOCKS/LINKAGES
2700,2016,98,CANYON,AIR BAGS
2701,2016,908,ASPIRE,EXTERIOR LIGHTING
2702,2016,908,ASPIRE,STEERING
2703,2016,908,ASPIRE,SERVICE BRAKES
2704,2016,908,ASPIRE,VEHICLE SPEED CONTROL
2705,2016,908,ASPIRE,SERVICE BRAKES
2706,2016,908,ASPIRE,SERVICE BRAKES
2707,2016,562,FRONTIER,ELECTRICAL SYSTEM
2708,2016,146,GL1800,AIR BAGS
2709,2016,1800,Q7,FUEL SYSTEM
2710,2016,99,FUZION,SERVICE BRAKES
2711,2016,99,FUZION,EQUIPMENT
2712,2016,99,FUZION,EQUIPMENT
2713,2016,99,FUZION,STRUCTURE
2714,2016,467,690 DUKE,FUEL SYSTEM
2715,2016,322,500E,ELECTRICAL SYSTEM
2716,2016,908,ANTHEM,EQUIPMENT
2717,2016,908,ANTHEM,SUSPENSION
2718,2016,908,ANTHEM,EXTERIOR LIGHTING
2719,2016,119,SIERRA,EQUIPMENT
2720,2016,119,SIERRA,EQUIPMENT
2721,2016,145,FLHTKSE,VISIBILITY
2722,2016,145,FLHTKSE,POWER TRAIN
2723,2016,194,AMG GT S,COMMUNICATION
2724,2016,194,AMG GT S,POWER TRAIN
2725,2016,194,AMG GT S,ELECTRICAL SYSTEM
2726,2016,194,SPRINTER 1500,STEERING
2727,2016,119,VIBE,ELECTRICAL SYSTEM
2728,2016,119,VIBE,SUSPENSION
2729,2016,119,VIBE,EQUIPMENT
2730,2016,119,VIBE,EQUIPMENT
2731,2016,1357,CX-5,STRUCTURE
2732,2016,1357,CX-5,STEERING
2733,2016,1357,CX-5,FUEL SYSTEM
2734,2016,1357,CX-5,VISIBILITY
2735,2016,1357,CX-5,EXTERIOR LIGHTING
2736,2016,37,PASSAT,EXTERIOR LIGHTING
2737,2016,37,PASSAT,FUEL SYSTEM
2738,2016,37,PASSAT,ENGINE AND ENGINE COOLING
2739,2016,37,PASSAT,UNKNOWN OR OTHER
2740,2016,37,PASSAT,UNKNOWN OR OTHER
2741,2016,99,SPRINGDALE,EQUIPMENT
2742,2016,99,SPRINGDALE,ELECTRICAL SYSTEM
2743,2016,99,SPRINGDALE,EQUIPMENT
2744,2016,99,SPRINGDALE,SUSPENSION
2745,2016,15,HIGHLANDER,ELECTRICAL SYSTEM
2746,2016,15,HIGHLANDER,ELECTRICAL SYSTEM
2747,2016,15,HIGHLANDER,EQUIPMENT
2748,2016,2748,NINJA ZX-10R,STEERING
2749,2016,92,JOURNEY,ELECTRICAL SYSTEM
2750,2016,92,JOURNEY,ENGINE AND ENGINE COOLING
2751,2016,92,JOURNEY,POWER TRAIN
2752,2016,92,JOURNEY,STEERING
2753,2016,262,LANCER,ELECTRICAL SYSTEM
2754,2016,262,LANCER,POWER TRAIN
2755,2016,16,ENVISION,EQUIPMENT
2756,2016,16,ENVISION,FUEL SYSTEM
2757,2016,16,ENVISION,STRUCTURE
2758,2016,16,ENVISION,SERVICE BRAKES
2759,2016,16,ENVISION,EQUIPMENT
2760,2016,21,PHAETON,EQUIPMENT
2761,2016,618,STORM,FUEL SYSTEM
2762,2016,618,STORM,EQUIPMENT
2763,2016,562,ALTIMA,STRUCTURE
2764,2016,562,ALTIMA,LATCHES/LOCKS/LINKAGES
2765,2016,562,ALTIMA,AIR BAGS
2766,2016,562,ALTIMA,LATCHES/LOCKS/LINKAGES
2767,2016,79,3X,SUSPENSION
2768,2016,79,3X,EQUIPMENT
2769,2016,2,SCORPION,EQUIPMENT
2770,2016,1800,Q5,ELECTRICAL SYSTEM
2771,2016,1800,Q5,ENGINE AND ENGINE COOLING
2772,2016,1800,Q5,VISIBILITY
2773,2016,1800,Q5,ENGINE AND ENGINE COOLING
2774,2016,1800,Q5,FUEL SYSTEM
2775,2016,1357,MX-5,POWER TRAIN
2776,2016,1357,MX-5,STRUCTURE
2777,2016,1357,MX-5,AIR BAGS
2778,2016,1497,S60I,LATCHES/LOCKS/LINKAGES
2779,2016,82,MALIBU,AIR BAGS
2780,2016,82,MALIBU,FUEL SYSTEM
2781,2016,82,MALIBU,ELECTRONIC STABILITY CONTROL (ESC)
2782,2016,82,MALIBU,AIR BAGS
2783,2016,82,MALIBU,ELECTRICAL SYSTEM
2784,2016,82,MALIBU,ELECTRICAL SYSTEM
2785,2016,82,MALIBU,AIR BAGS
2786,2016,82,MALIBU,AIR BAGS
2787,2016,82,MALIBU,SEAT BELTS
2788,2016,1,CAYENNE TURBO S,EXTERIOR LIGHTING
2789,2016,1357,MAZDA6,STEERING
2790,2016,2790,AIRFLYTE,VISIBILITY
2791,2016,2790,AIRFLYTE,EQUIPMENT
2792,2016,2790,AIRFLYTE,TIRES
2793,2016,1711,GOOSENECK,SUSPENSION
2794,2016,2315,CHASSIS,PARKING BRAKE
2795,2016,37,GOLF R,EQUIPMENT
2796,2016,37,GOLF R,LATCHES/LOCKS/LINKAGES
2797,2016,37,GOLF R,AIR BAGS
2798,2016,37,GOLF R,VISIBILITY/WIPER
2799,2016,155,TLX,FUEL SYSTEM
2800,2016,155,TLX,ENGINE AND ENGINE COOLING
2801,2016,155,TLX,FUEL SYSTEM
2802,2016,8,GENESIS,PARKING BRAKE
2803,2016,8,GENESIS,SERVICE BRAKES
2804,2016,8,GENESIS,ELECTRICAL SYSTEM
2805,2016,288,BIGHORN,EQUIPMENT
2806,2016,146,NC700X,ELECTRICAL SYSTEM
2807,2016,467,1290 SUPER DUKE GT,FUEL SYSTEM
2808,2016,467,1290 SUPER DUKE GT,SERVICE BRAKES
2809,2016,8,SANTA FE,LATCHES/LOCKS/LINKAGES
2810,2016,8,SANTA FE,SEAT BELTS
2811,2016,8,SANTA FE,SERVICE BRAKES
2812,2016,2812,CONQUEST,EXTERIOR LIGHTING
2813,2016,2812,CONQUEST,EQUIPMENT
2814,2016,37,CC,AIR BAGS
2815,2016,37,CC,UNKNOWN OR OTHER
2816,2016,37,CC,AIR BAGS
2817,2016,37,CC,SEATS
2818,2016,37,CC,FUEL SYSTEM
2819,2016,37,CC,LATCHES/LOCKS/LINKAGES
2820,2016,98,TERRAIN,EQUIPMENT
2821,2016,98,TERRAIN,EXTERIOR LIGHTING
2822,2016,1157,DENALI,EQUIPMENT
2823,2016,1157,DENALI,SUSPENSION
2824,2016,505,CXU,PARKING BRAKE
2825,2016,64,SEISMIC,ELECTRICAL SYSTEM
2826,2016,21,ALLEGRO,EQUIPMENT
2827,2016,21,ALLEGRO,EQUIPMENT
2828,2016,21,ALLEGRO,STEERING
2829,2016,15,AVALON,AIR BAGS
2830,2016,15,AVALON,AIR BAGS
2831,2016,15,AVALON,AIR BAGS
2832,2016,31,SOLITUDE,EQUIPMENT
2833,2016,31,SOLITUDE,EQUIPMENT
2834,2016,31,SOLITUDE,SUSPENSION
2835,2016,15,AVALON HYBRID,AIR BAGS
2836,2016,15,AVALON HYBRID,POWER TRAIN
2837,2016,1009,SPORT,EQUIPMENT
2838,2016,1,CAYMAN,AIR BAGS
2839,2016,1197,LAUNCH ULTRA LITE,EQUIPMENT
2840,2016,1197,LAUNCH ULTRA LITE,ELECTRICAL SYSTEM
2841,2016,1197,LAUNCH ULTRA LITE,EQUIPMENT
2842,2016,1197,LAUNCH ULTRA LITE,EQUIPMENT
2843,2016,1197,LAUNCH ULTRA LITE,EQUIPMENT
2844,2016,262,OUTLANDER,ELECTRICAL SYSTEM
2845,2016,262,OUTLANDER,LATCHES/LOCKS/LINKAGES
2846,2016,262,OUTLANDER,PARKING BRAKE
2847,2016,262,OUTLANDER,POWER TRAIN
2848,2016,262,OUTLANDER,SEAT BELTS
2849,2016,262,OUTLANDER,PARKING BRAKE
2850,2016,262,OUTLANDER,STRUCTURE
2851,2016,193,SPRINGFIELD,ELECTRICAL SYSTEM
2852,2016,193,SPRINGFIELD,FUEL SYSTEM
2853,2016,193,SPRINGFIELD,EXTERIOR LIGHTING
2854,2016,858,PROMASTER,POWER TRAIN
2855,2016,858,PROMASTER,POWER TRAIN
2856,2016,858,PROMASTER,EQUIPMENT
2857,2016,858,PROMASTER,SEATS
2858,2016,858,PROMASTER,SEATS
2859,2016,858,PROMASTER,SEATS
2860,2016,858,PROMASTER,SEATS
2861,2016,858,PROMASTER,EQUIPMENT
2862,2016,858,PROMASTER,EQUIPMENT
2863,2016,858,PROMASTER,POWER TRAIN
2864,2016,858,PROMASTER,EQUIPMENT
2865,2016,858,PROMASTER,ELECTRICAL SYSTEM
2866,2016,858,PROMASTER,ELECTRONIC STABILITY CONTROL (ESC)
2867,2016,858,PROMASTER,ELECTRICAL SYSTEM
2868,2016,858,PROMASTER,POWER TRAIN
2869,2016,9,COMPASS,ENGINE AND ENGINE COOLING
2870,2016,145,FLHTP,POWER TRAIN
2871,2016,2871,AMERICAN EAGLE,EQUIPMENT
2872,2016,2871,AMERICAN EAGLE,EQUIPMENT
2873,2016,2871,AMERICAN EAGLE,STRUCTURE
2874,2016,44,CANYON STAR,FUEL SYSTEM
2875,2016,44,CANYON STAR,EQUIPMENT ADAPTIVE/MOBILITY
2876,2016,44,CANYON STAR,ELECTRICAL SYSTEM
2877,2016,44,CANYON STAR,EQUIPMENT
2878,2016,44,CANYON STAR,LATCHES/LOCKS/LINKAGES
2879,2016,44,CANYON STAR,EQUIPMENT
2880,2016,44,CANYON STAR,PARKING BRAKE
2881,2016,44,CANYON STAR,POWER TRAIN
2882,2016,13,Q70L,POWER TRAIN
2883,2016,119,ROCKWOOD,TIRES
2884,2016,37,JETTA,FUEL SYSTEM
2885,2016,37,JETTA,SERVICE BRAKES
2886,2016,37,JETTA,ELECTRICAL SYSTEM
2887,2016,37,JETTA,FUEL SYSTEM
2888,2016,37,JETTA,ENGINE AND ENGINE COOLING
2889,2016,119,FORESTER,VISIBILITY
2890,2016,119,FORESTER,EXTERIOR LIGHTING
2891,2016,119,FORESTER,EQUIPMENT
2892,2016,2253,XDIAVEL S,SERVICE BRAKES
2893,2016,2253,XDIAVEL S,WHEELS
2894,2016,2253,XDIAVEL S,SEATS
2895,2016,1,PANAMERA TURBO,POWER TRAIN
2896,2016,1,PANAMERA TURBO,ELECTRICAL SYSTEM
2897,2016,1,PANAMERA TURBO,EXTERIOR LIGHTING
2898,2016,16,VERANO,ELECTRICAL SYSTEM
2899,2016,16,VERANO,FUEL SYSTEM
2900,2016,322,500,POWER TRAIN
2901,2016,322,500,EQUIPMENT
2902,2016,322,500,POWER TRAIN
2903,2016,322,500,TIRES
2904,2016,1497,XC70,SEAT BELTS
2905,2016,1497,XC70,ELECTRICAL SYSTEM
2906,2016,1357,CX-3,STRUCTURE
2907,2016,1357,CX-3,STEERING
2908,2016,1357,CX-3,BACK OVER PREVENTION
2909,2016,194,SPRINTER 4500,STEERING
2910,2016,375,337,STEERING
2911,2016,375,337,ELECTRICAL SYSTEM
2912,2016,375,337,SEAT BELTS
2913,2016,375,337,TIRES
2914,2016,375,337,ELECTRONIC STABILITY CONTROL (ESC)
2915,2016,1,PANAMERA S,POWER TRAIN
2916,2016,1,PANAMERA S,ELECTRICAL SYSTEM
2917,2016,1,PANAMERA S,EXTERIOR LIGHTING
2918,2016,145,FLHTK,POWER TRAIN
2919,2016,99,MONTANA,EQUIPMENT
2920,2016,17,SORENTO,FUEL SYSTEM
2921,2016,17,SORENTO,SEAT BELTS
2922,2016,17,SORENTO,SEATS
2923,2016,17,SORENTO,TRAILER HITCHES
2924,2016,17,SORENTO,SUSPENSION
2925,2016,17,SORENTO,VEHICLE SPEED CONTROL
2926,2016,17,SORENTO,POWER TRAIN
2927,2016,17,SORENTO,TRAILER HITCHES
2928,2016,1726,VACATIONER,EQUIPMENT
2929,2016,1726,VACATIONER,FUEL SYSTEM
2930,2016,1726,VACATIONER,SERVICE BRAKES
2931,2016,2871,AMERICAN ALLEGIANCE,EQUIPMENT
2932,2016,1800,S8,FUEL SYSTEM
2933,2016,1800,S8,STRUCTURE
2934,2016,1800,S8,ENGINE AND ENGINE COOLING
2935,2016,1564,RX350,AIR BAGS
2936,2016,1564,RX350,AIR BAGS
2937,2016,1564,RX350,SERVICE BRAKES
2938,2016,306,M3,POWER TRAIN
2939,2016,306,M3,STRUCTURE
2940,2016,306,M3,POWER TRAIN
2941,2016,82,CRUZE,FUEL SYSTEM
2942,2016,82,CRUZE,SEATS
2943,2016,82,CRUZE,EXTERIOR LIGHTING
2944,2016,82,CRUZE,ELECTRICAL SYSTEM
2945,2016,1,911 GT3 RS,EQUIPMENT
2946,2016,1,911 GT3 RS,AIR BAGS
2947,2016,119,BERKSHIRE,ELECTRICAL SYSTEM
2948,2016,119,BERKSHIRE,ELECTRICAL SYSTEM
2949,2016,119,BERKSHIRE,EQUIPMENT
2950,2016,119,BERKSHIRE,EXTERIOR LIGHTING
2951,2016,119,BERKSHIRE,STEERING
2952,2016,119,BERKSHIRE,EQUIPMENT
2953,2016,119,BERKSHIRE,STEERING
2954,2016,146,FIT,STRUCTURE
2955,2016,562,NV200,AIR BAGS
2956,2016,562,NV200,FUEL SYSTEM
2957,2016,82,COLORADO,AIR BAGS
2958,2016,82,COLORADO,FUEL SYSTEM
2959,2016,82,COLORADO,LATCHES/LOCKS/LINKAGES
2960,2016,82,COLORADO,AIR BAGS
2961,2016,2961,VS2DC,STRUCTURE
2962,2016,2962,ELIMINATOR,SUSPENSION
2963,2016,1564,LX570,AIR BAGS
2964,2016,375,579,EXTERIOR LIGHTING
2965,2016,375,579,STEERING
2966,2016,375,579,ELECTRICAL SYSTEM
2967,2016,375,579,EXTERIOR LIGHTING
2968,2016,375,579,EQUIPMENT
2969,2016,375,579,ELECTRICAL SYSTEM
2970,2016,375,579,ELECTRICAL SYSTEM
2971,2016,375,579,POWER TRAIN
2972,2016,375,579,ELECTRICAL SYSTEM
2973,2016,375,579,ELECTRICAL SYSTEM
2974,2016,375,579,ELECTRONIC STABILITY CONTROL (ESC)
2975,2016,8,SONATA HYBRID,EXTERIOR LIGHTING
2976,2016,8,SONATA HYBRID,LATCHES/LOCKS/LINKAGES
2977,2016,8,SONATA HYBRID,ENGINE
2978,2016,8,SONATA HYBRID,VISIBILITY
2979,2016,8,SONATA HYBRID,AIR BAGS
2980,2016,306,750LXI,AIR BAGS
2981,2016,2981,TS45,EQUIPMENT
2982,2016,2981,TS45,STEERING
2983,2016,2981,TS45,ENGINE
2984,2016,2981,TS45,SUSPENSION
2985,2016,2981,TS45,STEERING
2986,2016,2981,TS45,PARKING BRAKE
2987,2016,2981,TS45,SUSPENSION
2988,2016,2981,TS45,TIRES
2989,2016,2981,TS45,STRUCTURE
2990,2016,344,NPR HD,SUSPENSION
2991,2016,344,NPR HD,STRUCTURE
2992,2016,344,NPR HD,POWER TRAIN
2993,2016,344,NPR HD,VEHICLE SPEED CONTROL
2994,2016,344,NPR HD,EQUIPMENT
2995,2016,344,NPR HD,EQUIPMENT
2996,2016,344,NPR HD,EQUIPMENT
2997,2016,82,TAHOE,SEAT BELTS
2998,2016,82,TAHOE,SERVICE BRAKES
2999,2016,82,TAHOE,SERVICE BRAKES
3000,2016,82,TAHOE,AIR BAGS
3001,2016,82,TAHOE,AIR BAGS
3002,2016,82,TAHOE,SUSPENSION
3003,2016,82,TAHOE,SEAT BELTS
3004,2016,452,FORESTER,EXTERIOR LIGHTING
3005,2016,452,FORESTER,AIR BAGS
3006,2016,452,FORESTER,ENGINE AND ENGINE COOLING
3007,2016,452,LEGACY,POWER TRAIN
3008,2016,452,LEGACY,STEERING
3009,2016,452,LEGACY,POWER TRAIN
3010,2016,262,OUTLANDER SPORT,PARKING BRAKE
3011,2016,262,OUTLANDER SPORT,STRUCTURE
3012,2016,262,OUTLANDER SPORT,ELECTRICAL SYSTEM
3013,2016,262,OUTLANDER SPORT,LATCHES/LOCKS/LINKAGES
3014,2016,262,OUTLANDER SPORT,VISIBILITY
3015,2016,262,OUTLANDER SPORT,STRUCTURE
3016,2016,262,OUTLANDER SPORT,PARKING BRAKE
3017,2016,262,OUTLANDER SPORT,POWER TRAIN
3018,2016,17,SEDONA,STRUCTURE
3019,2016,17,SEDONA,EXTERIOR LIGHTING
3020,2016,17,SEDONA,ELECTRICAL SYSTEM
3021,2016,17,SEDONA,POWER TRAIN
3022,2016,130,SPEED TRIPLE R,ELECTRICAL SYSTEM
3023,2016,57,F-TYPE,STEERING
3024,2016,37,EOS,AIR BAGS
3025,2016,37,EOS,UNKNOWN OR OTHER
3026,2016,193,ROADMASTER,ELECTRICAL SYSTEM
3027,2016,193,ROADMASTER,ENGINE AND ENGINE COOLING
3028,2016,193,ROADMASTER,FUEL SYSTEM
3029,2016,193,ROADMASTER,ELECTRICAL SYSTEM
3030,2016,193,ROADMASTER,SERVICE BRAKES
3031,2016,64,OCTANE SUPER LITE,ELECTRICAL SYSTEM
3032,2016,262,MIRAGE,AIR BAGS
3033,2016,119,VENGEANCE,EQUIPMENT
3034,2016,119,VENGEANCE,EQUIPMENT
3035,2016,119,VENGEANCE,EQUIPMENT
3036,2016,119,VENGEANCE,ELECTRICAL SYSTEM
3037,2016,119,VENGEANCE,SUSPENSION
3038,2016,128,ESCALADE ESV,AIR BAGS
3039,2016,128,ESCALADE ESV,AIR BAGS
3040,2016,128,ESCALADE ESV,SUSPENSION
3041,2016,288,WILDERNESS,EXTERIOR LIGHTING
3042,2016,288,WILDERNESS,EQUIPMENT
3043,2016,77,F-450 SD,TIRES
3044,2016,77,F-450 SD,AIR BAGS
3045,2016,77,F-450 SD,BACK OVER PREVENTION
3046,2016,562,LEAF,AIR BAGS
3047,2016,562,LEAF,AIR BAGS
3048,2016,562,LEAF,AIR BAGS
3049,2016,562,LEAF,EQUIPMENT
3050,2016,1800,RS7,AIR BAGS
3051,2016,1800,RS7,EQUIPMENT
3052,2016,1800,RS7,ENGINE AND ENGINE COOLING
3053,2016,1497,S60,SEAT BELTS
3054,2016,1497,S60,ELECTRICAL SYSTEM
3055,2016,1497,S60,SEAT BELTS
3056,2016,1497,S60,LATCHES/LOCKS/LINKAGES
3057,2016,1014,CASCADIA,SERVICE BRAKES
3058,2016,1014,CASCADIA,STEERING
3059,2016,1014,CASCADIA,EXTERIOR LIGHTING
3060,2016,1014,CASCADIA,STEERING
3061,2016,1014,CASCADIA,STEERING
3062,2016,1014,CASCADIA,POWER TRAIN
3063,2016,1014,CASCADIA,ELECTRICAL SYSTEM
3064,2016,1014,CASCADIA,EQUIPMENT
3065,2016,1014,CASCADIA,EXTERIOR LIGHTING
3066,2016,1014,CASCADIA,POWER TRAIN
3067,2016,1014,CASCADIA,ELECTRICAL SYSTEM
3068,2016,1014,CASCADIA,EQUIPMENT
3069,2016,3069,3X,EQUIPMENT
3070,2016,14,MKT,ENGINE AND ENGINE COOLING
3071,2016,14,MKT,SUSPENSION
3072,2016,2,JOURNEY,ELECTRICAL SYSTEM
3073,2016,2,JOURNEY,SUSPENSION
3074,2016,2,JOURNEY,EQUIPMENT
3075,2016,2,JOURNEY,EQUIPMENT
3076,2016,2,JOURNEY,EQUIPMENT
3077,2016,2,JOURNEY,EXTERIOR LIGHTING
3078,2016,562,MAXIMA,SERVICE BRAKES
3079,2016,562,MAXIMA,AIR BAGS
3080,2016,562,MAXIMA,SERVICE BRAKES
3081,2016,562,MAXIMA,SERVICE BRAKES
3082,2016,562,MAXIMA,SERVICE BRAKES
3083,2016,562,MAXIMA,FUEL SYSTEM
3084,2016,562,MAXIMA,AIR BAGS
3085,2016,562,MAXIMA,SERVICE BRAKES
3086,2016,1197,LAUNCH,ELECTRICAL SYSTEM
3087,2016,1197,LAUNCH,EQUIPMENT
3088,2016,82,SS,SEAT BELTS
3089,2016,82,SS,STEERING
3090,2016,82,SS,STEERING
3091,2016,82,SS,AIR BAGS
3092,2016,82,SS,STEERING
3093,2016,82,SS,AIR BAGS
3094,2016,82,SS,SEAT BELTS
3095,2016,2,FORZA,SUSPENSION
3096,2016,2,FORZA,EQUIPMENT
3097,2016,2,FORZA,EXTERIOR LIGHTING
3098,2016,2,FORZA,LATCHES/LOCKS/LINKAGES
3099,2016,15,4RUNNER,AIR BAGS
3100,2016,15,4RUNNER,AIR BAGS
3101,2016,15,4RUNNER,STRUCTURE
3102,2016,15,4RUNNER,STRUCTURE
3103,2016,15,4RUNNER,EQUIPMENT
3104,2016,15,4RUNNER,AIR BAGS
3105,2016,15,4RUNNER,TIRES
3106,2016,15,4RUNNER,EQUIPMENT
3107,2016,858,2500,STEERING
3108,2016,858,2500,STEERING
3109,2016,858,2500,LATCHES/LOCKS/LINKAGES
3110,2016,858,2500,STRUCTURE
3111,2016,858,2500,ELECTRICAL SYSTEM
3112,2016,858,2500,AIR BAGS
3113,2016,858,2500,POWER TRAIN
3114,2016,858,2500,WHEELS
3115,2016,858,2500,EQUIPMENT
3116,2016,858,2500,AIR BAGS
3117,2016,858,2500,ENGINE AND ENGINE COOLING
3118,2016,858,2500,ENGINE AND ENGINE COOLING
3119,2016,858,2500,EQUIPMENT
3120,2016,858,2500,AIR BAGS
3121,2016,3121,BAY HILL,EQUIPMENT
3122,2016,13,QX60,AIR BAGS
3123,2016,119,PUMA,SUSPENSION
3124,2016,119,PUMA,SUSPENSION
3125,2016,119,PUMA,EQUIPMENT
3126,2016,669,WORKSTAR,ENGINE AND ENGINE COOLING
3127,2016,669,WORKSTAR,STEERING
3128,2016,669,WORKSTAR,SERVICE BRAKES
3129,2016,669,WORKSTAR,POWER TRAIN
3130,2016,16,LACROSSE,AIR BAGS
3131,2016,16,LACROSSE,AIR BAGS
3132,2016,99,ALPINE,EQUIPMENT
3133,2016,99,ALPINE,EQUIPMENT
3134,2016,99,ALPINE,STRUCTURE
3135,2016,99,COUGAR,SUSPENSION
3136,2016,99,COUGAR,EQUIPMENT
3137,2016,1800,TT,AIR BAGS
3138,2016,1800,TT,ELECTRICAL SYSTEM
3139,2016,1800,TT,FUEL SYSTEM
3140,2016,1800,TT,AIR BAGS
3141,2016,17,K900,SERVICE BRAKES
3142,2016,17,K900,EXTERIOR LIGHTING
3143,2016,17,K900,SERVICE BRAKES
3144,2016,77,TRANSIT CONNECT,SEAT BELTS
3145,2016,77,TRANSIT CONNECT,LATCHES/LOCKS/LINKAGES
3146,2016,77,TRANSIT CONNECT,VISIBILITY
3147,2016,77,TRANSIT CONNECT,POWER TRAIN
3148,2016,77,TRANSIT CONNECT,SERVICE BRAKES
3149,2016,77,TRANSIT CONNECT,LATCHES/LOCKS/LINKAGES
3150,2016,77,TRANSIT CONNECT,VISIBILITY
3151,2016,77,TRANSIT CONNECT,POWER TRAIN
3152,2016,77,TRANSIT CONNECT,LATCHES/LOCKS/LINKAGES
3153,2016,77,TRANSIT CONNECT,BACK OVER PREVENTION
3154,2016,145,FXDL,ELECTRICAL SYSTEM
3155,2016,146,CBR300R,ENGINE AND ENGINE COOLING
3156,2016,119,EVO,EQUIPMENT
3157,2016,119,EVO,SUSPENSION
3158,2016,145,FLTRU,POWER TRAIN
3159,2016,145,FLHXS,POWER TRAIN
3160,2016,92,CHALLENGER,POWER TRAIN
3161,2016,92,CHALLENGER,ELECTRICAL SYSTEM
3162,2016,14,MKC,ENGINE AND ENGINE COOLING
3163,2016,14,MKC,ENGINE
3164,2016,14,MKC,BACK OVER PREVENTION
3165,2016,14,MKC,EQUIPMENT
3166,2016,130,THRUXTON 1200R,ELECTRICAL SYSTEM
3167,2016,3167,SILVERADO,EQUIPMENT
3168,2016,3167,SILVERADO,ELECTRICAL SYSTEM
3169,2016,77,MUSTANG,SEAT BELTS
3170,2016,77,MUSTANG,ENGINE AND ENGINE COOLING
3171,2016,77,MUSTANG,BACK OVER PREVENTION
3172,2016,77,MUSTANG,BACK OVER PREVENTION
3173,2016,77,MUSTANG,SEAT BELTS
3174,2016,44,DUTCH STAR,EXTERIOR LIGHTING
3175,2016,44,DUTCH STAR,EQUIPMENT
3176,2016,44,DUTCH STAR,VEHICLE SPEED CONTROL
3177,2016,44,DUTCH STAR,STEERING
3178,2016,44,DUTCH STAR,EQUIPMENT
3179,2016,44,DUTCH STAR,STEERING
3180,2016,44,DUTCH STAR,ELECTRICAL SYSTEM
3181,2016,44,DUTCH STAR,STEERING
3182,2016,44,DUTCH STAR,ELECTRICAL SYSTEM
3183,2016,44,DUTCH STAR,EQUIPMENT
3184,2016,44,DUTCH STAR,SERVICE BRAKES
3185,2016,16,CASCADA,VISIBILITY
3186,2016,31,REFLECTION,ELECTRICAL SYSTEM
3187,2016,31,REFLECTION,EQUIPMENT
3188,2016,31,REFLECTION,EQUIPMENT
3189,2016,31,REFLECTION,EQUIPMENT
3190,2016,31,REFLECTION,SUSPENSION
3191,2016,31,REFLECTION,SUSPENSION
3192,2016,145,FLHTKL,POWER TRAIN
3193,2016,64,JAY FEATHER,ELECTRICAL SYSTEM
3194,2016,8,SONATA,VISIBILITY
3195,2016,8,SONATA,PARKING BRAKE
3196,2016,8,SONATA,AIR BAGS
3197,2016,8,SONATA,AIR BAGS
3198,2016,8,SONATA,ELECTRICAL SYSTEM
3199,2016,8,SONATA,EXTERIOR LIGHTING
3200,2016,1,911 GT3,EQUIPMENT
3201,2016,306,X5,ENGINE AND ENGINE COOLING
3202,2016,306,X5,FUEL SYSTEM
3203,2016,306,X5,FUEL SYSTEM
3204,2016,306,X5,ELECTRICAL SYSTEM
3205,2016,306,X5,ENGINE AND ENGINE COOLING
3206,2016,3206,GENZE 2.0,SUSPENSION
3207,2016,2253,1299,ENGINE
3208,2016,2253,1299,SERVICE BRAKES
3209,2016,92,CHARGER,POWER TRAIN
3210,2016,92,CHARGER,ELECTRICAL SYSTEM
3211,2016,92,CHARGER,POWER TRAIN
3212,2016,92,CHARGER,EQUIPMENT
3213,2016,92,CHARGER,POWER TRAIN
3214,2016,92,CHARGER,STRUCTURE
3215,2016,119,SHOCKWAVE,EQUIPMENT
3216,2016,119,SHOCKWAVE,EQUIPMENT
3217,2016,119,SHOCKWAVE,SUSPENSION
3218,2016,746,CLUBMAN,AIR BAGS
3219,2016,746,CLUBMAN,TRAILER HITCHES
3220,2016,1681,ARROW XT,STRUCTURE
3221,2016,1681,ARROW XT,ELECTRICAL SYSTEM
3222,2016,1681,ARROW XT,EQUIPMENT
3223,2016,1681,ARROW XT,POWER TRAIN
3224,2016,1681,ARROW XT,STEERING
3225,2016,1681,ARROW XT,SUSPENSION
3226,2016,1681,ARROW XT,EQUIPMENT
3227,2016,1681,ARROW XT,EQUIPMENT
3228,2016,1681,ARROW XT,POWER TRAIN
3229,2016,1681,ARROW XT,EQUIPMENT
3230,2016,1681,ARROW XT,POWER TRAIN
3231,2016,1681,ARROW XT,FUEL SYSTEM
3232,2016,1681,ARROW XT,EQUIPMENT
3233,2016,3233,GREY WOLF,EQUIPMENT
3234,2016,562,SENTRA,AIR BAGS
3235,2016,562,SENTRA,AIR BAGS
3236,2016,562,SENTRA,ELECTRICAL SYSTEM
3237,2016,562,SENTRA,AIR BAGS
3238,2016,562,SENTRA,AIR BAGS
3239,2016,562,SENTRA,EXTERIOR LIGHTING
3240,2016,1,PANAMERA S E-HYBRID,ELECTRICAL SYSTEM
3241,2016,1,PANAMERA S E-HYBRID,EXTERIOR LIGHTING
3242,2016,374,MOBILE SUITE,EQUIPMENT
3243,2016,374,MOBILE SUITE,SERVICE BRAKES
3244,2016,194,METRIS,POWER TRAIN
3245,2016,194,METRIS,ELECTRICAL SYSTEM
3246,2016,194,METRIS,ELECTRICAL SYSTEM
3247,2016,194,METRIS,STEERING
3248,2016,194,METRIS,FUEL SYSTEM
3249,2016,194,METRIS,POWER TRAIN
3250,2016,194,METRIS,STEERING
3251,2016,194,METRIS,ELECTRICAL SYSTEM
3252,2016,194,METRIS,LANE DEPARTURE
3253,2016,194,METRIS,SEAT BELTS
3254,2016,194,METRIS,SERVICE BRAKES
3255,2016,194,METRIS,BACK OVER PREVENTION
3256,2016,194,METRIS,TIRES
3257,2016,452,WRX,FORWARD COLLISION AVOIDANCE
3258,2016,452,WRX,ENGINE AND ENGINE COOLING
3259,2016,452,WRX,EXTERIOR LIGHTING
3260,2016,17,SOUL EV,POWER TRAIN
3261,2016,17,SOUL EV,STEERING
3262,2016,17,SOUL EV,ELECTRICAL SYSTEM
3263,2016,17,SOUL EV,POWER TRAIN
3264,2016,98,SIERRA 1500,SERVICE BRAKES
3265,2016,98,SIERRA 1500,SERVICE BRAKES
3266,2016,98,SIERRA 1500,AIR BAGS
3267,2016,98,SIERRA 1500,SUSPENSION
3268,2016,98,SIERRA 1500,AIR BAGS
3269,2016,98,SIERRA 1500,AIR BAGS
3270,2016,98,SIERRA 1500,AIR BAGS
3271,2016,145,FLSS,POWER TRAIN
3272,2016,130,THRUXTON,SERVICE BRAKES
3273,2016,130,THRUXTON,ELECTRICAL SYSTEM
3274,2016,130,THRUXTON,STRUCTURE
3275,2016,2107,WEDGE CAR HAULER,SUSPENSION
3276,2016,2107,WEDGE CAR HAULER,SUSPENSION
3277,2016,82,CAMARO,ELECTRICAL SYSTEM
3278,2016,3278,CROSS COUNTRY TOUR,SERVICE BRAKES
3279,2016,119,XLR TOYHAULER,SUSPENSION
3280,2016,119,XLR TOYHAULER,EQUIPMENT
3281,2016,8,VELOSTER,ENGINE
3282,2016,2,ERA,ELECTRICAL SYSTEM
3283,2016,2,ERA,EQUIPMENT
3284,2016,2,ERA,EQUIPMENT
3285,2016,2,ERA,EQUIPMENT
3286,2016,2,ERA,ELECTRICAL SYSTEM
3287,2016,2,ERA,EQUIPMENT
3288,2016,2,ERA,EQUIPMENT
3289,2016,2,ERA,SEAT BELTS
3290,2016,82,SILVERADO 1500,SERVICE BRAKES
3291,2016,82,SILVERADO 1500,SEAT BELTS
3292,2016,82,SILVERADO 1500,SERVICE BRAKES
3293,2016,82,SILVERADO 1500,SERVICE BRAKES
3294,2016,82,SILVERADO 1500,SUSPENSION
3295,2016,82,SILVERADO 1500,AIR BAGS
3296,2016,82,SILVERADO 1500,SERVICE BRAKES
3297,2016,82,SILVERADO 1500,AIR BAGS
3298,2016,82,SILVERADO 1500,AIR BAGS
3299,2016,82,SILVERADO 1500,SEAT BELTS
3300,2016,82,SILVERADO 1500,AIR BAGS
3301,2016,37,TIGUAN,AIR BAGS
3302,2016,37,TIGUAN,LATCHES/LOCKS/LINKAGES
3303,2016,3278,MAGNUM,SERVICE BRAKES
3304,2016,64,JAY FLIGHT,EQUIPMENT
3305,2016,64,JAY FLIGHT,ELECTRICAL SYSTEM
3306,2016,14,MKZ,STEERING
3307,2016,14,MKZ,STEERING
3308,2016,14,MKZ,FUEL SYSTEM
3309,2016,14,MKZ,LATCHES/LOCKS/LINKAGES
3310,2016,14,MKZ,EXTERIOR LIGHTING
3311,2016,14,MKZ,SERVICE BRAKES
3312,2016,14,MKZ,LATCHES/LOCKS/LINKAGES
3313,2016,77,TAURUS,ENGINE AND ENGINE COOLING
3314,2016,77,TAURUS,SUSPENSION
3315,2016,77,TAURUS,STRUCTURE
3316,2016,77,TAURUS,BACK OVER PREVENTION
3317,2016,596,SPYDER F3,POWER TRAIN
3318,2016,64,EAGLE,ELECTRICAL SYSTEM
3319,2016,64,EAGLE,ELECTRICAL SYSTEM
3320,2016,64,EAGLE,SUSPENSION
3321,2016,64,EAGLE,EQUIPMENT
3322,2016,1357,MAZDA3,VISIBILITY
3323,2016,1357,MAZDA3,FUEL SYSTEM
3324,2016,1357,MAZDA3,FUEL SYSTEM
3325,2016,1357,MAZDA3,PARKING BRAKE
3326,2016,1357,MAZDA3,FUEL SYSTEM
3327,2016,1357,MAZDA3,BACK OVER PREVENTION
3328,2016,3328,DODGE WHEELCHAIR VAN,ELECTRONIC STABILITY CONTROL (ESC)
3329,2016,1800,Q3,EXTERIOR LIGHTING
3330,2016,1800,Q3,EXTERIOR LIGHTING
3331,2016,1800,Q3,ELECTRICAL SYSTEM
3332,2019,3,TUSCANY,EXTERIOR LIGHTING
3333,2019,3,TUSCANY,TIRES
3334,2019,3,TUSCANY,STRUCTURE
3335,2019,3,TUSCANY,EXTERIOR LIGHTING
3336,2019,9,RENEGADE,BACK OVER PREVENTION
3337,2019,9,RENEGADE,AIR BAGS
3338,2019,9,RENEGADE,AIR BAGS
3339,2019,9,RENEGADE,AIR BAGS
3340,2019,3340,MOKE,VISIBILITY
3341,2019,145,FLHCS,SUSPENSION
3342,2019,145,FLHCS,SUSPENSION
3343,2019,562,ARMADA,BACK OVER PREVENTION
3344,2019,98,SIERRA 3500,EQUIPMENT
3345,2019,98,SIERRA 3500,ENGINE
3346,2019,98,SIERRA 3500,FUEL SYSTEM
3347,2019,98,SIERRA 3500,AIR BAGS
3348,2019,98,SIERRA 3500,AIR BAGS
3349,2019,1445,LEGACY ELITE II,SUSPENSION
3350,2019,1445,LEGACY ELITE II,TRAILER HITCHES
3351,2019,1445,LEGACY ELITE II,EQUIPMENT
3352,2019,1357,MAZDA6,ENGINE
3353,2019,421,LEVANTE,EXTERIOR LIGHTING
3354,2019,194,AMG GLA45,ELECTRICAL SYSTEM
3355,2019,194,AMG GLA45,ELECTRICAL SYSTEM
3356,2019,77,F-550 SD,STRUCTURE
3357,2019,77,F-550 SD,ENGINE
3358,2019,77,F-550 SD,BACK OVER PREVENTION
3359,2019,77,F-550 SD,EQUIPMENT
3360,2019,77,F-550 SD,BACK OVER PREVENTION
3361,2019,92,JOURNEY,BACK OVER PREVENTION
3362,2019,119,VIBE,SUSPENSION
3363,2019,119,VIBE,ELECTRICAL SYSTEM
3364,2019,3364,WRAITH,EQUIPMENT
3365,2019,858,2500,VISIBILITY
3366,2019,858,2500,SEAT BELTS
3367,2019,858,2500,BACK OVER PREVENTION
3368,2019,858,2500,POWER TRAIN
3369,2019,858,2500,FUEL SYSTEM
3370,2019,858,2500,FUEL SYSTEM
3371,2019,858,2500,STRUCTURE
3372,2019,858,2500,SERVICE BRAKES
3373,2019,858,2500,SERVICE BRAKES
3374,2019,858,2500,STRUCTURE
3375,2019,858,2500,AIR BAGS
3376,2019,1800,RS3,AIR BAGS
3377,2019,1800,RS3,AIR BAGS
3378,2019,3378,ARCTIC FOX,EQUIPMENT
3379,2019,99,FUZION,EQUIPMENT
3380,2019,99,FUZION,EQUIPMENT
3381,2019,99,FUZION,ELECTRICAL SYSTEM
3382,2019,99,FUZION,SERVICE BRAKES
3383,2019,3383,HIMALAYAN,SERVICE BRAKES
3384,2019,64,PINNACLE,EQUIPMENT
3385,2019,64,PINNACLE,ELECTRICAL SYSTEM
3386,2019,64,PINNACLE,EQUIPMENT
3387,2019,9,COMPASS,VISIBILITY
3388,2019,9,COMPASS,SERVICE BRAKES
3389,2019,746,COOPER,ENGINE AND ENGINE COOLING
3390,2019,746,COOPER,STEERING
3391,2019,262,ECLIPSE CROSS,ELECTRICAL SYSTEM
3392,2019,2,FORZA,EQUIPMENT
3393,2019,2,FORZA,STRUCTURE
3394,2019,2,FORZA,EXTERIOR LIGHTING
3395,2019,2,FORZA,LATCHES/LOCKS/LINKAGES
3396,2019,2315,DRY VAN TRAILER,SERVICE BRAKES
3397,2019,14,CONTINENTAL,LATCHES/LOCKS/LINKAGES
3398,2019,14,CONTINENTAL,BACK OVER PREVENTION
3399,2019,14,CONTINENTAL,BACK OVER PREVENTION
3400,2019,858,4500,ENGINE AND ENGINE COOLING
3401,2019,858,4500,VISIBILITY
3402,2019,858,4500,FUEL SYSTEM
3403,2019,858,4500,SERVICE BRAKES
3404,2019,858,4500,FUEL SYSTEM
3405,2019,858,4500,WHEELS
3406,2019,858,4500,ENGINE AND ENGINE COOLING
3407,2019,858,4500,SUSPENSION
3408,2019,858,4500,SERVICE BRAKES
3409,2019,858,4500,SERVICE BRAKES
3410,2019,1564,GX460,FUEL SYSTEM
3411,2019,306,X3,LANE DEPARTURE
3412,2019,306,X3,SERVICE BRAKES
3413,2019,306,X3,BACK OVER PREVENTION
3414,2019,306,X3,ELECTRICAL SYSTEM
3415,2019,306,X3,SEATS
3416,2019,306,X3,BACK OVER PREVENTION
3417,2019,306,X3,AIR BAGS
3418,2019,306,X3,AIR BAGS
3419,2019,306,X3,STRUCTURE
3420,2019,306,X3,STRUCTURE
3421,2019,37,GOLF R,UNKNOWN OR OTHER
3422,2019,37,GOLF R,TIRES
3423,2019,9,CHEROKEE,ELECTRICAL SYSTEM
3424,2019,9,CHEROKEE,POWER TRAIN
3425,2019,9,CHEROKEE,POWER TRAIN
3426,2019,9,CHEROKEE,AIR BAGS
3427,2019,9,CHEROKEE,STEERING
3428,2019,9,CHEROKEE,ENGINE AND ENGINE COOLING
3429,2019,9,CHEROKEE,SEATS
3430,2019,9,CHEROKEE,ELECTRICAL SYSTEM
3431,2019,9,CHEROKEE,SERVICE BRAKES
3432,2019,9,CHEROKEE,POWER TRAIN
3433,2019,467,690 SMC R,POWER TRAIN
3434,2019,306,M850I,FUEL SYSTEM
3435,2019,306,M850I,BACK OVER PREVENTION
3436,2019,306,M850I,BACK OVER PREVENTION
3437,2019,77,EXPEDITION,POWER TRAIN
3438,2019,77,EXPEDITION,SEATS
3439,2019,77,EXPEDITION,SUSPENSION
3440,2019,77,EXPEDITION,EQUIPMENT
3441,2019,77,EXPEDITION,SEAT BELTS
3442,2019,77,EXPEDITION,EQUIPMENT
3443,2019,77,EXPEDITION,SEAT BELTS
3444,2019,1,911 GT3,EQUIPMENT
3445,2019,119,SIERRA,SUSPENSION
3446,2019,375,567,ELECTRICAL SYSTEM
3447,2019,375,567,FUEL SYSTEM
3448,2019,375,567,ELECTRICAL SYSTEM
3449,2019,375,567,ELECTRONIC STABILITY CONTROL (ESC)
3450,2019,375,567,SERVICE BRAKES
3451,2019,375,567,POWER TRAIN
3452,2019,375,567,ENGINE AND ENGINE COOLING
3453,2019,375,567,STEERING
3454,2019,193,SPRINGFIELD DARK HORSE,ELECTRICAL SYSTEM
3455,2019,44,KING AIRE,EQUIPMENT
3456,2019,44,KING AIRE,SERVICE BRAKES
3457,2019,44,KING AIRE,ELECTRICAL SYSTEM
3458,2019,44,KING AIRE,VISIBILITY
3459,2019,44,KING AIRE,EQUIPMENT
3460,2019,44,KING AIRE,EQUIPMENT
3461,2019,44,KING AIRE,STRUCTURE
3462,2019,306,R 1250 GS ADVENTURE,SERVICE BRAKES
3463,2019,306,R 1250 GS ADVENTURE,SERVICE BRAKES
3464,2019,306,R 1250 GS ADVENTURE,SERVICE BRAKES
3465,2019,306,R 1250 GS ADVENTURE,POWER TRAIN
3466,2019,150,STELVIO,SERVICE BRAKES
3467,2019,150,STELVIO,ENGINE AND ENGINE COOLING
3468,2019,150,STELVIO,ELECTRICAL SYSTEM
3469,2019,150,STELVIO,FORWARD COLLISION AVOIDANCE
3470,2019,150,STELVIO,SERVICE BRAKES
3471,2019,150,STELVIO,AIR BAGS
3472,2019,150,STELVIO,SERVICE BRAKES
3473,2019,150,STELVIO,FUEL SYSTEM
3474,2019,3474,XPEDITOR,SERVICE BRAKES
3475,2019,3474,XPEDITOR,POWER TRAIN
3476,2019,3474,XPEDITOR,EQUIPMENT
3477,2019,3474,XPEDITOR,FUEL SYSTEM
3478,2019,3474,XPEDITOR,TRACTION CONTROL SYSTEM
3479,2019,3474,XPEDITOR,ELECTRICAL SYSTEM
3480,2019,3474,XPEDITOR,ELECTRICAL SYSTEM
3481,2019,3474,XPEDITOR,ENGINE
3482,2019,3474,XPEDITOR,EXTERIOR LIGHTING
3483,2019,3474,XPEDITOR,PARKING BRAKE
3484,2019,3474,XPEDITOR,SEAT BELTS
3485,2019,3474,XPEDITOR,EQUIPMENT
3486,2019,3474,XPEDITOR,STEERING
3487,2019,3474,XPEDITOR,PARKING BRAKE
3488,2019,3474,XPEDITOR,STEERING
3489,2019,3474,XPEDITOR,ELECTRICAL SYSTEM
3490,2019,3474,XPEDITOR,SERVICE BRAKES
3491,2019,3474,XPEDITOR,STEERING
3492,2019,3474,XPEDITOR,EXTERIOR LIGHTING
3493,2019,3474,XPEDITOR,ELECTRICAL SYSTEM
3494,2019,3474,XPEDITOR,PARKING BRAKE
3495,2019,3474,XPEDITOR,ELECTRICAL SYSTEM
3496,2019,3474,XPEDITOR,PARKING BRAKE
3497,2019,3474,XPEDITOR,SERVICE BRAKES
3498,2019,288,WILDERNESS,EQUIPMENT
3499,2019,288,WILDERNESS,SUSPENSION
3500,2019,146,CLARITY ELECTRIC,SEAT BELTS
3501,2019,15,RAV4 HYBRID,ELECTRONIC STABILITY CONTROL (ESC)
3502,2019,15,RAV4 HYBRID,ENGINE AND ENGINE COOLING
3503,2019,15,RAV4 HYBRID,SUSPENSION
3504,2019,145,FLHTCU,VISIBILITY
3505,2019,3505,BUMPER HORSE,LATCHES/LOCKS/LINKAGES
3506,2019,64,PRECEPT,WHEELS
3507,2019,64,PRECEPT,EQUIPMENT
3508,2019,64,PRECEPT,VISIBILITY
3509,2019,64,PRECEPT,EQUIPMENT
3510,2019,64,PRECEPT,ELECTRICAL SYSTEM
3511,2019,64,PRECEPT,VISIBILITY
3512,2019,99,SPRINTER,EQUIPMENT
3513,2019,99,SPRINTER,EQUIPMENT
3514,2019,99,BULLET,EQUIPMENT
3515,2019,99,BULLET,EQUIPMENT
3516,2019,99,BULLET,SUSPENSION
3517,2019,99,BULLET,POWER TRAIN
3518,2019,4,LEPRECHAUN,VISIBILITY
3519,2019,4,LEPRECHAUN,POWER TRAIN
3520,2019,4,LEPRECHAUN,EQUIPMENT
3521,2019,194,SPRINTER 1500,SEATS
3522,2019,194,SPRINTER 1500,EQUIPMENT
3523,2019,194,SPRINTER 1500,FUEL SYSTEM
3524,2019,194,SPRINTER 1500,AIR BAGS
3525,2019,194,SPRINTER 1500,UNKNOWN OR OTHER
3526,2019,194,SPRINTER 1500,VISIBILITY
3527,2019,194,SPRINTER 1500,ENGINE AND ENGINE COOLING
3528,2019,194,SPRINTER 1500,EXTERIOR LIGHTING
3529,2019,194,SPRINTER 1500,SERVICE BRAKES
3530,2019,194,SPRINTER 1500,EQUIPMENT
3531,2019,194,SPRINTER 1500,ELECTRICAL SYSTEM
3532,2019,194,SPRINTER 1500,EQUIPMENT
3533,2019,194,SPRINTER 1500,EQUIPMENT
3534,2019,194,SPRINTER 1500,ENGINE AND ENGINE COOLING
3535,2019,194,SPRINTER 1500,STRUCTURE
3536,2019,194,SPRINTER 1500,ELECTRICAL SYSTEM
3537,2019,194,SPRINTER 1500,ELECTRICAL SYSTEM
3538,2019,194,SPRINTER 1500,TIRES
3539,2019,194,SPRINTER 1500,EQUIPMENT
3540,2019,194,SPRINTER 1500,STEERING
3541,2019,194,SPRINTER 1500,LATCHES/LOCKS/LINKAGES
3542,2019,194,SPRINTER 1500,FUEL SYSTEM
3543,2019,194,SPRINTER 1500,ELECTRICAL SYSTEM
3544,2019,194,SPRINTER 1500,ELECTRICAL SYSTEM
3545,2019,194,SPRINTER 1500,LATCHES/LOCKS/LINKAGES
3546,2019,194,SPRINTER 1500,SERVICE BRAKES
3547,2019,194,SPRINTER 1500,BACK OVER PREVENTION
3548,2019,194,SPRINTER 1500,SERVICE BRAKES
3549,2019,194,SPRINTER 1500,STEERING
3550,2019,194,SPRINTER 1500,STEERING
3551,2019,194,SPRINTER 1500,STEERING
3552,2019,194,SPRINTER 1500,BACK OVER PREVENTION
3553,2019,194,SPRINTER 1500,ELECTRICAL SYSTEM
3554,2019,194,SPRINTER 1500,POWER TRAIN
3555,2019,194,SPRINTER 1500,ELECTRICAL SYSTEM
3556,2019,194,SPRINTER 1500,STRUCTURE
3557,2019,194,SPRINTER 1500,STRUCTURE
3558,2019,194,SPRINTER 1500,ELECTRICAL SYSTEM
3559,2019,82,CAMARO,AIR BAGS
3560,2019,452,LEGACY,FUEL SYSTEM
3561,2019,452,LEGACY,FUEL SYSTEM
3562,2019,452,LEGACY,STRUCTURE
3563,2019,562,LEAF,BACK OVER PREVENTION
3564,2019,562,LEAF,EQUIPMENT
3565,2019,562,LEAF,VEHICLE SPEED CONTROL
3566,2019,562,LEAF,BACK OVER PREVENTION
3567,2019,562,LEAF,ELECTRICAL SYSTEM
3568,2019,1014,M2,STEERING
3569,2019,9,GRAND CHEROKEE,BACK OVER PREVENTION
3570,2019,9,GRAND CHEROKEE,ENGINE AND ENGINE COOLING
3571,2019,9,GRAND CHEROKEE,POWER TRAIN
3572,2019,9,GRAND CHEROKEE,FUEL SYSTEM
3573,2019,9,GRAND CHEROKEE,SERVICE BRAKES
3574,2019,9,GRAND CHEROKEE,ENGINE AND ENGINE COOLING
3575,2019,9,GRAND CHEROKEE,SERVICE BRAKES
3576,2019,146,PASSPORT,BACK OVER PREVENTION
3577,2019,146,PASSPORT,ELECTRICAL SYSTEM
3578,2019,146,PASSPORT,STRUCTURE
3579,2019,146,PASSPORT,TIRES
3580,2019,146,PASSPORT,FUEL SYSTEM
3581,2019,146,PASSPORT,STRUCTURE
3582,2019,146,PASSPORT,BACK OVER PREVENTION
3583,2019,146,PASSPORT,FUEL SYSTEM
3584,2019,452,BRZ,FUEL SYSTEM
3585,2019,3585,FORD E-450,FUEL SYSTEM
3586,2019,37,GOLF,SUSPENSION
3587,2019,37,GOLF,ELECTRICAL SYSTEM
3588,2019,37,GOLF,WHEELS
3589,2019,37,GOLF,TIRES
3590,2019,37,GOLF,ELECTRICAL SYSTEM
3591,2019,37,GOLF,FUEL SYSTEM
3592,2019,17,SOUL,AIR BAGS
3593,2019,13,QX50,AIR BAGS
3594,2019,13,QX50,BACK OVER PREVENTION
3595,2019,13,QX50,ENGINE AND ENGINE COOLING
3596,2019,596,RYKER,WHEELS
3597,2019,596,RYKER,ELECTRICAL SYSTEM
3598,2019,596,RYKER,FUEL SYSTEM
3599,2019,1,911 GT2 RS,EQUIPMENT
3600,2019,3600,LIKE 150I,SERVICE BRAKES
3601,2019,3600,LIKE 150I,FUEL SYSTEM
3602,2019,262,OUTLANDER PHEV,SEAT BELTS
3603,2019,262,OUTLANDER PHEV,SEAT BELTS
3604,2019,262,OUTLANDER PHEV,STRUCTURE
3605,2019,3605,TRUCK CAMPER (1172),UNKNOWN OR OTHER
3606,2019,2,VISTA,ELECTRICAL SYSTEM
3607,2019,2,VISTA,EXTERIOR LIGHTING
3608,2019,2,VISTA,LATCHES/LOCKS/LINKAGES
3609,2019,2748,NINJA,POWER TRAIN
3610,2019,2,MINNIE WINNIE,STRUCTURE
3611,2019,3611,HORSE TRAILER,SUSPENSION
3612,2019,306,X5,EQUIPMENT
3613,2019,306,X5,FUEL SYSTEM
3614,2019,306,X5,ELECTRICAL SYSTEM
3615,2019,306,X5,BACK OVER PREVENTION
3616,2019,306,X5,WHEELS
3617,2019,306,X5,BACK OVER PREVENTION
3618,2019,306,X5,STEERING
3619,2019,306,X5,SERVICE BRAKES
3620,2019,306,X5,SEATS
3621,2019,306,X5,AIR BAGS
3622,2019,306,X5,VISIBILITY
3623,2019,306,X5,ELECTRICAL SYSTEM
3624,2019,306,X5,ELECTRICAL SYSTEM
3625,2019,562,SENTRA,EXTERIOR LIGHTING
3626,2019,562,SENTRA,BACK OVER PREVENTION
3627,2019,146,FIT,FUEL SYSTEM
3628,2019,146,FIT,FUEL SYSTEM
3629,2019,146,FIT,BACK OVER PREVENTION
3630,2019,146,FIT,FUEL SYSTEM
3631,2019,146,FIT,BACK OVER PREVENTION
3632,2019,467,790 ADVENTURE R,SERVICE BRAKES
3633,2019,467,790 ADVENTURE R,SERVICE BRAKES
3634,2019,2812,CONQUEST,EQUIPMENT
3635,2019,2253,MONSTER 821,SERVICE BRAKES
3636,2019,2253,MONSTER 821,SERVICE BRAKES
3637,2019,2253,MONSTER 821,POWER TRAIN
3638,2019,452,OUTBACK,STRUCTURE
3639,2019,452,OUTBACK,FUEL SYSTEM
3640,2019,452,OUTBACK,FUEL SYSTEM
3641,2019,3,CHALLENGER,STRUCTURE
3642,2019,3,CHALLENGER,VISIBILITY
3643,2019,3,CHALLENGER,EQUIPMENT
3644,2019,145,FLHTCUTG,TRACTION CONTROL SYSTEM
3645,2019,145,FLHTCUTG,EXTERIOR LIGHTING
3646,2019,15,SEQUOIA,FUEL SYSTEM
3647,2019,15,SEQUOIA,STEERING
3648,2019,15,SEQUOIA,STEERING
3649,2019,15,SEQUOIA,FUEL SYSTEM
3650,2019,15,SEQUOIA,ELECTRICAL SYSTEM
3651,2019,15,SEQUOIA,EQUIPMENT
3652,2019,48,S2RV,STEERING
3653,2019,322,124 SPIDER,FUEL SYSTEM
3654,2019,322,124 SPIDER,AIR BAGS
3655,2019,1357,CX-5,ENGINE
3656,2019,1357,CX-5,FUEL SYSTEM
3657,2019,146,HR-V,FUEL SYSTEM
3658,2019,146,HR-V,FUEL SYSTEM
3659,2019,146,HR-V,SERVICE BRAKES
3660,2019,146,HR-V,BACK OVER PREVENTION
3661,2019,146,HR-V,FUEL SYSTEM
3662,2019,146,HR-V,BACK OVER PREVENTION
3663,2019,146,CIVIC,FUEL SYSTEM
3664,2019,146,CIVIC,FUEL SYSTEM
3665,2019,146,CIVIC,FUEL SYSTEM
3666,2019,261,REDWOOD,TRAILER HITCHES
3667,2019,908,ASPIRE,EQUIPMENT
3668,2019,908,ASPIRE,SERVICE BRAKES
3669,2019,908,ASPIRE,ELECTRICAL SYSTEM
3670,2019,908,ASPIRE,FUEL SYSTEM
3671,2019,908,ASPIRE,WHEELS
3672,2019,908,ASPIRE,STRUCTURE
3673,2019,908,ASPIRE,STEERING
3674,2019,908,ASPIRE,SERVICE BRAKES
3675,2019,21,ALLEGRO RED,SEAT BELTS
3676,2019,21,ALLEGRO RED,STRUCTURE
3677,2019,858,5500,ENGINE AND ENGINE COOLING
3678,2019,858,5500,VISIBILITY
3679,2019,858,5500,FUEL SYSTEM
3680,2019,858,5500,SERVICE BRAKES
3681,2019,858,5500,FUEL SYSTEM
3682,2019,858,5500,WHEELS
3683,2019,858,5500,ENGINE AND ENGINE COOLING
3684,2019,858,5500,SUSPENSION
3685,2019,858,5500,SERVICE BRAKES
3686,2019,858,5500,SERVICE BRAKES
3687,2019,31,MOMENTUM,EQUIPMENT
3688,2019,31,MOMENTUM,EQUIPMENT
3689,2019,82,6500HD,ELECTRICAL SYSTEM
3690,2019,82,6500HD,SERVICE BRAKES
3691,2019,2563,PALAZZO,EQUIPMENT
3692,2019,2563,PALAZZO,EXTERIOR LIGHTING
3693,2019,2563,PALAZZO,SUSPENSION
3694,2019,146,CB500X,SERVICE BRAKES
3695,2019,4,PRISM,EQUIPMENT
3696,2019,3696,VAN,STRUCTURE
3697,2019,3696,VAN,FUEL SYSTEM
3698,2019,3696,VAN,EQUIPMENT
3699,2019,3696,VAN,STRUCTURE
3700,2019,306,K 1600 B,SUSPENSION
3701,2019,146,RIDGELINE,EQUIPMENT
3702,2019,146,RIDGELINE,STRUCTURE
3703,2019,146,RIDGELINE,FUEL SYSTEM
3704,2019,146,RIDGELINE,FUEL SYSTEM
3705,2019,146,RIDGELINE,SEAT BELTS
3706,2019,146,RIDGELINE,ENGINE AND ENGINE COOLING
3707,2019,146,RIDGELINE,STRUCTURE
3708,2019,146,RIDGELINE,BACK OVER PREVENTION
3709,2019,146,RIDGELINE,ENGINE AND ENGINE COOLING
3710,2019,146,RIDGELINE,FUEL SYSTEM
3711,2019,2253,SCRAMBLER,ELECTRICAL SYSTEM
3712,2019,64,SENECA,EQUIPMENT
3713,2019,64,SENECA,EQUIPMENT
3714,2019,64,SENECA,TIRES
3715,2019,31,REFLECTION,EQUIPMENT
3716,2019,31,REFLECTION,SUSPENSION
3717,2019,31,REFLECTION,ELECTRICAL SYSTEM
3718,2019,31,REFLECTION,EQUIPMENT
3719,2019,31,REFLECTION,ELECTRICAL SYSTEM
3720,2019,17,FORTE,EXTERIOR LIGHTING
3721,2019,17,FORTE,POWER TRAIN
3722,2019,1800,SQ5,ELECTRICAL SYSTEM
3723,2019,1800,SQ5,WHEELS
3724,2019,1800,SQ5,AIR BAGS
3725,2019,1800,SQ5,STRUCTURE
3726,2019,1800,SQ5,SERVICE BRAKES
3727,2019,746,COUNTRYMAN,FUEL SYSTEM
3728,2019,746,COUNTRYMAN,ENGINE AND ENGINE COOLING
3729,2019,77,F-250 SD,EXTERIOR LIGHTING
3730,2019,77,F-250 SD,STRUCTURE
3731,2019,77,F-250 SD,STEERING
3732,2019,77,F-250 SD,TIRES
3733,2019,77,F-250 SD,LATCHES/LOCKS/LINKAGES
3734,2019,77,F-250 SD,ENGINE
3735,2019,77,F-250 SD,POWER TRAIN
3736,2019,77,F-250 SD,STRUCTURE
3737,2019,77,F-250 SD,BACK OVER PREVENTION
3738,2019,77,F-250 SD,BACK OVER PREVENTION
3739,2019,77,F-250 SD,EQUIPMENT
3740,2019,77,F-250 SD,BACK OVER PREVENTION
3741,2019,306,640I,BACK OVER PREVENTION
3742,2019,145,XL883N,EXTERIOR LIGHTING
3743,2019,375,579,ELECTRICAL SYSTEM
3744,2019,375,579,ELECTRICAL SYSTEM
3745,2019,375,579,SERVICE BRAKES
3746,2019,375,579,ELECTRONIC STABILITY CONTROL (ESC)
3747,2019,375,579,POWER TRAIN
3748,2019,375,579,ENGINE AND ENGINE COOLING
3749,2019,375,579,EXTERIOR LIGHTING
3750,2019,375,579,STEERING
3751,2019,599,300,ELECTRICAL SYSTEM
3752,2019,599,300,AIR BAGS
3753,2019,37,TIGUAN,EQUIPMENT
3754,2019,37,TIGUAN,ELECTRICAL SYSTEM
3755,2019,37,TIGUAN,SUSPENSION
3756,2019,37,TIGUAN,STRUCTURE
3757,2019,37,TIGUAN,TIRES
3758,2019,119,SALEM,SUSPENSION
3759,2019,119,SALEM,ELECTRICAL SYSTEM
3760,2019,119,SALEM,ELECTRICAL SYSTEM
3761,2019,119,SALEM,EQUIPMENT
3762,2019,119,SALEM,SUSPENSION
3763,2019,119,SALEM,EQUIPMENT
3764,2019,119,SALEM,EXTERIOR LIGHTING
3765,2019,119,SALEM,TRAILER HITCHES
3766,2019,119,SALEM,EQUIPMENT
3767,2019,119,SALEM,ELECTRICAL SYSTEM
3768,2019,119,SALEM,ELECTRICAL SYSTEM
3769,2019,1357,CX-3,FUEL SYSTEM
3770,2019,1357,CX-3,BACK OVER PREVENTION
3771,2019,8,KONA ELECTRIC,ELECTRICAL SYSTEM
3772,2019,8,KONA ELECTRIC,ELECTRICAL SYSTEM
3773,2019,8,KONA ELECTRIC,SERVICE BRAKES
3774,2019,858,PROMASTER,POWER TRAIN
3775,2019,858,PROMASTER,POWER TRAIN
3776,2019,858,PROMASTER,SEATS
3777,2019,858,PROMASTER,SEAT BELTS
3778,2019,858,PROMASTER,SEAT BELTS
3779,2019,858,PROMASTER,POWER TRAIN
3780,2019,858,PROMASTER,BACK OVER PREVENTION
3781,2019,858,PROMASTER,ENGINE AND ENGINE COOLING
3782,2019,37,BEETLE,SERVICE BRAKES
3783,2019,37,BEETLE,ELECTRICAL SYSTEM
3784,2019,37,BEETLE,ELECTRICAL SYSTEM
3785,2019,37,BEETLE,AIR BAGS
3786,2019,15,HIGHLANDER,FUEL SYSTEM
3787,2019,15,HIGHLANDER,FUEL SYSTEM
3788,2019,15,HIGHLANDER,EQUIPMENT
3789,2019,145,FLTRU,VISIBILITY
3790,2019,323,BBCV,ELECTRICAL SYSTEM
3791,2019,193,CHIEFTAIN CLASSIC,EXTERIOR LIGHTING
3792,2019,1691,LOW FLOOR,EXTERIOR LIGHTING
3793,2019,1691,LOW FLOOR,SUSPENSION
3794,2019,1691,LOW FLOOR,FUEL SYSTEM
3795,2019,1691,LOW FLOOR,STEERING
3796,2019,1691,LOW FLOOR,STRUCTURE
3797,2019,1691,LOW FLOOR,FUEL SYSTEM
3798,2019,1691,LOW FLOOR,ELECTRICAL SYSTEM
3799,2019,1691,LOW FLOOR,ELECTRICAL SYSTEM
3800,2019,1691,LOW FLOOR,ELECTRICAL SYSTEM
3801,2019,1691,LOW FLOOR,ELECTRICAL SYSTEM
3802,2019,1691,LOW FLOOR,POWER TRAIN
3803,2019,1691,LOW FLOOR,EQUIPMENT
3804,2019,21,ALLEGRO,SEAT BELTS
3805,2019,21,ALLEGRO,ELECTRICAL SYSTEM
3806,2019,14,MKZ,BACK OVER PREVENTION
3807,2019,429,MODEL 3,ELECTRICAL SYSTEM
3808,2019,429,MODEL 3,SUSPENSION
3809,2019,429,MODEL 3,ELECTRICAL SYSTEM
3810,2019,429,MODEL 3,SEAT BELTS
3811,2019,429,MODEL 3,ELECTRICAL SYSTEM
3812,2019,429,MODEL 3,SERVICE BRAKES
3813,2019,429,MODEL 3,FORWARD COLLISION AVOIDANCE
3814,2019,429,MODEL 3,EQUIPMENT
3815,2019,429,MODEL 3,ELECTRICAL SYSTEM
3816,2019,429,MODEL 3,BACK OVER PREVENTION
3817,2019,429,MODEL 3,ELECTRICAL SYSTEM
3818,2019,429,MODEL 3,ELECTRICAL SYSTEM
3819,2019,429,MODEL 3,VISIBILITY
3820,2019,429,MODEL 3,SEAT BELTS
3821,2019,429,MODEL 3,STEERING
3822,2019,429,MODEL 3,SUSPENSION
3823,2019,429,MODEL 3,ELECTRICAL SYSTEM
3824,2019,429,MODEL 3,ELECTRICAL SYSTEM
3825,2019,429,MODEL 3,FORWARD COLLISION AVOIDANCE
3826,2019,429,MODEL 3,SEAT BELTS
3827,2019,429,MODEL 3,TIRES
3828,2019,44,MOUNTAIN AIRE,EQUIPMENT
3829,2019,44,MOUNTAIN AIRE,SERVICE BRAKES
3830,2019,44,MOUNTAIN AIRE,ELECTRICAL SYSTEM
3831,2019,44,MOUNTAIN AIRE,SERVICE BRAKES
3832,2019,44,MOUNTAIN AIRE,ELECTRICAL SYSTEM
3833,2019,44,MOUNTAIN AIRE,VISIBILITY
3834,2019,44,MOUNTAIN AIRE,EXTERIOR LIGHTING
3835,2019,44,MOUNTAIN AIRE,SERVICE BRAKES
3836,2019,44,MOUNTAIN AIRE,SERVICE BRAKES
3837,2019,44,MOUNTAIN AIRE,EXTERIOR LIGHTING
3838,2019,44,MOUNTAIN AIRE,EQUIPMENT
3839,2019,44,MOUNTAIN AIRE,FUEL SYSTEM
3840,2019,44,MOUNTAIN AIRE,FUEL SYSTEM
3841,2019,44,MOUNTAIN AIRE,EQUIPMENT
3842,2019,44,MOUNTAIN AIRE,SEATS
3843,2019,17,SPORTAGE,SERVICE BRAKES
3844,2019,17,SPORTAGE,TRAILER HITCHES
3845,2019,146,ACCORD,FUEL SYSTEM
3846,2019,146,ACCORD,ELECTRICAL SYSTEM
3847,2019,146,ACCORD,FUEL SYSTEM
3848,2019,146,ACCORD,SEAT BELTS
3849,2019,146,ACCORD,FUEL SYSTEM
3850,2019,562,ROGUE,BACK OVER PREVENTION
3851,2019,562,ROGUE,ENGINE AND ENGINE COOLING
3852,2019,562,ROGUE,ELECTRICAL SYSTEM
3853,2019,669,LONESTAR,POWER TRAIN
3854,2019,669,LONESTAR,ENGINE AND ENGINE COOLING
3855,2019,669,LONESTAR,SERVICE BRAKES
3856,2019,669,LONESTAR,SEAT BELTS
3857,2019,669,LONESTAR,ENGINE
3858,2019,669,LONESTAR,ELECTRICAL SYSTEM
3859,2019,669,LONESTAR,ELECTRICAL SYSTEM
3860,2019,99,OUTBACK,STRUCTURE
3861,2019,99,OUTBACK,POWER TRAIN
3862,2019,1419,T370,POWER TRAIN
3863,2019,1419,T370,POWER TRAIN
3864,2019,1419,T370,FUEL SYSTEM
3865,2019,1419,T370,ELECTRONIC STABILITY CONTROL (ESC)
3866,2019,1419,T370,STEERING
3867,2019,1419,T370,SERVICE BRAKES
3868,2019,82,SILVERADO 1500,TIRES
3869,2019,82,SILVERADO 1500,SERVICE BRAKES
3870,2019,82,SILVERADO 1500,ELECTRICAL SYSTEM
3871,2019,82,SILVERADO 1500,SEAT BELTS
3872,2019,82,SILVERADO 1500,SERVICE BRAKES
3873,2019,82,SILVERADO 1500,SEAT BELTS
3874,2019,82,SILVERADO 1500,TIRES
3875,2019,82,SILVERADO 1500,TIRES
3876,2019,82,SILVERADO 1500,POWER TRAIN
3877,2019,82,SILVERADO 1500,AIR BAGS
3878,2019,13,QX30,BACK OVER PREVENTION
3879,2019,1014,SPRINTER 4500,SEATS
3880,2019,1014,SPRINTER 4500,FUEL SYSTEM
3881,2019,1014,SPRINTER 4500,EQUIPMENT
3882,2019,1014,SPRINTER 4500,AIR BAGS
3883,2019,1014,SPRINTER 4500,VISIBILITY
3884,2019,1014,SPRINTER 4500,ENGINE AND ENGINE COOLING
3885,2019,1014,SPRINTER 4500,EXTERIOR LIGHTING
3886,2019,1014,SPRINTER 4500,SERVICE BRAKES
3887,2019,1014,SPRINTER 4500,EQUIPMENT
3888,2019,1014,SPRINTER 4500,EQUIPMENT
3889,2019,1014,SPRINTER 4500,EQUIPMENT
3890,2019,1014,SPRINTER 4500,ENGINE AND ENGINE COOLING
3891,2019,1014,SPRINTER 4500,STRUCTURE
3892,2019,1014,SPRINTER 4500,ELECTRICAL SYSTEM
3893,2019,1014,SPRINTER 4500,ELECTRICAL SYSTEM
3894,2019,1014,SPRINTER 4500,TIRES
3895,2019,1014,SPRINTER 4500,EQUIPMENT
3896,2019,1014,SPRINTER 4500,STEERING
3897,2019,1014,SPRINTER 4500,LATCHES/LOCKS/LINKAGES
3898,2019,1014,SPRINTER 4500,FUEL SYSTEM
3899,2019,1014,SPRINTER 4500,ELECTRICAL SYSTEM
3900,2019,1014,SPRINTER 4500,ELECTRICAL SYSTEM
3901,2019,1014,SPRINTER 4500,SERVICE BRAKES
3902,2019,1014,SPRINTER 4500,BACK OVER PREVENTION
3903,2019,1014,SPRINTER 4500,STEERING
3904,2019,1014,SPRINTER 4500,SERVICE BRAKES
3905,2019,1014,SPRINTER 4500,STEERING
3906,2019,1014,SPRINTER 4500,STEERING
3907,2019,1014,SPRINTER 4500,BACK OVER PREVENTION
3908,2019,1014,SPRINTER 4500,ELECTRICAL SYSTEM
3909,2019,1014,SPRINTER 4500,POWER TRAIN
3910,2019,1014,SPRINTER 4500,ELECTRICAL SYSTEM
3911,2019,1014,SPRINTER 4500,STRUCTURE
3912,2019,1014,SPRINTER 4500,STRUCTURE
3913,2019,99,MONTANA HIGH COUNTRY,EQUIPMENT
3914,2019,145,XG500,SERVICE BRAKES
3915,2019,596,SPYDER RT,POWER TRAIN
3916,2019,596,SPYDER RT,POWER TRAIN
3917,2019,3,PALAZZO,EXTERIOR LIGHTING
3918,2019,3,PALAZZO,TIRES
3919,2019,3,PALAZZO,STRUCTURE
3920,2019,3,PALAZZO,EQUIPMENT
3921,2019,77,F-350 SD,EXTERIOR LIGHTING
3922,2019,77,F-350 SD,STRUCTURE
3923,2019,77,F-350 SD,STEERING
3924,2019,77,F-350 SD,TIRES
3925,2019,77,F-350 SD,ENGINE
3926,2019,77,F-350 SD,LATCHES/LOCKS/LINKAGES
3927,2019,77,F-350 SD,POWER TRAIN
3928,2019,77,F-350 SD,STRUCTURE
3929,2019,77,F-350 SD,BACK OVER PREVENTION
3930,2019,77,F-350 SD,BACK OVER PREVENTION
3931,2019,77,F-350 SD,EQUIPMENT
3932,2019,77,F-350 SD,BACK OVER PREVENTION
3933,2019,306,C 400 X,VEHICLE SPEED CONTROL
3934,2019,306,C 400 X,SERVICE BRAKES
3935,2019,306,R 1250 GS,SERVICE BRAKES
3936,2019,306,R 1250 GS,SERVICE BRAKES
3937,2019,306,R 1250 GS,SERVICE BRAKES
3938,2019,306,R 1250 GS,POWER TRAIN
3939,2019,98,SIERRA 2500,EQUIPMENT
3940,2019,98,SIERRA 2500,ENGINE
3941,2019,98,SIERRA 2500,FUEL SYSTEM
3942,2019,98,SIERRA 2500,AIR BAGS
3943,2019,98,SIERRA 2500,AIR BAGS
3944,2019,3,OUTLAW,STRUCTURE
3945,2019,3,OUTLAW,SEAT BELTS
3946,2019,3,OUTLAW,VISIBILITY
3947,2019,3,OUTLAW,SUSPENSION
3948,2019,3,OUTLAW,EQUIPMENT
3949,2019,3,OUTLAW,ELECTRICAL SYSTEM
3950,2019,3,OUTLAW,VISIBILITY
3951,2019,1564,NX300,FUEL SYSTEM
3952,2019,194,SPRINTER 4500,EQUIPMENT
3953,2019,194,SPRINTER 4500,FUEL SYSTEM
3954,2019,194,SPRINTER 4500,SEATS
3955,2019,194,SPRINTER 4500,UNKNOWN OR OTHER
3956,2019,194,SPRINTER 4500,AIR BAGS
3957,2019,194,SPRINTER 4500,VISIBILITY
3958,2019,194,SPRINTER 4500,ENGINE AND ENGINE COOLING
3959,2019,194,SPRINTER 4500,EXTERIOR LIGHTING
3960,2019,194,SPRINTER 4500,SERVICE BRAKES
3961,2019,194,SPRINTER 4500,EQUIPMENT
3962,2019,194,SPRINTER 4500,ELECTRICAL SYSTEM
3963,2019,194,SPRINTER 4500,EQUIPMENT
3964,2019,194,SPRINTER 4500,EQUIPMENT
3965,2019,194,SPRINTER 4500,ENGINE AND ENGINE COOLING
3966,2019,194,SPRINTER 4500,STRUCTURE
3967,2019,194,SPRINTER 4500,ELECTRICAL SYSTEM
3968,2019,194,SPRINTER 4500,ELECTRICAL SYSTEM
3969,2019,194,SPRINTER 4500,TIRES
3970,2019,194,SPRINTER 4500,EQUIPMENT
3971,2019,194,SPRINTER 4500,STEERING
3972,2019,194,SPRINTER 4500,LATCHES/LOCKS/LINKAGES
3973,2019,194,SPRINTER 4500,FUEL SYSTEM
3974,2019,194,SPRINTER 4500,ELECTRICAL SYSTEM
3975,2019,194,SPRINTER 4500,ELECTRICAL SYSTEM
3976,2019,194,SPRINTER 4500,LATCHES/LOCKS/LINKAGES
3977,2019,194,SPRINTER 4500,SERVICE BRAKES
3978,2019,194,SPRINTER 4500,BACK OVER PREVENTION
3979,2019,194,SPRINTER 4500,SERVICE BRAKES
3980,2019,194,SPRINTER 4500,STEERING
3981,2019,194,SPRINTER 4500,STEERING
3982,2019,194,SPRINTER 4500,STEERING
3983,2019,194,SPRINTER 4500,BACK OVER PREVENTION
3984,2019,194,SPRINTER 4500,ELECTRICAL SYSTEM
3985,2019,194,SPRINTER 4500,POWER TRAIN
3986,2019,194,SPRINTER 4500,ELECTRICAL SYSTEM
3987,2019,194,SPRINTER 4500,STRUCTURE
3988,2019,194,SPRINTER 4500,STRUCTURE
3989,2019,194,SPRINTER 4500,ELECTRICAL SYSTEM
3990,2019,9,WRANGLER,STRUCTURE
3991,2019,9,WRANGLER,STEERING
3992,2019,9,WRANGLER,SEAT BELTS
3993,2019,9,WRANGLER,BACK OVER PREVENTION
3994,2019,9,WRANGLER,POWER TRAIN
3995,2019,9,WRANGLER,POWER TRAIN
3996,2019,9,WRANGLER,POWER TRAIN
3997,2019,9,WRANGLER,ELECTRICAL SYSTEM
3998,2019,9,WRANGLER,BACK OVER PREVENTION
3999,2019,82,IMPALA,SERVICE BRAKES
4000,2019,17,K900,ENGINE AND ENGINE COOLING
4001,2019,155,ILX,FUEL SYSTEM
4002,2019,155,ILX,FUEL SYSTEM
4003,2019,155,ILX,POWER TRAIN
4004,2019,155,ILX,FUEL SYSTEM
4005,2019,1800,S3,AIR BAGS
4006,2019,15,CAMRY,FUEL SYSTEM
4007,2019,15,CAMRY,SERVICE BRAKES
4008,2019,15,CAMRY,FUEL SYSTEM
4009,2019,15,CAMRY,EQUIPMENT
4010,2019,15,CAMRY,AIR BAGS
4011,2019,15,CAMRY,EQUIPMENT
4012,2019,3,MAGNITUDE,EQUIPMENT
4013,2019,3,MAGNITUDE,VISIBILITY
4014,2019,3,MAGNITUDE,EQUIPMENT
4015,2019,3,MAGNITUDE,SEATS
4016,2019,3,MAGNITUDE,ELECTRICAL SYSTEM
4017,2019,263,4900,POWER TRAIN
4018,2019,263,4900,STEERING
4019,2019,263,4900,ENGINE AND ENGINE COOLING
4020,2019,263,4900,TIRES
4021,2019,263,4900,ELECTRICAL SYSTEM
4022,2019,263,4900,SERVICE BRAKES
4023,2019,263,4900,VISIBILITY
4024,2019,263,4900,SERVICE BRAKES
4025,2019,263,4900,SERVICE BRAKES
4026,2019,263,4900,ELECTRICAL SYSTEM
4027,2019,263,4900,STRUCTURE
4028,2019,263,4900,TIRES
4029,2019,263,4900,POWER TRAIN
4030,2019,263,4900,ELECTRICAL SYSTEM
4031,2019,263,4900,WHEELS
4032,2019,322,500X,AIR BAGS
4033,2019,322,500X,AIR BAGS
4034,2019,17,OPTIMA,FORWARD COLLISION AVOIDANCE
4035,2019,64,GREYHAWK,EQUIPMENT
4036,2019,64,GREYHAWK,EQUIPMENT
4037,2019,64,GREYHAWK,PARKING BRAKE
4038,2019,92,CHARGER,BACK OVER PREVENTION
4039,2019,92,CHARGER,ELECTRICAL SYSTEM
4040,2019,92,CHARGER,SERVICE BRAKES
4041,2019,92,CHARGER,AIR BAGS
4042,2019,92,CHARGER,AIR BAGS
4043,2019,669,LT,POWER TRAIN
4044,2019,669,LT,FUEL SYSTEM
4045,2019,669,LT,ENGINE AND ENGINE COOLING
4046,2019,669,LT,EXTERIOR LIGHTING
4047,2019,669,LT,SERVICE BRAKES
4048,2019,669,LT,ENGINE
4049,2019,669,LT,ENGINE AND ENGINE COOLING
4050,2019,669,LT,SERVICE BRAKES
4051,2019,669,LT,SEAT BELTS
4052,2019,669,LT,ENGINE
4053,2019,669,LT,ENGINE
4054,2019,669,LT,FUEL SYSTEM
4055,2019,669,LT,EXTERIOR LIGHTING
4056,2019,669,LT,ELECTRICAL SYSTEM
4057,2019,669,LT,ELECTRICAL SYSTEM
4058,2019,669,LT,ENGINE
4059,2019,669,LT,EXTERIOR LIGHTING
4060,2019,130,SPEED TRIPLE S,SERVICE BRAKES
4061,2019,562,ROGUE SPORT,BACK OVER PREVENTION
4062,2019,562,ROGUE SPORT,ELECTRICAL SYSTEM
4063,2019,17,SOUL EV,AIR BAGS
4064,2019,17,SOUL EV,ELECTRICAL SYSTEM
4065,2019,17,SOUL EV,POWER TRAIN
4066,2019,15,TACOMA,FUEL SYSTEM
4067,2019,15,TACOMA,FUEL SYSTEM
4068,2019,15,TACOMA,SERVICE BRAKES
4069,2019,15,TACOMA,EQUIPMENT
4070,2019,4070,QUEST,SEATS
4071,2019,4070,QUEST,STRUCTURE
4072,2019,4070,QUEST,STRUCTURE
4073,2019,98,TERRAIN,SERVICE BRAKES
4074,2019,98,TERRAIN,POWER TRAIN
4075,2019,98,TERRAIN,SEATS
4076,2019,17,RIO,LATCHES/LOCKS/LINKAGES
4077,2019,1014,CASCADIA,STEERING
4078,2019,1014,CASCADIA,AIR BAGS
4079,2019,1014,CASCADIA,STEERING
4080,2019,1014,CASCADIA,ENGINE AND ENGINE COOLING
4081,2019,1014,CASCADIA,SERVICE BRAKES
4082,2019,1014,CASCADIA,SERVICE BRAKES
4083,2019,1014,CASCADIA,SERVICE BRAKES
4084,2019,1014,CASCADIA,STEERING
4085,2019,1014,CASCADIA,TIRES
4086,2019,1014,CASCADIA,TIRES
4087,2019,1014,CASCADIA,SERVICE BRAKES
4088,2019,1014,CASCADIA,AIR BAGS
4089,2019,1014,CASCADIA,ELECTRICAL SYSTEM
4090,2019,1014,CASCADIA,SERVICE BRAKES
4091,2019,1014,CASCADIA,SERVICE BRAKES
4092,2019,1014,CASCADIA,EXTERIOR LIGHTING
4093,2019,1014,CASCADIA,ELECTRICAL SYSTEM
4094,2019,1014,CASCADIA,SERVICE BRAKES
4095,2019,1014,CASCADIA,EXTERIOR LIGHTING
4096,2019,1014,CASCADIA,POWER TRAIN
4097,2019,1014,CASCADIA,SERVICE BRAKES
4098,2019,1014,CASCADIA,EXTERIOR LIGHTING
4099,2019,1014,CASCADIA,SERVICE BRAKES
4100,2019,1014,CASCADIA,STEERING
4101,2019,1014,CASCADIA,SERVICE BRAKES
4102,2019,1014,CASCADIA,POWER TRAIN
4103,2019,1014,CASCADIA,SERVICE BRAKES
4104,2019,1014,CASCADIA,SERVICE BRAKES
4105,2019,1014,CASCADIA,ELECTRONIC STABILITY CONTROL (ESC)
4106,2019,1800,Q7,SUSPENSION
4107,2019,1800,Q7,STRUCTURE
4108,2019,1800,Q7,STEERING
4109,2019,1800,Q7,AIR BAGS
4110,2019,130,SPEED TRIPLE RS,SERVICE BRAKES
4111,2019,130,SPEED TRIPLE RS,POWER TRAIN
4112,2019,119,CEDAR CREEK,EQUIPMENT
4113,2019,119,CEDAR CREEK,EQUIPMENT
4114,2019,119,CEDAR CREEK,EQUIPMENT
4115,2019,82,SPARK,AIR BAGS
4116,2019,77,FIESTA,SERVICE BRAKES
4117,2019,77,FIESTA,BACK OVER PREVENTION
4118,2019,77,FIESTA,BACK OVER PREVENTION
4119,2019,37,ARTEON,SERVICE BRAKES
4120,2019,119,BERKSHIRE,EXTERIOR LIGHTING
4121,2019,119,BERKSHIRE,EQUIPMENT
4122,2019,119,BERKSHIRE,VISIBILITY
4123,2019,119,BERKSHIRE,SERVICE BRAKES
4124,2019,119,BERKSHIRE,SERVICE BRAKES
4125,2019,119,BERKSHIRE,VISIBILITY
4126,2019,119,BERKSHIRE,TIRES
4127,2019,119,BERKSHIRE,EQUIPMENT
4128,2019,119,BERKSHIRE,EXTERIOR LIGHTING
4129,2019,145,FLRT,TRACTION CONTROL SYSTEM
4130,2019,145,FLRT,EXTERIOR LIGHTING
4131,2019,21,PHAETON,SEAT BELTS
4132,2019,21,PHAETON,STRUCTURE
4133,2019,21,PHAETON,FUEL SYSTEM
4134,2019,21,PHAETON,ELECTRICAL SYSTEM
4135,2019,4135,FORTWO,ELECTRICAL SYSTEM
4136,2019,1357,MAZDA3,FORWARD COLLISION AVOIDANCE
4137,2019,1357,MAZDA3,ENGINE
4138,2019,1357,MAZDA3,SEATS
4139,2019,1357,MAZDA3,VISIBILITY
4140,2019,1357,MAZDA3,ELECTRICAL SYSTEM
4141,2019,1357,MAZDA3,WHEELS
4142,2019,77,FUSION ENERGI,HYBRID PROPULSION SYSTEM
4143,2019,98,ACADIA,TIRES
4144,2019,98,ACADIA,POWER TRAIN
4145,2019,8,IONIQ ELECTRIC,ELECTRICAL SYSTEM
4146,2019,15,RAV4,FUEL SYSTEM
4147,2019,15,RAV4,ENGINE AND ENGINE COOLING
4148,2019,15,RAV4,STEERING
4149,2019,15,RAV4,SUSPENSION
4150,2019,15,RAV4,EQUIPMENT
4151,2019,15,RAV4,BACK OVER PREVENTION
4152,2019,15,RAV4,EQUIPMENT
4153,2019,562,TITAN,BACK OVER PREVENTION
4154,2019,562,TITAN,ELECTRICAL SYSTEM
4155,2019,562,TITAN,TIRES
4156,2019,562,TITAN,EXTERIOR LIGHTING
4157,2019,1,MACAN,SEAT BELTS
4158,2019,8,VELOSTER,ENGINE
4159,2019,8,VELOSTER,LATCHES/LOCKS/LINKAGES
4160,2019,306,K 1600 GT,SUSPENSION
4161,2019,306,K 1600 GT,POWER TRAIN
4162,2019,77,MUSTANG,POWER TRAIN
4163,2019,77,MUSTANG,ELECTRICAL SYSTEM
4164,2019,77,MUSTANG,POWER TRAIN
4165,2019,77,MUSTANG,BACK OVER PREVENTION
4166,2019,77,MUSTANG,BACK OVER PREVENTION
4167,2019,146,CR-V,STRUCTURE
4168,2019,146,CR-V,FUEL SYSTEM
4169,2019,146,CR-V,FUEL SYSTEM
4170,2019,146,CR-V,EQUIPMENT
4171,2019,146,CR-V,AIR BAGS
4172,2019,146,CR-V,SEAT BELTS
4173,2019,146,CR-V,FUEL SYSTEM
4174,2019,77,ECONOLINE,EQUIPMENT
4175,2019,77,ECONOLINE,BACK OVER PREVENTION
4176,2019,1564,LS,AIR BAGS
4177,2019,14,NAUTILUS,ELECTRICAL SYSTEM
4178,2019,14,NAUTILUS,LANE DEPARTURE
4179,2019,14,NAUTILUS,SEATS
4180,2019,14,NAUTILUS,AIR BAGS
4181,2019,14,NAUTILUS,BACK OVER PREVENTION
4182,2019,4182,COMMERCIAL F-550,EXTERIOR LIGHTING
4183,2019,584,RANGE ROVER,ENGINE
4184,2019,584,RANGE ROVER,EXTERIOR LIGHTING
4185,2019,584,RANGE ROVER,BACK OVER PREVENTION
4186,2019,77,ECOSPORT,SEATS
4187,2019,77,ECOSPORT,ENGINE AND ENGINE COOLING
4188,2019,562,NV200,BACK OVER PREVENTION
4189,2019,562,NV200,FUEL SYSTEM
4190,2019,77,TAURUS,STRUCTURE
4191,2019,77,TAURUS,BACK OVER PREVENTION
4192,2019,99,COUGAR,EQUIPMENT
4193,2019,99,COUGAR,SUSPENSION
4194,2019,99,COUGAR,EQUIPMENT
4195,2019,99,COUGAR,EQUIPMENT
4196,2019,99,COUGAR,POWER TRAIN
4197,2019,99,COUGAR,EQUIPMENT
4198,2019,99,COUGAR,STRUCTURE
4199,2019,99,COUGAR,STRUCTURE
4200,2019,82,CRUZE,POWER TRAIN
4201,2019,82,CRUZE,SERVICE BRAKES
4202,2019,110,G90,ELECTRICAL SYSTEM
4203,2019,110,G90,ENGINE AND ENGINE COOLING
4204,2019,145,FLDE,SUSPENSION
4205,2019,145,FLDE,SUSPENSION
4206,2019,562,ALTIMA,TIRES
4207,2019,562,ALTIMA,FUEL SYSTEM
4208,2019,562,ALTIMA,FUEL SYSTEM
4209,2019,562,ALTIMA,EXTERIOR LIGHTING
4210,2019,562,ALTIMA,BACK OVER PREVENTION
4211,2019,562,ALTIMA,BACK OVER PREVENTION
4212,2019,562,ALTIMA,ENGINE AND ENGINE COOLING
4213,2019,146,ODYSSEY,BACK OVER PREVENTION
4214,2019,146,ODYSSEY,LATCHES/LOCKS/LINKAGES
4215,2019,146,ODYSSEY,ELECTRICAL SYSTEM
4216,2019,146,ODYSSEY,BACK OVER PREVENTION
4217,2019,146,ODYSSEY,ELECTRICAL SYSTEM
4218,2019,146,ODYSSEY,FUEL SYSTEM
4219,2019,146,ODYSSEY,FUEL SYSTEM
4220,2019,146,ODYSSEY,SEAT BELTS
4221,2019,146,ODYSSEY,POWER TRAIN
4222,2019,146,ODYSSEY,ENGINE AND ENGINE COOLING
4223,2019,146,ODYSSEY,SERVICE BRAKES
4224,2019,146,ODYSSEY,LATCHES/LOCKS/LINKAGES
4225,2019,146,ODYSSEY,SERVICE BRAKES
4226,2019,146,ODYSSEY,SEAT BELTS
4227,2019,146,ODYSSEY,BACK OVER PREVENTION
4228,2019,146,ODYSSEY,ENGINE AND ENGINE COOLING
4229,2019,146,ODYSSEY,FUEL SYSTEM
4230,2019,77,F-550,ENGINE
4231,2019,77,F-550,SEATS
4232,2019,77,F-550,EQUIPMENT
4233,2019,77,F-550,EXTERIOR LIGHTING
4234,2019,1157,COLEMAN,EQUIPMENT
4235,2019,1157,COLEMAN,EQUIPMENT
4236,2019,37,ATLAS,FUEL SYSTEM
4237,2019,37,ATLAS,SUSPENSION
4238,2019,37,ATLAS,EXTERIOR LIGHTING
4239,2019,37,ATLAS,ELECTRICAL SYSTEM
4240,2019,37,ATLAS,AIR BAGS
4241,2019,37,ATLAS,TIRES
4242,2019,37,ATLAS,EQUIPMENT
4243,2019,37,ATLAS,AIR BAGS
4244,2019,37,ATLAS,TIRES
4245,2019,37,ATLAS,AIR BAGS
4246,2019,37,ATLAS,AIR BAGS
4247,2019,4247,WASTE TRAILER,WHEELS
4248,2019,1357,CX-9,FUEL SYSTEM
4249,2019,1357,CX-9,TIRES
4250,2019,1197,LAUNCH,ELECTRICAL SYSTEM
4251,2019,1009,FLYING CLOUD,TRAILER HITCHES
4252,2019,1009,FLYING CLOUD,EQUIPMENT
4253,2019,306,Z4,BACK OVER PREVENTION
4254,2019,306,Z4,ENGINE
4255,2019,306,Z4,STEERING
4256,2019,306,Z4,ENGINE
4257,2019,306,Z4,EXTERIOR LIGHTING
4258,2019,306,Z4,ELECTRICAL SYSTEM
4259,2019,15,COROLLA,AIR BAGS
4260,2019,15,COROLLA,FUEL SYSTEM
4261,2019,15,COROLLA,POWER TRAIN
4262,2019,15,COROLLA,EQUIPMENT
4263,2019,15,COROLLA,EQUIPMENT
4264,2019,452,WRX,FUEL SYSTEM
4265,2019,452,WRX,EXTERIOR LIGHTING
4266,2019,2,ADVENTURER,ELECTRICAL SYSTEM
4267,2019,2,ADVENTURER,ELECTRICAL SYSTEM
4268,2019,2,ADVENTURER,LATCHES/LOCKS/LINKAGES
4269,2019,193,CHIEFTAIN,ELECTRICAL SYSTEM
4270,2019,193,CHIEFTAIN,ELECTRICAL SYSTEM
4271,2019,193,CHIEFTAIN,EXTERIOR LIGHTING
4272,2019,119,CARDINAL,EQUIPMENT
4273,2019,262,OUTLANDER SPORT,POWER TRAIN
4274,2019,13,Q50,BACK OVER PREVENTION
4275,2019,618,PACE ARROW,ELECTRICAL SYSTEM
4276,2019,618,PACE ARROW,STRUCTURE
4277,2019,99,RAPTOR,EQUIPMENT
4278,2019,99,RAPTOR,TIRES
4279,2019,99,RAPTOR,EQUIPMENT
4280,2019,77,ESCAPE,TIRES
4281,2019,77,ESCAPE,POWER TRAIN
4282,2019,306,X6,SUSPENSION
4283,2019,306,X6,WHEELS
4284,2019,306,X6,BACK OVER PREVENTION
4285,2019,306,X6,CHILD SEAT
4286,2019,2253,HYPERMOTARD,STRUCTURE
4287,2019,2253,HYPERMOTARD,ELECTRICAL SYSTEM
4288,2019,119,WILDWOOD,SUSPENSION
4289,2019,119,WILDWOOD,ELECTRICAL SYSTEM
4290,2019,119,WILDWOOD,ELECTRICAL SYSTEM
4291,2019,119,WILDWOOD,EQUIPMENT
4292,2019,119,WILDWOOD,SUSPENSION
4293,2019,119,WILDWOOD,EXTERIOR LIGHTING
4294,2019,119,WILDWOOD,TRAILER HITCHES
4295,2019,119,WILDWOOD,EQUIPMENT
4296,2019,119,WILDWOOD,ELECTRICAL SYSTEM
4297,2019,119,WILDWOOD,EQUIPMENT
4298,2019,119,WILDWOOD,ELECTRICAL SYSTEM
4299,2019,562,FRONTIER,BACK OVER PREVENTION
4300,2019,4300,BENTAYGA,SEAT BELTS
4301,2019,4300,BENTAYGA,FUEL SYSTEM
4302,2019,4300,BENTAYGA,AIR BAGS
4303,2019,4300,BENTAYGA,FUEL SYSTEM
4304,2019,908,CORNERSTONE,EQUIPMENT
4305,2019,908,CORNERSTONE,ELECTRICAL SYSTEM
4306,2019,908,CORNERSTONE,WHEELS
4307,2019,908,CORNERSTONE,STRUCTURE
4308,2019,908,CORNERSTONE,STEERING
4309,2019,1157,KODIAK,EQUIPMENT
4310,2019,1157,KODIAK,TIRES
4311,2019,15,SIENNA,FUEL SYSTEM
4312,2019,15,SIENNA,FUEL SYSTEM
4313,2019,15,SIENNA,AIR BAGS
4314,2019,15,SIENNA,STEERING
4315,2019,15,SIENNA,SERVICE BRAKES
4316,2019,15,SIENNA,EQUIPMENT
4317,2019,15,SIENNA,EQUIPMENT
4318,2019,1564,RX350,FUEL SYSTEM
4319,2019,1564,RX350,FUEL SYSTEM
4320,2019,1564,RX350,FUEL SYSTEM
4321,2019,1865,FUN FINDER EXTREME LITE,SUSPENSION
4322,2019,1995,SLINGSHOT,SEAT BELTS
4323,2019,1995,SLINGSHOT,SEAT BELTS
4324,2019,1995,SLINGSHOT,ELECTRICAL SYSTEM
4325,2019,1995,SLINGSHOT,ELECTRICAL SYSTEM
4326,2019,57,F-PACE,ENGINE AND ENGINE COOLING
4327,2019,57,F-PACE,EXTERIOR LIGHTING
4328,2019,155,MDX,FUEL SYSTEM
4329,2019,155,MDX,EXTERIOR LIGHTING
4330,2019,155,MDX,ENGINE AND ENGINE COOLING
4331,2019,155,MDX,SERVICE BRAKES
4332,2019,155,MDX,ENGINE AND ENGINE COOLING
4333,2019,155,MDX,FUEL SYSTEM
4334,2019,155,MDX,EXTERIOR LIGHTING
4335,2019,562,MAXIMA,BACK OVER PREVENTION
4336,2019,262,OUTLANDER,EQUIPMENT
4337,2019,262,OUTLANDER,SEAT BELTS
4338,2019,262,OUTLANDER,SEAT BELTS
4339,2019,262,OUTLANDER,STRUCTURE
4340,2019,15,AVALON HYBRID,ELECTRICAL SYSTEM
4341,2019,15,AVALON HYBRID,FUEL SYSTEM
4342,2019,15,AVALON HYBRID,EQUIPMENT
4343,2019,57,XE,BACK OVER PREVENTION
4344,2019,57,XE,BACK OVER PREVENTION
4345,2019,128,CT6,SERVICE BRAKES
4346,2019,128,CT6,EXTERIOR LIGHTING
4347,2019,128,CT6,SEAT BELTS
4348,2019,128,CT6,POWER TRAIN
4349,2019,14,MKC,ENGINE
4350,2019,14,MKC,BACK OVER PREVENTION
4351,2019,14,MKC,EQUIPMENT
4352,2019,119,SURVEYOR,EQUIPMENT
4353,2019,82,TRAX,SUSPENSION
4354,2019,82,TRAX,AIR BAGS
4355,2019,306,K1600B,POWER TRAIN
4356,2019,1800,Q3,STEERING
4357,2019,1800,Q3,AIR BAGS
4358,2019,1800,Q3,TIRES
4359,2019,128,XT4,POWER TRAIN
4360,2019,128,XT4,SEAT BELTS
4361,2019,128,XT4,BACK OVER PREVENTION
4362,2019,82,VOLT,SERVICE BRAKES
4363,2019,82,VOLT,SEAT BELTS
4364,2019,13,Q70,BACK OVER PREVENTION
4365,2019,13,Q70,POWER TRAIN
4366,2019,82,DUPLICATE SILVERADO 5500,SERVICE BRAKES
4367,2019,2253,SUPERSPORT,POWER TRAIN
4368,2019,2253,SUPERSPORT,VISIBILITY
4369,2019,2253,SUPERSPORT,SERVICE BRAKES
4370,2019,1800,A3,AIR BAGS
4371,2019,1800,A3,AIR BAGS
4372,2019,1800,A3,TIRES
4373,2019,1800,A3,FUEL SYSTEM
4374,2019,288,TRAIL RUNNER,EQUIPMENT
4375,2019,288,TRAIL RUNNER,TIRES
4376,2019,288,TRAIL RUNNER,EQUIPMENT
4377,2019,288,TRAIL RUNNER,SUSPENSION
4378,2019,44,BAY STAR,EQUIPMENT
4379,2019,44,BAY STAR,EQUIPMENT
4380,2019,44,BAY STAR,EQUIPMENT
4381,2019,44,BAY STAR,SEATS
4382,2019,44,BAY STAR,SEAT BELTS
4383,2019,1009,TOMMY BAHAMA,TRAILER HITCHES
4384,2019,1009,TOMMY BAHAMA,EQUIPMENT
4385,2019,82,CORVETTE,AIR BAGS
4386,2019,82,BOLT EV,LATCHES/LOCKS/LINKAGES
4387,2019,82,BOLT EV,ELECTRICAL SYSTEM
4388,2019,82,BOLT EV,ELECTRICAL SYSTEM
4389,2019,82,BOLT EV,SERVICE BRAKES
4390,2019,82,BOLT EV,STRUCTURE
4391,2019,82,BOLT EV,STRUCTURE
4392,2019,344,NPR,SEAT BELTS
4393,2019,344,NPR,EQUIPMENT
4394,2019,344,NPR,SERVICE BRAKES
4395,2019,344,NPR,STEERING
4396,2019,562,KICKS,BACK OVER PREVENTION
4397,2019,37,GTI,ELECTRICAL SYSTEM
4398,2019,37,GTI,TIRES
4399,2019,37,GTI,ELECTRICAL SYSTEM
4400,2019,37,GTI,FUEL SYSTEM
4401,2019,467,690 ENDURO R,POWER TRAIN
4402,2019,467,690 ENDURO R,TIRES
4403,2019,82,TAHOE,SERVICE BRAKES
4404,2019,1800,A4,SEATS
4405,2019,44,NEW AIRE,EQUIPMENT
4406,2019,44,NEW AIRE,ELECTRICAL SYSTEM
4407,2019,44,NEW AIRE,EXTERIOR LIGHTING
4408,2019,44,NEW AIRE,EQUIPMENT
4409,2019,44,NEW AIRE,EXTERIOR LIGHTING
4410,2019,44,NEW AIRE,EQUIPMENT
4411,2019,44,NEW AIRE,TIRES
4412,2019,44,NEW AIRE,SEATS
4413,2019,133,SAF-T-LINER HDX,STEERING
4414,2019,133,SAF-T-LINER HDX,SERVICE BRAKES
4415,2019,133,SAF-T-LINER HDX,SEATS
4416,2019,133,SAF-T-LINER HDX,STRUCTURE
4417,2019,133,SAF-T-LINER HDX,STRUCTURE
4418,2019,133,SAF-T-LINER HDX,EQUIPMENT ADAPTIVE/MOBILITY
4419,2019,133,SAF-T-LINER HDX,SUSPENSION
4420,2019,133,SAF-T-LINER HDX,SERVICE BRAKES
4421,2019,133,SAF-T-LINER HDX,STEERING
4422,2019,133,SAF-T-LINER HDX,SERVICE BRAKES
4423,2019,133,SAF-T-LINER HDX,POWER TRAIN
4424,2019,133,SAF-T-LINER HDX,SEATS
4425,2019,133,SAF-T-LINER HDX,FUEL SYSTEM
4426,2019,133,SAF-T-LINER HDX,STRUCTURE
4427,2019,133,SAF-T-LINER HDX,SERVICE BRAKES
4428,2019,133,SAF-T-LINER HDX,ELECTRICAL SYSTEM
4429,2019,133,SAF-T-LINER HDX,ELECTRICAL SYSTEM
4430,2019,133,SAF-T-LINER HDX,SEATS
4431,2019,133,SAF-T-LINER HDX,SEATS
4432,2019,133,SAF-T-LINER HDX,STRUCTURE
4433,2019,133,SAF-T-LINER HDX,EQUIPMENT
4434,2019,92,DURANGO,BACK OVER PREVENTION
4435,2019,92,DURANGO,POWER TRAIN
4436,2019,92,DURANGO,SERVICE BRAKES
4437,2019,92,DURANGO,SERVICE BRAKES
4438,2019,15,PRIUS PRIME,ELECTRONIC STABILITY CONTROL (ESC)
4439,2019,1800,A7,AIR BAGS
4440,2019,1800,A7,ELECTRICAL SYSTEM
4441,2019,1800,A7,ELECTRICAL SYSTEM
4442,2019,1800,A7,SERVICE BRAKES
4443,2019,1197,AUTUMN RIDGE,EQUIPMENT
4444,2019,1197,AUTUMN RIDGE,ELECTRICAL SYSTEM
4445,2019,1197,AUTUMN RIDGE,EQUIPMENT
4446,2019,1800,Q8,STEERING
4447,2019,1800,Q8,SUSPENSION
4448,2019,1800,Q8,FUEL SYSTEM
4449,2019,44,DUTCH STAR,EQUIPMENT
4450,2019,44,DUTCH STAR,SERVICE BRAKES
4451,2019,44,DUTCH STAR,ELECTRICAL SYSTEM
4452,2019,44,DUTCH STAR,ELECTRICAL SYSTEM
4453,2019,44,DUTCH STAR,EXTERIOR LIGHTING
4454,2019,44,DUTCH STAR,EXTERIOR LIGHTING
4455,2019,44,DUTCH STAR,EQUIPMENT
4456,2019,44,DUTCH STAR,FUEL SYSTEM
4457,2019,44,DUTCH STAR,FUEL SYSTEM
4458,2019,44,DUTCH STAR,EXTERIOR LIGHTING
4459,2019,44,DUTCH STAR,SEATS
4460,2019,77,FUSION,ELECTRICAL SYSTEM
4461,2019,77,FUSION,BACK OVER PREVENTION
4462,2019,77,FUSION,EQUIPMENT
4463,2019,660,BEACON,EQUIPMENT
4464,2019,660,BEACON,SUSPENSION
4465,2019,858,3500,ENGINE AND ENGINE COOLING
4466,2019,858,3500,VISIBILITY
4467,2019,858,3500,BACK OVER PREVENTION
4468,2019,858,3500,POWER TRAIN
4469,2019,858,3500,FUEL SYSTEM
4470,2019,858,3500,FUEL SYSTEM
4471,2019,858,3500,STRUCTURE
4472,2019,858,3500,WHEELS
4473,2019,858,3500,ENGINE AND ENGINE COOLING
4474,2019,858,3500,SERVICE BRAKES
4475,2019,858,3500,SERVICE BRAKES
4476,2019,858,3500,STRUCTURE
4477,2019,858,3500,AIR BAGS
4478,2019,15,86,FUEL SYSTEM
4479,2019,599,PACIFICA,ELECTRICAL SYSTEM
4480,2019,599,PACIFICA,ELECTRICAL SYSTEM
4481,2019,599,PACIFICA,BACK OVER PREVENTION
4482,2019,599,PACIFICA,BACK OVER PREVENTION
4483,2019,599,PACIFICA,ELECTRICAL SYSTEM
4484,2019,505,ANTHEM (AN),SERVICE BRAKES
4485,2019,505,ANTHEM (AN),TRAILER HITCHES
4486,2019,505,ANTHEM (AN),STEERING
4487,2019,505,ANTHEM (AN),VISIBILITY
4488,2019,505,ANTHEM (AN),ELECTRONIC STABILITY CONTROL (ESC)
4489,2019,505,ANTHEM (AN),SEAT BELTS
4490,2019,64,REDHAWK,EQUIPMENT
4491,2019,64,REDHAWK,EQUIPMENT
4492,2019,64,REDHAWK,EQUIPMENT
4493,2019,64,REDHAWK,ELECTRICAL SYSTEM
4494,2019,64,REDHAWK,PARKING BRAKE
4495,2019,15,TUNDRA,FUEL SYSTEM
4496,2019,15,TUNDRA,STEERING
4497,2019,15,TUNDRA,EXTERIOR LIGHTING
4498,2019,15,TUNDRA,EXTERIOR LIGHTING
4499,2019,15,TUNDRA,STEERING
4500,2019,15,TUNDRA,FUEL SYSTEM
4501,2019,15,TUNDRA,ELECTRICAL SYSTEM
4502,2019,15,TUNDRA,EQUIPMENT
4503,2019,15,TUNDRA,EQUIPMENT
4504,2019,15,TUNDRA,EQUIPMENT
4505,2019,119,ROCKWOOD,SUSPENSION
4506,2019,119,ROCKWOOD,SERVICE BRAKES
4507,2019,119,ROCKWOOD,ELECTRICAL SYSTEM
4508,2019,119,ROCKWOOD,SUSPENSION
4509,2019,119,ROCKWOOD,LATCHES/LOCKS/LINKAGES
4510,2019,77,F-450 SD,EXTERIOR LIGHTING
4511,2019,77,F-450 SD,STRUCTURE
4512,2019,77,F-450 SD,ENGINE
4513,2019,77,F-450 SD,LATCHES/LOCKS/LINKAGES
4514,2019,77,F-450 SD,POWER TRAIN
4515,2019,77,F-450 SD,BACK OVER PREVENTION
4516,2019,77,F-450 SD,BACK OVER PREVENTION
4517,2019,77,F-450 SD,EQUIPMENT
4518,2019,77,F-450 SD,BACK OVER PREVENTION
4519,2019,44,VENTANA,EQUIPMENT
4520,2019,44,VENTANA,TIRES
4521,2019,44,VENTANA,ELECTRICAL SYSTEM
4522,2019,44,VENTANA,SERVICE BRAKES
4523,2019,44,VENTANA,SERVICE BRAKES
4524,2019,44,VENTANA,EXTERIOR LIGHTING
4525,2019,44,VENTANA,SERVICE BRAKES
4526,2019,44,VENTANA,EXTERIOR LIGHTING
4527,2019,44,VENTANA,EQUIPMENT
4528,2019,44,VENTANA,FUEL SYSTEM
4529,2019,44,VENTANA,SUSPENSION
4530,2019,44,VENTANA,FUEL SYSTEM
4531,2019,44,VENTANA,EQUIPMENT
4532,2019,44,VENTANA,SEATS
4533,2019,44,LONDON AIRE,EQUIPMENT
4534,2019,44,LONDON AIRE,SERVICE BRAKES
4535,2019,44,LONDON AIRE,ELECTRICAL SYSTEM
4536,2019,44,LONDON AIRE,SERVICE BRAKES
4537,2019,44,LONDON AIRE,ELECTRICAL SYSTEM
4538,2019,44,LONDON AIRE,VISIBILITY
4539,2019,44,LONDON AIRE,EXTERIOR LIGHTING
4540,2019,44,LONDON AIRE,SERVICE BRAKES
4541,2019,44,LONDON AIRE,EXTERIOR LIGHTING
4542,2019,44,LONDON AIRE,EQUIPMENT
4543,2019,44,LONDON AIRE,SEATS
4544,2019,2,TREND,ELECTRICAL SYSTEM
4545,2019,467,790 ADVENTURE,SERVICE BRAKES
4546,2019,467,790 ADVENTURE,SERVICE BRAKES
4547,2019,4,VIKING,EQUIPMENT
4548,2019,4,VIKING,EQUIPMENT
4549,2019,128,XTS,SERVICE BRAKES
4550,2019,128,XTS,SEAT BELTS
4551,2019,618,FLAIR,ELECTRICAL SYSTEM
4552,2019,618,FLAIR,EQUIPMENT
4553,2019,618,FLAIR,ELECTRICAL SYSTEM
4554,2019,618,FLAIR,STRUCTURE
4555,2019,618,FLAIR,EQUIPMENT
4556,2019,119,SABRE,ELECTRICAL SYSTEM
4557,2019,119,SABRE,EQUIPMENT
4558,2019,562,MURANO,BACK OVER PREVENTION
4559,2019,13,QX60,BACK OVER PREVENTION
4560,2019,13,QX60,SERVICE BRAKES
4561,2019,4561,PASSAGE,ELECTRICAL SYSTEM
4562,2019,77,FLEX,ELECTRICAL SYSTEM
4563,2019,77,FLEX,BACK OVER PREVENTION
4564,2019,77,FLEX,BACK OVER PREVENTION
4565,2019,77,FLEX,STRUCTURE
4566,2019,323,ALL AMERICAN,EQUIPMENT
4567,2019,323,ALL AMERICAN,SEATS
4568,2019,323,ALL AMERICAN,POWER TRAIN
4569,2019,323,ALL AMERICAN,EQUIPMENT ADAPTIVE/MOBILITY
4570,2019,323,ALL AMERICAN,STRUCTURE
4571,2019,323,ALL AMERICAN,SERVICE BRAKES
4572,2019,323,ALL AMERICAN,SERVICE BRAKES
4573,2019,323,ALL AMERICAN,PARKING BRAKE
4574,2019,323,ALL AMERICAN,ELECTRICAL SYSTEM
4575,2019,323,ALL AMERICAN,POWER TRAIN
4576,2019,323,ALL AMERICAN,STEERING
4577,2019,323,ALL AMERICAN,ELECTRICAL SYSTEM
4578,2019,323,ALL AMERICAN,FUEL SYSTEM
4579,2019,323,ALL AMERICAN,SEAT BELTS
4580,2019,323,ALL AMERICAN,STRUCTURE
4581,2019,323,ALL AMERICAN,SEAT BELTS
4582,2019,323,ALL AMERICAN,EQUIPMENT
4583,2019,323,ALL AMERICAN,SERVICE BRAKES
4584,2019,323,ALL AMERICAN,SERVICE BRAKES
4585,2019,323,ALL AMERICAN,PARKING BRAKE
4586,2019,323,ALL AMERICAN,FUEL SYSTEM
4587,2019,323,ALL AMERICAN,ELECTRICAL SYSTEM
4588,2019,323,ALL AMERICAN,POWER TRAIN
4589,2019,323,ALL AMERICAN,STRUCTURE
4590,2019,323,ALL AMERICAN,STRUCTURE
4591,2019,323,ALL AMERICAN,EQUIPMENT
4592,2019,77,EDGE,POWER TRAIN
4593,2019,77,EDGE,SEAT BELTS
4594,2019,77,EDGE,BACK OVER PREVENTION
4595,2019,1564,LX570,AIR BAGS
4596,2019,1564,LX570,FUEL SYSTEM
4597,2019,31,SOLITUDE,EQUIPMENT
4598,2019,31,SOLITUDE,EQUIPMENT
4599,2019,31,SOLITUDE,EQUIPMENT
4600,2019,31,SOLITUDE,EQUIPMENT
4601,2019,375,389,ELECTRICAL SYSTEM
4602,2019,375,389,ELECTRONIC STABILITY CONTROL (ESC)
4603,2019,375,389,SERVICE BRAKES
4604,2019,375,389,POWER TRAIN
4605,2019,375,389,ENGINE AND ENGINE COOLING
4606,2019,375,389,STEERING
4607,2019,8,KONA,ENGINE
4608,2019,37,GOLF SPORTWAGEN,SUSPENSION
4609,2019,37,GOLF SPORTWAGEN,ELECTRICAL SYSTEM
4610,2019,37,GOLF SPORTWAGEN,TIRES
4611,2019,37,GOLF SPORTWAGEN,ELECTRICAL SYSTEM
4612,2019,37,GOLF SPORTWAGEN,FUEL SYSTEM
4613,2019,77,F-450,ENGINE
4614,2019,77,F-450,SEATS
4615,2019,77,F-450,EQUIPMENT
4616,2019,77,F-450,EXTERIOR LIGHTING
4617,2019,306,X7,AIR BAGS
4618,2019,306,X7,FUEL SYSTEM
4619,2019,306,X7,BACK OVER PREVENTION
4620,2019,306,X7,WHEELS
4621,2019,306,X7,SEATS
4622,2019,306,X7,BACK OVER PREVENTION
4623,2019,306,X7,SERVICE BRAKES
4624,2019,306,X7,VISIBILITY
4625,2019,306,X7,SEATS
4626,2019,306,X7,ELECTRICAL SYSTEM
4627,2019,306,X7,ELECTRICAL SYSTEM
4628,2019,1800,A6,AIR BAGS
4629,2019,1800,A6,ELECTRICAL SYSTEM
4630,2019,1800,A6,ELECTRICAL SYSTEM
4631,2019,1800,A6,ELECTRICAL SYSTEM
4632,2019,1800,A6,SERVICE BRAKES
4633,2019,8,SANTA FE XL,SERVICE BRAKES
4634,2019,130,TIGER 1200 XRX,SERVICE BRAKES
4635,2019,562,VERSA,BACK OVER PREVENTION
4636,2019,155,RDX,FUEL SYSTEM
4637,2019,155,RDX,FUEL SYSTEM
4638,2019,155,RDX,SEAT BELTS
4639,2019,155,RDX,FUEL SYSTEM
4640,2019,98,SIERRA 1500,TIRES
4641,2019,98,SIERRA 1500,SERVICE BRAKES
4642,2019,98,SIERRA 1500,ELECTRICAL SYSTEM
4643,2019,98,SIERRA 1500,SEAT BELTS
4644,2019,98,SIERRA 1500,SERVICE BRAKES
4645,2019,98,SIERRA 1500,SEAT BELTS
4646,2019,98,SIERRA 1500,TIRES
4647,2019,98,SIERRA 1500,TIRES
4648,2019,98,SIERRA 1500,POWER TRAIN
4649,2019,98,SIERRA 1500,AIR BAGS
4650,2019,37,JETTA,UNKNOWN OR OTHER
4651,2019,37,JETTA,EXTERIOR LIGHTING
4652,2019,37,JETTA,SUSPENSION
4653,2019,37,JETTA,ELECTRICAL SYSTEM
4654,2019,37,JETTA,AIR BAGS
4655,2019,37,JETTA,SUSPENSION
4656,2019,37,JETTA,WHEELS
4657,2019,37,JETTA,TIRES
4658,2019,37,JETTA,ELECTRICAL SYSTEM
4659,2019,37,JETTA,ELECTRICAL SYSTEM
4660,2019,37,JETTA,FUEL SYSTEM
4661,2019,119,IMPRESSION,EXTERIOR LIGHTING
4662,2019,1579,ISATA,EQUIPMENT
4663,2019,1579,ISATA,SERVICE BRAKES
4664,2019,4,SHASTA,EQUIPMENT
4665,2019,119,FLAGSTAFF,SUSPENSION
4666,2019,119,FLAGSTAFF,SERVICE BRAKES
4667,2019,119,FLAGSTAFF,ELECTRICAL SYSTEM
4668,2019,119,FLAGSTAFF,TRAILER HITCHES
4669,2019,119,FLAGSTAFF,SUSPENSION
4670,2019,119,FLAGSTAFF,LATCHES/LOCKS/LINKAGES
4671,2019,146,CB300R,POWER TRAIN
4672,2019,146,CB300R,EXTERIOR LIGHTING
4673,2019,64,EAGLE,EQUIPMENT
4674,2019,64,EAGLE,EQUIPMENT
4675,2019,64,EAGLE,EQUIPMENT
4676,2019,64,EAGLE,EQUIPMENT
4677,2019,858,1500,VISIBILITY
4678,2019,858,1500,ELECTRICAL SYSTEM
4679,2019,858,1500,SERVICE BRAKES
4680,2019,858,1500,STRUCTURE
4681,2019,858,1500,STEERING
4682,2019,858,1500,STEERING
4683,2019,858,1500,ELECTRICAL SYSTEM
4684,2019,858,1500,STEERING
4685,2019,858,1500,SEAT BELTS
4686,2019,858,1500,BACK OVER PREVENTION
4687,2019,858,1500,POWER TRAIN
4688,2019,858,1500,SEATS
4689,2019,858,1500,ELECTRICAL SYSTEM
4690,2019,858,1500,AIR BAGS
4691,2019,858,1500,TIRES
4692,2019,858,1500,VISIBILITY
4693,2019,858,1500,AIR BAGS
4694,2019,858,1500,TIRES
4695,2019,858,1500,POWER TRAIN
4696,2019,858,1500,ENGINE AND ENGINE COOLING
4697,2019,858,1500,POWER TRAIN
4698,2019,858,1500,VEHICLE SPEED CONTROL
4699,2019,858,1500,FUEL SYSTEM
4700,2019,858,1500,STRUCTURE
4701,2019,858,1500,ENGINE AND ENGINE COOLING
4702,2019,858,1500,SERVICE BRAKES
4703,2019,858,1500,AIR BAGS
4704,2019,858,1500,AIR BAGS
4705,2019,57,I-PACE,SERVICE BRAKES
4706,2019,57,I-PACE,ELECTRICAL SYSTEM
4707,2019,57,I-PACE,ELECTRICAL SYSTEM
4708,2019,57,I-PACE,ELECTRICAL SYSTEM
4709,2019,57,I-PACE,ELECTRICAL SYSTEM
4710,2019,57,I-PACE,ELECTRICAL SYSTEM
4711,2019,57,I-PACE,ELECTRICAL SYSTEM
4712,2019,57,I-PACE,ELECTRICAL SYSTEM
4713,2019,82,5500HD,SUSPENSION
4714,2019,82,5500HD,WHEELS
4715,2019,82,5500HD,ELECTRICAL SYSTEM
4716,2019,82,5500HD,SERVICE BRAKES
4717,2019,746,CLUBMAN,ENGINE AND ENGINE COOLING
4718,2019,8,ACCENT,LATCHES/LOCKS/LINKAGES
4719,2019,64,EAGLE HT,TRAILER HITCHES
4720,2019,17,SORENTO,TRAILER HITCHES
4721,2019,17,SORENTO,BACK OVER PREVENTION
4722,2019,64,NORTHPOINT,EQUIPMENT
4723,2019,64,NORTHPOINT,ELECTRICAL SYSTEM
4724,2019,64,NORTHPOINT,EQUIPMENT
4725,2019,64,NORTHPOINT,EQUIPMENT
4726,2019,4726,RAM 5500,ENGINE AND ENGINE COOLING
4727,2019,4726,RAM 5500,WHEELS
4728,2019,17,CADENZA,SERVICE BRAKES
4729,2019,1014,M2 BUSINESS CLASS,SERVICE BRAKES
4730,2019,1014,M2 BUSINESS CLASS,POWER TRAIN
4731,2019,1014,M2 BUSINESS CLASS,SERVICE BRAKES
4732,2019,15,YARIS,EQUIPMENT
4733,2019,15,YARIS,FUEL SYSTEM
4734,2019,15,YARIS,EQUIPMENT
4735,2019,13,Q60,BACK OVER PREVENTION
4736,2019,1497,VNL,ENGINE AND ENGINE COOLING
4737,2019,1497,VNL,POWER TRAIN
4738,2019,1497,VNL,ELECTRICAL SYSTEM
4739,2019,1497,VNL,STRUCTURE
4740,2019,1497,VNL,TRAILER HITCHES
4741,2019,1497,VNL,POWER TRAIN
4742,2019,1497,VNL,TIRES
4743,2019,1497,VNL,EQUIPMENT
4744,2019,1228,TRACER,POWER TRAIN
4745,2019,1228,TRACER,EQUIPMENT
4746,2019,193,SPRINGFIELD,ELECTRICAL SYSTEM
4747,2019,193,SPRINGFIELD,ELECTRICAL SYSTEM
4748,2019,193,SPRINGFIELD,EXTERIOR LIGHTING
4749,2019,92,GRAND CARAVAN,SEATS
4750,2019,92,GRAND CARAVAN,SERVICE BRAKES
4751,2019,92,GRAND CARAVAN,FUEL SYSTEM
4752,2019,82,BLAZER,TIRES
4753,2019,82,BLAZER,POWER TRAIN
4754,2019,1564,RX350L,FUEL SYSTEM
4755,2019,1564,RX350L,FUEL SYSTEM
4756,2019,82,SILVERADO 2500,EQUIPMENT
4757,2019,82,SILVERADO 2500,ENGINE
4758,2019,82,SILVERADO 2500,FUEL SYSTEM
4759,2019,82,SILVERADO 2500,AIR BAGS
4760,2019,82,SILVERADO 2500,AIR BAGS
4761,2019,119,CHEROKEE,TRAILER HITCHES
4762,2019,119,CHEROKEE,EQUIPMENT
4763,2019,119,CHEROKEE,ELECTRICAL SYSTEM
4764,2019,119,CHEROKEE,EQUIPMENT
4765,2019,119,CHEROKEE,EQUIPMENT
4766,2019,119,CHEROKEE,EQUIPMENT
4767,2019,110,G70,SERVICE BRAKES
4768,2019,110,G70,LATCHES/LOCKS/LINKAGES
4769,2019,110,G70,ELECTRICAL SYSTEM
4770,2019,110,G70,ENGINE AND ENGINE COOLING
4771,2019,110,G70,FUEL SYSTEM
4772,2019,1419,T680,POWER TRAIN
4773,2019,1419,T680,ENGINE AND ENGINE COOLING
4774,2019,1419,T680,SERVICE BRAKES
4775,2019,1419,T680,PARKING BRAKE
4776,2019,1419,T680,EXTERIOR LIGHTING
4777,2019,1419,T680,ELECTRICAL SYSTEM
4778,2019,1419,T680,ELECTRONIC STABILITY CONTROL (ESC)
4779,2019,1419,T680,STEERING
4780,2019,1419,T680,SERVICE BRAKES
4781,2019,858,PROMASTER CITY,EXTERIOR LIGHTING
4782,2019,13,QX80,BACK OVER PREVENTION
4783,2019,584,DISCOVERY,ENGINE
4784,2019,584,DISCOVERY,EXTERIOR LIGHTING
4785,2019,584,DISCOVERY,ELECTRICAL SYSTEM
4786,2019,584,DISCOVERY,ELECTRICAL SYSTEM
4787,2019,8,TUCSON,SERVICE BRAKES
4788,2019,375,520,SERVICE BRAKES
4789,2019,375,520,FUEL SYSTEM
4790,2019,375,520,STEERING
4791,2019,375,520,STEERING
4792,2019,375,520,EXTERIOR LIGHTING
4793,2019,375,520,ELECTRICAL SYSTEM
4794,2019,375,520,STEERING
4795,2019,375,520,SUSPENSION
4796,2019,119,PUMA,EQUIPMENT
4797,2019,306,X1,STEERING
4798,2019,306,X1,EXTERIOR LIGHTING
4799,2019,306,X1,STRUCTURE
4800,2019,258,DURANGO,EQUIPMENT
4801,2019,258,DURANGO,EQUIPMENT
4802,2019,258,DURANGO,EQUIPMENT
4803,2019,4803,E21C,STRUCTURE
4804,2019,306,F850GS,ENGINE AND ENGINE COOLING
4805,2019,119,R-POD,EQUIPMENT
4806,2019,119,R-POD,ELECTRICAL SYSTEM
4807,2019,82,6500,SERVICE BRAKES
4808,2019,2,MINNIE,EQUIPMENT
4809,2019,2,MINNIE,EQUIPMENT
4810,2019,130,SPEED TWIN,POWER TRAIN
4811,2019,130,SPEED TWIN,ENGINE AND ENGINE COOLING
4812,2019,64,JAY FEATHER,STRUCTURE
4813,2019,64,JAY FEATHER,EQUIPMENT
4814,2019,64,JAY FEATHER,SUSPENSION
4815,2019,64,JAY FEATHER,EQUIPMENT
4816,2019,146,PILOT,BACK OVER PREVENTION
4817,2019,146,PILOT,ELECTRICAL SYSTEM
4818,2019,146,PILOT,STRUCTURE
4819,2019,146,PILOT,TIRES
4820,2019,146,PILOT,FUEL SYSTEM
4821,2019,146,PILOT,STRUCTURE
4822,2019,146,PILOT,ENGINE AND ENGINE COOLING
4823,2019,146,PILOT,STRUCTURE
4824,2019,146,PILOT,BACK OVER PREVENTION
4825,2019,146,PILOT,ENGINE AND ENGINE COOLING
4826,2019,146,PILOT,FUEL SYSTEM
4827,2019,98,YUKON,SERVICE BRAKES
4828,2019,64,MELBOURNE,STRUCTURE
4829,2019,64,MELBOURNE,EQUIPMENT
4830,2019,64,MELBOURNE,EQUIPMENT
4831,2019,64,MELBOURNE,POWER TRAIN
4832,2019,15,PRIUS,ELECTRICAL SYSTEM
4833,2019,15,PRIUS,ELECTRONIC STABILITY CONTROL (ESC)
4834,2019,15,PRIUS,EQUIPMENT
4835,2019,16,ENCORE,AIR BAGS
4836,2019,16,ENCORE,POWER TRAIN
4837,2019,3,AXIS,EQUIPMENT
4838,2019,1800,S5,TIRES
4839,2019,1800,S5,SUSPENSION
4840,2019,1800,S5,SEATS
4841,2019,1800,S5,SUSPENSION
4842,2019,193,CHIEFTAIN DARK HORSE,ELECTRICAL SYSTEM
4843,2019,146,INSIGHT,FUEL SYSTEM
4844,2019,146,INSIGHT,ELECTRICAL SYSTEM
4845,2019,146,INSIGHT,FUEL SYSTEM
4846,2019,146,INSIGHT,BACK OVER PREVENTION
4847,2019,146,INSIGHT,SEAT BELTS
4848,2019,146,INSIGHT,SEAT BELTS
4849,2019,146,INSIGHT,FUEL SYSTEM
4850,2019,562,VERSA NOTE,BACK OVER PREVENTION
4851,2019,119,SUNSEEKER,POWER TRAIN
4852,2019,128,ESCALADE ESV,SEAT BELTS
4853,2019,596,SPYDER F3,POWER TRAIN
4854,2019,596,SPYDER F3,POWER TRAIN
4855,2019,374,MOBILE SUITE,SERVICE BRAKES
4856,2019,2,VIEW,ELECTRICAL SYSTEM
4857,2019,2179,720S,SERVICE BRAKES
4858,2019,2179,720S,FUEL SYSTEM
4859,2019,306,G310R,SERVICE BRAKES
4860,2019,2253,MONSTER 1200,SERVICE BRAKES
4861,2019,2253,MONSTER 1200,SERVICE BRAKES
4862,2019,2253,MONSTER 1200,POWER TRAIN
4863,2019,119,FORESTER,EQUIPMENT
4864,2019,119,FORESTER,POWER TRAIN
4865,2019,146,GL1800,FUEL SYSTEM
4866,2019,146,GL1800,ENGINE AND ENGINE COOLING
4867,2019,783,K2,SUSPENSION
4868,2019,783,K2,SERVICE BRAKES
4869,2019,783,K2,TIRES
4870,2019,783,K2,ELECTRICAL SYSTEM
4871,2019,783,K2,FUEL SYSTEM
4872,2019,783,K2,SERVICE BRAKES
4873,2019,82,TRAVERSE,POWER TRAIN
4874,2019,82,TRAVERSE,AIR BAGS
4875,2019,82,TRAVERSE,AIR BAGS
4876,2019,146,CRF450L,ELECTRICAL SYSTEM
4877,2019,194,GLC350E,EQUIPMENT
4878,2019,194,GLC350E,SEAT BELTS
4879,2019,194,GLC350E,AIR BAGS
4880,2019,194,GLC350E,STRUCTURE
4881,2019,194,GLC350E,STRUCTURE
4882,2019,452,ASCENT,POWER TRAIN
4883,2019,452,ASCENT,POWER TRAIN
4884,2019,452,ASCENT,FUEL SYSTEM
4885,2019,452,ASCENT,FUEL SYSTEM
4886,2019,452,ASCENT,ENGINE AND ENGINE COOLING
4887,2019,452,ASCENT,POWER TRAIN
4888,2019,452,ASCENT,STRUCTURE
4889,2019,452,ASCENT,ELECTRICAL SYSTEM
4890,2019,258,SPREE,EQUIPMENT
4891,2019,258,SPREE,EQUIPMENT
4892,2019,4,FREEDOM EXPRESS,ELECTRICAL SYSTEM
4893,2019,17,STINGER,SERVICE BRAKES
4894,2019,17,STINGER,FUEL SYSTEM
4895,2019,17,STINGER,ENGINE AND ENGINE COOLING
4896,2019,77,RANGER,EXTERIOR LIGHTING
4897,2019,77,RANGER,VISIBILITY
4898,2019,77,RANGER,SEAT BELTS
4899,2019,77,RANGER,POWER TRAIN
4900,2019,77,RANGER,SEAT BELTS
4901,2019,77,RANGER,VISIBILITY
4902,2019,77,RANGER,POWER TRAIN
4903,2019,77,RANGER,EQUIPMENT
4904,2019,77,RANGER,BACK OVER PREVENTION
4905,2019,77,RANGER,BACK OVER PREVENTION
4906,2019,77,RANGER,EQUIPMENT
4907,2019,99,MONTANA,SUSPENSION
4908,2019,99,MONTANA,STRUCTURE
4909,2019,99,MONTANA,SERVICE BRAKES
4910,2019,99,MONTANA,EQUIPMENT
4911,2019,57,F-TYPE,ENGINE AND ENGINE COOLING
4912,2019,57,F-TYPE,EQUIPMENT
4913,2019,146,CBR600RR,FUEL SYSTEM
4914,2019,13,Q70L,BACK OVER PREVENTION
4915,2019,13,Q70L,POWER TRAIN
4916,2019,145,FLHTK,VISIBILITY
4917,2019,79,OPEN RANGE,EQUIPMENT
4918,2019,79,OPEN RANGE,EQUIPMENT
4919,2019,306,530E,EQUIPMENT
4920,2019,306,530E,BACK OVER PREVENTION
4921,2019,64,ALANTE,EQUIPMENT
4922,2019,64,ALANTE,EQUIPMENT
4923,2019,64,ALANTE,ELECTRICAL SYSTEM
4924,2019,64,ALANTE,VISIBILITY
4925,2019,306,C650 GT MAXI-SCOOTER,SERVICE BRAKES
4926,2019,64,JAY FLIGHT,ELECTRICAL SYSTEM
4927,2019,64,JAY FLIGHT,SUSPENSION
4928,2019,64,JAY FLIGHT,EQUIPMENT
4929,2019,64,JAY FLIGHT,EQUIPMENT
4930,2019,64,JAY FLIGHT,EQUIPMENT
4931,2019,584,RANGE ROVER VELAR,ENGINE
4932,2019,584,RANGE ROVER VELAR,EXTERIOR LIGHTING
4933,2019,306,K 1600 GTL,SUSPENSION
4934,2019,306,K 1600 GTL,POWER TRAIN
4935,2019,77,EXPLORER,STRUCTURE
4936,2019,77,EXPLORER,SEATS
4937,2019,77,EXPLORER,STRUCTURE
4938,2019,119,ROCKPORT,VISIBILITY
4939,2019,119,ROCKPORT,STRUCTURE
4940,2019,119,ROCKPORT,EQUIPMENT
4941,2019,119,ROCKPORT,SUSPENSION
4942,2019,119,ROCKPORT,ELECTRICAL SYSTEM
4943,2019,119,ROCKPORT,ELECTRICAL SYSTEM
4944,2019,119,ROCKPORT,ELECTRICAL SYSTEM
4945,2019,119,ROCKPORT,STRUCTURE
4946,2019,4946,TRAVEL TRAILER,EQUIPMENT
4947,2019,4946,TRAVEL TRAILER,EQUIPMENT
4948,2019,21,BREEZE,STRUCTURE
4949,2019,467,1090 ADVENTURE R,TIRES
4950,2019,119,VENGEANCE,EXTERIOR LIGHTING
4951,2019,2,TRAVATO,ELECTRICAL SYSTEM
4952,2019,2,TRAVATO,ELECTRICAL SYSTEM
4953,2019,2,TRAVATO,STRUCTURE
4954,2019,2,TRAVATO,STRUCTURE
4955,2019,3,ARIA,SERVICE BRAKES
4956,2019,3,ARIA,EXTERIOR LIGHTING
4957,2019,3,ARIA,TIRES
4958,2019,3,ARIA,STRUCTURE
4959,2019,31,IMAGINE,SUSPENSION
4960,2019,31,IMAGINE,SUSPENSION
4961,2019,31,IMAGINE,EQUIPMENT
4962,2019,21,BUS,VISIBILITY/WIPER
4963,2019,21,BUS,STRUCTURE
4964,2019,21,BUS,FUEL SYSTEM
4965,2019,21,BUS,ELECTRICAL SYSTEM
4966,2019,1800,S4,SEATS
4967,2019,4,CATALINA,SUSPENSION
4968,2019,4,CATALINA,EQUIPMENT
4969,2019,82,MALIBU,SEAT BELTS
4970,2019,37,PASSAT,EXTERIOR LIGHTING
4971,2019,15,4RUNNER,FUEL SYSTEM
4972,2019,15,4RUNNER,EQUIPMENT
4973,2019,15,4RUNNER,STEERING
4974,2019,15,4RUNNER,EQUIPMENT
4975,2019,14,NAVIGATOR,ELECTRICAL SYSTEM
4976,2019,14,NAVIGATOR,SUSPENSION
4977,2019,14,NAVIGATOR,EQUIPMENT
4978,2019,14,NAVIGATOR,BACK OVER PREVENTION
4979,2019,14,NAVIGATOR,SEAT BELTS
4980,2019,14,NAVIGATOR,EQUIPMENT
4981,2019,14,NAVIGATOR,SEAT BELTS
4982,2019,194,SPRINTER (VS30),EQUIPMENT
4983,2019,194,SPRINTER (VS30),EXTERIOR LIGHTING
4984,2019,194,SPRINTER (VS30),EQUIPMENT
4985,2019,194,SPRINTER (VS30),EQUIPMENT
4986,2019,194,SPRINTER (VS30),STEERING
4987,2019,194,SPRINTER (VS30),AIR BAGS
4988,2019,194,SPRINTER (VS30),FUEL SYSTEM
4989,2019,194,SPRINTER (VS30),EQUIPMENT
4990,2019,194,SPRINTER (VS30),ELECTRONIC STABILITY CONTROL (ESC)
4991,2019,194,SPRINTER (VS30),STEERING
4992,2019,194,SPRINTER (VS30),SERVICE BRAKES
4993,2019,194,SPRINTER (VS30),SUSPENSION
4994,2019,194,SPRINTER (VS30),SUSPENSION
4995,2019,194,SPRINTER (VS30),VISIBILITY
4996,2019,288,PIONEER,EQUIPMENT
4997,2019,288,PIONEER,SUSPENSION
4998,2019,288,PIONEER,VISIBILITY
4999,2019,288,PIONEER,ELECTRICAL SYSTEM
5000,2019,288,PIONEER,EQUIPMENT
5001,2019,288,PIONEER,SUSPENSION
5002,2019,1009,NEST,TRAILER HITCHES
5003,2019,1009,NEST,EQUIPMENT
5004,2019,146,ACCORD HYBRID,ELECTRICAL SYSTEM
5005,2019,146,ACCORD HYBRID,FUEL SYSTEM
5006,2019,146,ACCORD HYBRID,SEAT BELTS
5007,2019,146,ACCORD HYBRID,FUEL SYSTEM
5008,2019,8,NEXO,SERVICE BRAKES
5009,2019,8,NEXO,FUEL SYSTEM
5010,2019,8,NEXO,FUEL SYSTEM
5011,2019,8,NEXO,FUEL SYSTEM
5012,2019,155,MDX SPORT HYBRID,EXTERIOR LIGHTING
5013,2019,155,MDX SPORT HYBRID,FUEL SYSTEM
5014,2019,908,ANTHEM,SERVICE BRAKES
5015,2019,908,ANTHEM,EQUIPMENT
5016,2019,908,ANTHEM,ELECTRICAL SYSTEM
5017,2019,908,ANTHEM,FUEL SYSTEM
5018,2019,908,ANTHEM,WHEELS
5019,2019,908,ANTHEM,STRUCTURE
5020,2019,908,ANTHEM,STEERING
5021,2019,99,ALPINE,EQUIPMENT
5022,2019,2,SUNSTAR,ELECTRICAL SYSTEM
5023,2019,2,SUNSTAR,EXTERIOR LIGHTING
5024,2019,2,SUNSTAR,LATCHES/LOCKS/LINKAGES
5025,2019,306,X4,SERVICE BRAKES
5026,2019,306,X4,BACK OVER PREVENTION
5027,2019,306,X4,ELECTRICAL SYSTEM
5028,2019,306,X4,SEATS
5029,2019,306,X4,BACK OVER PREVENTION
5030,2019,306,X4,AIR BAGS
5031,2019,306,X4,AIR BAGS
5032,2019,3364,VIPER,EQUIPMENT
5033,2019,258,SPORTSMEN,EQUIPMENT
5034,2019,258,SPORTSMEN,EQUIPMENT
5035,2019,258,SPORTSMEN,EQUIPMENT
5036,2019,258,SPORTSMEN,EQUIPMENT
5037,2019,258,SPORTSMEN,EQUIPMENT
5038,2019,258,SPORTSMEN,EQUIPMENT
5039,2019,306,G310 GS,SERVICE BRAKES
5040,2019,452,CROSSTREK,VISIBILITY
5041,2019,452,CROSSTREK,SEAT BELTS
5042,2019,452,CROSSTREK,STEERING
5043,2019,452,CROSSTREK,SUSPENSION
5044,2019,452,CROSSTREK,ELECTRICAL SYSTEM
5045,2019,452,CROSSTREK,ENGINE AND ENGINE COOLING
5046,2019,452,CROSSTREK,ELECTRICAL SYSTEM
5047,2019,746,COOPER S,ENGINE AND ENGINE COOLING
5048,2019,1197,MOSSY OAK,EQUIPMENT
5049,2019,1197,MOSSY OAK,ELECTRICAL SYSTEM
5050,2019,1197,MOSSY OAK,EQUIPMENT
5051,2019,288,MALLARD,EQUIPMENT
5052,2019,288,MALLARD,SUSPENSION
5053,2019,16,REGAL,SERVICE BRAKES
5054,2019,16,REGAL,SEATS
5055,2019,16,REGAL,SERVICE BRAKES
5056,2019,146,CLARITY PLUG-IN HYBRID,SEAT BELTS
5057,2019,146,CLARITY PLUG-IN HYBRID,FUEL SYSTEM
5058,2019,1,CAYENNE,SEAT BELTS
5059,2019,1,CAYENNE,SUSPENSION
5060,2019,1,CAYENNE,VISIBILITY
5061,2019,1,CAYENNE,ELECTRICAL SYSTEM
5062,2019,1,CAYENNE,ELECTRICAL SYSTEM
5063,2019,263,5700,POWER TRAIN
5064,2019,263,5700,STEERING
5065,2019,263,5700,STEERING
5066,2019,263,5700,ELECTRICAL SYSTEM
5067,2019,263,5700,SERVICE BRAKES
5068,2019,263,5700,VISIBILITY
5069,2019,263,5700,ELECTRICAL SYSTEM
5070,2019,263,5700,SERVICE BRAKES
5071,2019,263,5700,STRUCTURE
5072,2019,263,5700,SERVICE BRAKES
5073,2019,263,5700,POWER TRAIN
5074,2019,263,5700,ELECTRICAL SYSTEM
5075,2019,263,5700,SERVICE BRAKES
5076,2019,263,5700,ELECTRICAL SYSTEM
5077,2019,452,IMPREZA,FUEL SYSTEM
5078,2019,452,IMPREZA,ELECTRICAL SYSTEM
5079,2019,452,IMPREZA,FUEL SYSTEM
5080,2019,452,IMPREZA,ELECTRICAL SYSTEM
5081,2019,452,IMPREZA,EXTERIOR LIGHTING
5082,2019,562,PATHFINDER,BACK OVER PREVENTION
5083,2019,562,PATHFINDER,SERVICE BRAKES
5084,2019,1800,RS5,AIR BAGS
5085,2019,1800,RS5,TIRES
5086,2019,1800,RS5,ELECTRICAL SYSTEM
5087,2019,1800,RS5,SUSPENSION
5088,2019,1800,RS5,SEATS
5089,2019,8,SANTA FE,AIR BAGS
5090,2019,8,SANTA FE,TRAILER HITCHES
5091,2019,119,PALOMINO,EQUIPMENT
5092,2019,119,PALOMINO,EQUIPMENT
5093,2019,17,SEDONA,AIR BAGS
5094,2019,17,SEDONA,SEAT BELTS
5095,2019,5095,18RB,EQUIPMENT
5096,2019,669,MV,POWER TRAIN
5097,2019,669,MV,EXTERIOR LIGHTING
5098,2019,669,MV,ENGINE
5099,2019,669,MV,SERVICE BRAKES
5100,2019,669,MV,FUEL SYSTEM
5101,2019,669,MV,ENGINE AND ENGINE COOLING
5102,2019,669,MV,FUEL SYSTEM
5103,2019,669,MV,SEAT BELTS
5104,2019,669,MV,FUEL SYSTEM
5105,2019,669,MV,ELECTRICAL SYSTEM
5106,2019,669,MV,SERVICE BRAKES
5107,2019,669,MV,EXTERIOR LIGHTING
5108,2019,669,MV,SERVICE BRAKES
5109,2019,1906,VALENCIA,EQUIPMENT
5110,2019,150,GIULIA,ELECTRICAL SYSTEM
5111,2019,150,GIULIA,FORWARD COLLISION AVOIDANCE
5112,2019,150,GIULIA,SERVICE BRAKES
5113,2019,150,GIULIA,EQUIPMENT
5114,2019,150,GIULIA,AIR BAGS
5115,2019,150,GIULIA,SERVICE BRAKES
5116,2019,150,GIULIA,FUEL SYSTEM
5117,2019,79,HIGHLANDER,EQUIPMENT
5118,2019,44,ESSEX,EQUIPMENT
5119,2019,44,ESSEX,SERVICE BRAKES
5120,2019,44,ESSEX,ELECTRICAL SYSTEM
5121,2019,44,ESSEX,SERVICE BRAKES
5122,2019,44,ESSEX,ELECTRICAL SYSTEM
5123,2019,44,ESSEX,VISIBILITY
5124,2019,44,ESSEX,EXTERIOR LIGHTING
5125,2019,44,ESSEX,SERVICE BRAKES
5126,2019,44,ESSEX,SERVICE BRAKES
5127,2019,44,ESSEX,EQUIPMENT
5128,2019,44,ESSEX,EXTERIOR LIGHTING
5129,2019,44,ESSEX,EQUIPMENT
5130,2019,44,ESSEX,EQUIPMENT
5131,2019,44,ESSEX,SEATS
5132,2019,155,TLX,FUEL SYSTEM
5133,2019,155,TLX,FUEL SYSTEM
5134,2019,155,TLX,ENGINE AND ENGINE COOLING
5135,2019,155,TLX,ENGINE AND ENGINE COOLING
5136,2019,155,TLX,FUEL SYSTEM
5137,2019,15,AVALON,FUEL SYSTEM
5138,2019,15,AVALON,FUEL SYSTEM
5139,2019,15,AVALON,ELECTRICAL SYSTEM
5140,2019,15,AVALON,EQUIPMENT
5141,2019,98,SAVANA CUTAWAY VAN,SERVICE BRAKES
5142,2019,2674,488 GTB,SERVICE BRAKES
5143,2019,2674,488 GTB,FUEL SYSTEM
5144,2019,3605,LANCE CAMPER,ELECTRICAL SYSTEM
5145,2019,16,ENCLAVE,POWER TRAIN
5146,2019,16,LACROSSE,POWER TRAIN
5147,2019,16,LACROSSE,SERVICE BRAKES
5148,2019,5148,268,EQUIPMENT
5149,2019,1800,Q5,ELECTRICAL SYSTEM
5150,2019,1800,Q5,WHEELS
5151,2019,1800,Q5,AIR BAGS
5152,2019,1800,Q5,STRUCTURE
5153,2019,1800,Q5,SERVICE BRAKES
5154,2019,1800,A5,TIRES
5155,2019,1800,A5,SUSPENSION
5156,2019,1800,A5,SEATS
5157,2019,110,G80,SERVICE BRAKES
5158,2019,110,G80,ELECTRICAL SYSTEM
5159,2019,110,G80,ENGINE AND ENGINE COOLING
5160,2019,1357,MX-5,FUEL SYSTEM
5161,2019,1357,MX-5,POWER TRAIN
5162,2019,1357,MX-5,AIR BAGS
5163,2019,3,WINDSPORT,EQUIPMENT
5164,2019,8,VELOSTER N,FUEL SYSTEM
5165,2019,99,SPRINGDALE,EQUIPMENT
5166,2019,99,SPRINGDALE,SUSPENSION
5167,2019,99,SPRINGDALE,POWER TRAIN
5168,2019,505,LR,TIRES
5169,2019,505,LR,STEERING
5170,2019,1,CAYENNE E-HYBRID,ELECTRICAL SYSTEM
5171,2019,15,CAMRY HYBRID,FUEL SYSTEM
5172,2019,15,CAMRY HYBRID,EQUIPMENT
5173,2019,15,C-HR,SEAT BELTS
5174,2019,15,C-HR,POWER TRAIN
5175,2019,15,C-HR,EQUIPMENT
5176,2019,82,EQUINOX,POWER TRAIN
5177,2019,82,EQUINOX,SERVICE BRAKES
5178,2019,82,EQUINOX,FUEL SYSTEM
5179,2019,82,EQUINOX,SEATS
5180,2019,423,VITPILEN 701,POWER TRAIN
5181,2019,423,VITPILEN 701,FUEL SYSTEM
5182,2019,423,VITPILEN 701,STRUCTURE
5183,2019,64,JAY FLIGHT SLX,SUSPENSION
5184,2019,64,JAY FLIGHT SLX,EQUIPMENT
5185,2019,64,JAY FLIGHT SLX,SUSPENSION
5186,2019,4561,WEEKENDER,ELECTRICAL SYSTEM
5187,2019,119,SANDPIPER,SUSPENSION
5188,2019,306,M5,POWER TRAIN
5189,2019,306,M5,FUEL SYSTEM
5190,2019,306,M5,BACK OVER PREVENTION
5191,2019,660,VILANO,EQUIPMENT
5192,2019,660,VILANO,SUSPENSION
5193,2019,193,SCOUT BOBBER,SERVICE BRAKES
5194,2019,193,SCOUT BOBBER,SERVICE BRAKES
5195,2019,193,SCOUT BOBBER,SERVICE BRAKES
5196,2019,8,IONIQ HYBRID,WHEELS
5197,2019,92,CHALLENGER,BACK OVER PREVENTION
5198,2019,92,CHALLENGER,ELECTRICAL SYSTEM
5199,2019,92,CHALLENGER,SERVICE BRAKES
5200,2019,288,SUNDANCE,EQUIPMENT
5201,2019,288,SUNDANCE,VISIBILITY
5202,2019,288,SUNDANCE,ELECTRICAL SYSTEM
5203,2019,1,CAYENNE TURBO,FUEL SYSTEM
5204,2019,1564,RC 350,FUEL SYSTEM
5205,2019,1564,RC 350,FUEL SYSTEM
5206,2019,77,TRANSIT CONNECT,AIR BAGS
5207,2019,77,TRANSIT CONNECT,ENGINE AND ENGINE COOLING
5208,2019,77,TRANSIT CONNECT,POWER TRAIN
5209,2019,77,TRANSIT CONNECT,POWER TRAIN
5210,2019,77,TRANSIT CONNECT,POWER TRAIN
5211,2019,77,TRANSIT CONNECT,VISIBILITY
5212,2019,77,TRANSIT CONNECT,POWER TRAIN
5213,2019,77,TRANSIT CONNECT,BACK OVER PREVENTION
5214,2019,908,VISION,VISIBILITY
5215,2019,908,VISION,ELECTRICAL SYSTEM
5216,2019,908,VISION,VISIBILITY
5217,2019,505,GRANITE (GR),STEERING
5218,2019,505,GRANITE (GR),VISIBILITY
5219,2019,505,GRANITE (GR),TIRES
5220,2019,505,GRANITE (GR),ELECTRONIC STABILITY CONTROL (ESC)
5221,2019,505,GRANITE (GR),EXTERIOR LIGHTING
5222,2019,505,GRANITE (GR),TIRES
5223,2019,505,GRANITE (GR),SEAT BELTS
5224,2019,64,WHITE HAWK,SUSPENSION
5225,2019,64,WHITE HAWK,EQUIPMENT
5226,2019,64,WHITE HAWK,SERVICE BRAKES
5227,2019,64,WHITE HAWK,STRUCTURE
5228,2019,64,WHITE HAWK,EQUIPMENT
5229,2019,64,WHITE HAWK,SUSPENSION
5230,2019,64,WHITE HAWK,EQUIPMENT
5231,2019,82,SILVERADO 3500,EQUIPMENT
5232,2019,82,SILVERADO 3500,ENGINE
5233,2019,82,SILVERADO 3500,FUEL SYSTEM
5234,2019,82,SILVERADO 3500,AIR BAGS
5235,2019,82,SILVERADO 3500,AIR BAGS
5236,2019,669,CV,ENGINE
5237,2019,669,CV,EQUIPMENT
5238,2019,669,CV,ELECTRICAL SYSTEM
5239,2019,669,CV,PARKING BRAKE
5240,2019,669,CV,PARKING BRAKE
5241,2019,669,CV,PARKING BRAKE
5242,2019,8,ELANTRA,ENGINE
5243,2019,306,R 1250 RT,SERVICE BRAKES
5244,2019,306,R 1250 RT,SERVICE BRAKES
5245,2019,306,R 1250 RT,SERVICE BRAKES
5246,2019,306,R 1250 RT,POWER TRAIN
5247,2019,3,FOUR WINDS,SEAT BELTS
5248,2019,3,FOUR WINDS,EQUIPMENT
5249,2019,3,FOUR WINDS,ELECTRICAL SYSTEM
5250,2019,3,FOUR WINDS,EQUIPMENT
5251,2019,3,FOUR WINDS,SUSPENSION
5252,2019,14,MKT,ELECTRICAL SYSTEM
5253,2019,14,MKT,BACK OVER PREVENTION
5254,2019,14,MKT,BACK OVER PREVENTION
5255,2019,306,X2,STEERING
5256,2019,1800,E-TRON,ELECTRICAL SYSTEM
5257,2019,1800,E-TRON,ELECTRICAL SYSTEM
5258,2019,1800,E-TRON,ELECTRICAL SYSTEM
5259,2019,1800,E-TRON,SERVICE BRAKES
5260,2019,119,GEORGETOWN,EQUIPMENT
5261,2019,119,GEORGETOWN,EQUIPMENT
5262,2019,119,GEORGETOWN,STRUCTURE
5263,2019,119,GEORGETOWN,VISIBILITY
5264,2019,119,GEORGETOWN,EQUIPMENT
5265,2019,119,GEORGETOWN,EQUIPMENT
5266,2019,119,GEORGETOWN,EQUIPMENT
5267,2019,119,XLR,SUSPENSION
5268,2019,119,XLR,EQUIPMENT
5269,2019,452,FORESTER,SUSPENSION
5270,2019,452,FORESTER,ENGINE AND ENGINE COOLING
5271,2019,452,FORESTER,STEERING
5272,2019,3,VENETIAN,SERVICE BRAKES
5273,2019,3,VENETIAN,SERVICE BRAKES
5274,2019,3,VENETIAN,EXTERIOR LIGHTING
5275,2019,3,VENETIAN,EXTERIOR LIGHTING
5276,2019,3,VENETIAN,SERVICE BRAKES
5277,2019,3,VENETIAN,EXTERIOR LIGHTING
5278,2019,3,VENETIAN,TIRES
5279,2019,3,VENETIAN,STRUCTURE
5280,2023,128,CT4,EXTERIOR LIGHTING
5281,2023,584,RANGE ROVER VELAR,ENGINE AND ENGINE COOLING
5282,2023,37,ARTEON,BACK OVER PREVENTION
5283,2023,82,MALIBU,STRUCTURE
5284,2023,110,G90,SEAT BELTS
5285,2023,110,G90,FUEL SYSTEM
5286,2023,110,G90,ELECTRICAL SYSTEM
5287,2023,1649,MT-09,VEHICLE SPEED CONTROL
5288,2023,37,ID.4,BACK OVER PREVENTION
5289,2023,37,ID.4,ELECTRICAL SYSTEM
5290,2023,37,ID.4,ELECTRICAL SYSTEM
5291,2023,37,ID.4,STRUCTURE
5292,2023,37,ID.4,BACK OVER PREVENTION
5293,2023,37,ID.4,AIR BAGS
5294,2023,37,ID.4,STRUCTURE
5295,2023,37,ID.4,BACK OVER PREVENTION
5296,2023,37,ID.4,POWER TRAIN
5297,2023,37,ID.4,SERVICE BRAKES
5298,2023,155,TLX,FUEL SYSTEM
5299,2023,155,TLX,SERVICE BRAKES
5300,2023,263,47X,STRUCTURE
5301,2023,263,47X,SERVICE BRAKES
5302,2023,263,47X,ENGINE AND ENGINE COOLING
5303,2023,263,47X,STRUCTURE
5304,2023,263,47X,STEERING
5305,2023,263,47X,SERVICE BRAKES
5306,2023,263,47X,ELECTRONIC STABILITY CONTROL (ESC)
5307,2023,263,47X,STEERING
5308,2023,263,47X,FORWARD COLLISION AVOIDANCE
5309,2023,263,47X,ELECTRICAL SYSTEM
5310,2023,263,47X,SUSPENSION
5311,2023,306,X1,AIR BAGS
5312,2023,306,X1,SEAT BELTS
5313,2023,306,X1,ELECTRONIC STABILITY CONTROL (ESC)
5314,2023,306,X1,ELECTRONIC STABILITY CONTROL (ESC)
5315,2023,306,X1,ELECTRONIC STABILITY CONTROL (ESC)
5316,2023,145,RH1250S,STEERING
5317,2023,1,911 CARRERA 4,SEAT BELTS
5318,2023,64,SENECA,TIRES
5319,2023,64,SENECA,VISIBILITY
5320,2023,64,SENECA,EQUIPMENT
5321,2023,17,SPORTAGE PHEV,ELECTRICAL SYSTEM
5322,2023,618,BOUNDER,SUSPENSION
5323,2023,618,BOUNDER,EQUIPMENT
5324,2023,618,BOUNDER,EQUIPMENT
5325,2023,618,BOUNDER,LATCHES/LOCKS/LINKAGES
5326,2023,618,BOUNDER,TRAILER HITCHES
5327,2023,618,BOUNDER,ENGINE AND ENGINE COOLING
5328,2023,9,RENEGADE,AIR BAGS
5329,2023,9,RENEGADE,EXTERIOR LIGHTING
5330,2023,9,WRANGLER 4XE,ELECTRICAL SYSTEM
5331,2023,9,WRANGLER 4XE,ELECTRICAL SYSTEM
5332,2023,44,BAY STAR,EQUIPMENT
5333,2023,44,BAY STAR,LATCHES/LOCKS/LINKAGES
5334,2023,44,BAY STAR,SEAT BELTS
5335,2023,15,PRIUS,ELECTRICAL SYSTEM
5336,2023,15,PRIUS,EQUIPMENT
5337,2023,15,PRIUS,BACK OVER PREVENTION
5338,2023,82,COLORADO,ELECTRICAL SYSTEM
5339,2023,82,COLORADO,WHEELS
5340,2023,82,COLORADO,SEAT BELTS
5341,2023,128,ESCALADE,EXTERIOR LIGHTING
5342,2023,128,ESCALADE,SUSPENSION
5343,2023,128,ESCALADE,SERVICE BRAKES
5344,2023,128,ESCALADE,ENGINE AND ENGINE COOLING
5345,2023,17,SORENTO PHEV,TRAILER HITCHES
5346,2023,17,SORENTO PHEV,BACK OVER PREVENTION
5347,2023,5347,450SS,STRUCTURE
5348,2023,1800,Q5,ENGINE AND ENGINE COOLING
5349,2023,1800,Q5,ELECTRICAL SYSTEM
5350,2023,1800,Q5,AIR BAGS
5351,2023,1800,Q5,ELECTRICAL SYSTEM
5352,2023,1800,Q5,ELECTRICAL SYSTEM
5353,2023,1800,Q5,ENGINE
5354,2023,2,ADVENTURER,EXTERIOR LIGHTING
5355,2023,2,ADVENTURER,SEAT BELTS
5356,2023,2,ADVENTURER,ELECTRICAL SYSTEM
5357,2023,2,ADVENTURER,LATCHES/LOCKS/LINKAGES
5358,2023,1419,T280,SERVICE BRAKES
5359,2023,1419,T280,POWER TRAIN
5360,2023,1419,T280,STEERING
5361,2023,1419,T280,ENGINE AND ENGINE COOLING
5362,2023,1419,T280,SERVICE BRAKES
5363,2023,1419,T280,POWER TRAIN
5364,2023,1419,T280,FUEL SYSTEM
5365,2023,1419,T280,SERVICE BRAKES
5366,2023,1419,T280,VISIBILITY
5367,2023,1419,T280,POWER TRAIN
5368,2023,1419,T280,SERVICE BRAKES
5369,2023,1419,T280,VEHICLE SPEED CONTROL
5370,2023,584,RANGE ROVER EVOQUE,BACK OVER PREVENTION
5371,2023,584,RANGE ROVER EVOQUE,AIR BAGS
5372,2023,584,RANGE ROVER EVOQUE,BACK OVER PREVENTION
5373,2023,64,EAGLE,STRUCTURE
5374,2023,21,GH1,EQUIPMENT
5375,2023,21,GH1,TIRES
5376,2023,21,GH1,ELECTRICAL SYSTEM
5377,2023,77,BRONCO SPORT,EXTERIOR LIGHTING
5378,2023,77,BRONCO SPORT,FUEL SYSTEM
5379,2023,77,BRONCO SPORT,SERVICE BRAKES
5380,2023,77,BRONCO SPORT,TIRES
5381,2023,77,BRONCO SPORT,FUEL SYSTEM
5382,2023,77,BRONCO SPORT,ELECTRICAL SYSTEM
5383,2023,77,BRONCO SPORT,VISIBILITY
5384,2023,77,BRONCO SPORT,ELECTRICAL SYSTEM
5385,2023,77,BRONCO SPORT,POWER TRAIN
5386,2023,77,BRONCO SPORT,FUEL SYSTEM
5387,2023,77,BRONCO SPORT,BACK OVER PREVENTION
5388,2023,77,BRONCO SPORT,FUEL SYSTEM
5389,2023,77,BRONCO SPORT,EQUIPMENT
5390,2023,8,NEXO,FUEL SYSTEM
5391,2023,146,ODYSSEY,BACK OVER PREVENTION
5392,2023,146,ODYSSEY,STEERING
5393,2023,146,ODYSSEY,FUEL SYSTEM
5394,2023,452,IMPREZA,EXTERIOR LIGHTING
5395,2023,452,IMPREZA,POWER TRAIN
5396,2023,421,GRECALE,BACK OVER PREVENTION
5397,2023,421,GRECALE,BACK OVER PREVENTION
5398,2023,421,GRECALE,EXTERIOR LIGHTING
5399,2023,15,HIGHLANDER HYBRID,STEERING
5400,2023,15,HIGHLANDER HYBRID,STRUCTURE
5401,2023,15,HIGHLANDER HYBRID,EQUIPMENT
5402,2023,15,HIGHLANDER HYBRID,STEERING
5403,2023,15,HIGHLANDER HYBRID,BACK OVER PREVENTION
5404,2023,98,ACADIA,EQUIPMENT
5405,2023,98,ACADIA,POWER TRAIN
5406,2023,98,ACADIA,POWER TRAIN
5407,2023,98,ACADIA,VISIBILITY
5408,2023,3,GEMINI,EQUIPMENT
5409,2023,3,GEMINI,STRUCTURE
5410,2023,562,VERSA,AIR BAGS
5411,2023,193,PURSUIT LIMITED,FUEL SYSTEM
5412,2023,262,OUTLANDER PHEV,BACK OVER PREVENTION
5413,2023,262,OUTLANDER PHEV,BACK OVER PREVENTION
5414,2023,306,R 1250 GS,POWER TRAIN
5415,2023,584,RANGE ROVER,ENGINE AND ENGINE COOLING
5416,2023,584,RANGE ROVER,ENGINE
5417,2023,584,RANGE ROVER,SEATS
5418,2023,584,RANGE ROVER,LATCHES/LOCKS/LINKAGES
5419,2023,584,RANGE ROVER,EXTERIOR LIGHTING
5420,2023,584,RANGE ROVER,BACK OVER PREVENTION
5421,2023,596,SPYDER RT,EXTERIOR LIGHTING
5422,2023,3,RIZE,EQUIPMENT
5423,2023,3,RIZE,FUEL SYSTEM
5424,2023,3,RIZE,EQUIPMENT
5425,2023,15,GR COROLLA,EQUIPMENT
5426,2023,15,GR COROLLA,ELECTRICAL SYSTEM
5427,2023,908,REATTA XL,EQUIPMENT
5428,2023,908,REATTA XL,ELECTRICAL SYSTEM
5429,2023,908,REATTA XL,SEATS
5430,2023,306,X7,VISIBILITY
5431,2023,306,X7,EXTERIOR LIGHTING
5432,2023,306,X7,VISIBILITY
5433,2023,306,X7,ENGINE AND ENGINE COOLING
5434,2023,306,X7,ELECTRONIC STABILITY CONTROL (ESC)
5435,2023,306,X7,ELECTRONIC STABILITY CONTROL (ESC)
5436,2023,306,X7,ELECTRONIC STABILITY CONTROL (ESC)
5437,2023,8,SANTA FE,TRAILER HITCHES
5438,2023,8,ELANTRA HEV,ELECTRICAL SYSTEM
5439,2023,82,SILVERADO 2500,LATCHES/LOCKS/LINKAGES
5440,2023,155,TLX TYPE S,FUEL SYSTEM
5441,2023,110,GV60,SEAT BELTS
5442,2023,110,GV60,POWER TRAIN
5443,2023,110,GV60,SEAT BELTS
5444,2023,110,GV60,POWER TRAIN
5445,2023,110,GV60,ELECTRICAL SYSTEM
5446,2023,110,GV60,ELECTRICAL SYSTEM
5447,2023,110,GV60,ELECTRICAL SYSTEM
5448,2023,110,GV60,STRUCTURE
5449,2023,1357,CX-30,SERVICE BRAKES
5450,2023,452,WRX,POWER TRAIN
5451,2023,31,REFLECTION,STRUCTURE
5452,2023,31,REFLECTION,SUSPENSION
5453,2023,1419,T680,STEERING
5454,2023,1419,T680,STRUCTURE
5455,2023,1419,T680,ENGINE AND ENGINE COOLING
5456,2023,1419,T680,ELECTRICAL SYSTEM
5457,2023,1419,T680,ELECTRONIC STABILITY CONTROL (ESC)
5458,2023,1419,T680,SERVICE BRAKES
5459,2023,1419,T680,POWER TRAIN
5460,2023,1419,T680,SERVICE BRAKES
5461,2023,1419,T680,ELECTRICAL SYSTEM
5462,2023,306,S 1000 RR,SERVICE BRAKES
5463,2023,119,CEDAR CREEK,EQUIPMENT
5464,2023,521,CESB,ENGINE AND ENGINE COOLING
5465,2023,521,CESB,ENGINE AND ENGINE COOLING
5466,2023,521,CESB,STEERING
5467,2023,521,CESB,STEERING
5468,2023,521,CESB,EQUIPMENT
5469,2023,521,CESB,SERVICE BRAKES
5470,2023,521,CESB,SUSPENSION
5471,2023,521,CESB,SUSPENSION
5472,2023,521,CESB,FUEL SYSTEM
5473,2023,521,CESB,SUSPENSION
5474,2023,521,CESB,SERVICE BRAKES
5475,2023,521,CESB,STRUCTURE
5476,2023,521,CESB,SERVICE BRAKES
5477,2023,521,CESB,STRUCTURE
5478,2023,599,VOYAGER,AIR BAGS
5479,2023,599,VOYAGER,AIR BAGS
5480,2023,599,VOYAGER,BACK OVER PREVENTION
5481,2023,599,VOYAGER,AIR BAGS
5482,2023,146,CMX300,ENGINE AND ENGINE COOLING
5483,2023,146,RIDGELINE,SERVICE BRAKES
5484,2023,146,RIDGELINE,STEERING
5485,2023,146,RIDGELINE,BACK OVER PREVENTION
5486,2023,908,VISION XL,SERVICE BRAKES
5487,2023,908,VISION XL,ELECTRICAL SYSTEM
5488,2023,15,BZ4X,WHEELS
5489,2023,15,BZ4X,EQUIPMENT
5490,2023,15,BZ4X,VISIBILITY
5491,2023,15,BZ4X,BACK OVER PREVENTION
5492,2023,3,VEGAS,EQUIPMENT
5493,2023,98,SIERRA 2500,LATCHES/LOCKS/LINKAGES
5494,2023,145,FXLRS,SUSPENSION
5495,2023,145,FXLRS,SUSPENSION
5496,2023,5496,LFS,ELECTRICAL SYSTEM
5497,2023,5496,LFS,POWER TRAIN
5498,2023,5496,LFS,STEERING
5499,2023,5496,LFS,ELECTRICAL SYSTEM
5500,2023,5496,LFS,ELECTRICAL SYSTEM
5501,2023,5496,LFS,EXTERIOR LIGHTING
5502,2023,5496,LFS,EQUIPMENT
5503,2023,5496,LFS,STRUCTURE
5504,2023,5496,LFS,SUSPENSION
5505,2023,5496,LFS,ELECTRICAL SYSTEM
5506,2023,5496,LFS,ELECTRICAL SYSTEM
5507,2023,5496,LFS,ENGINE AND ENGINE COOLING
5508,2023,5496,LFS,FUEL SYSTEM
5509,2023,5496,LFS,ELECTRICAL SYSTEM
5510,2023,5496,LFS,VISIBILITY
5511,2023,5496,LFS,PARKING BRAKE
5512,2023,5496,LFS,VISIBILITY
5513,2023,5496,LFS,ELECTRICAL SYSTEM
5514,2023,5496,LFS,SEAT BELTS
5515,2023,5496,LFS,VISIBILITY
5516,2023,5496,LFS,ELECTRICAL SYSTEM
5517,2023,5496,LFS,ENGINE AND ENGINE COOLING
5518,2023,5496,LFS,EQUIPMENT ADAPTIVE/MOBILITY
5519,2023,5496,LFS,ELECTRICAL SYSTEM
5520,2023,5496,LFS,ELECTRICAL SYSTEM
5521,2023,5496,LFS,EXTERIOR LIGHTING
5522,2023,5496,LFS,STEERING
5523,2023,145,FXLRST,SUSPENSION
5524,2023,145,FXLRST,SERVICE BRAKES
5525,2023,145,FXLRST,SUSPENSION
5526,2023,9,GRAND WAGONEER,STRUCTURE
5527,2023,9,GRAND WAGONEER,BACK OVER PREVENTION
5528,2023,9,GRAND WAGONEER,SEAT BELTS
5529,2023,9,GRAND WAGONEER,AIR BAGS
5530,2023,9,GRAND WAGONEER,BACK OVER PREVENTION
5531,2023,9,GRAND WAGONEER,STRUCTURE
5532,2023,9,GRAND WAGONEER,STRUCTURE
5533,2023,82,BOLT EV,STRUCTURE
5534,2023,82,BOLT EV,AIR BAGS
5535,2023,82,BOLT EV,STRUCTURE
5536,2023,17,SOUL,ELECTRICAL SYSTEM
5537,2023,17,SOUL,POWER TRAIN
5538,2023,17,SOUL,AIR BAGS
5539,2023,17,SOUL,ENGINE AND ENGINE COOLING
5540,2023,5540,AERIAL DEVICE,EQUIPMENT
5541,2023,5540,AERIAL DEVICE,FORWARD COLLISION AVOIDANCE
5542,2023,5540,AERIAL DEVICE,ELECTRICAL SYSTEM
5543,2023,5540,AERIAL DEVICE,STRUCTURE
5544,2023,5540,AERIAL DEVICE,ELECTRICAL SYSTEM
5545,2023,5540,AERIAL DEVICE,EQUIPMENT
5546,2023,5540,AERIAL DEVICE,EXTERIOR LIGHTING
5547,2023,5540,AERIAL DEVICE,ELECTRICAL SYSTEM
5548,2023,5540,AERIAL DEVICE,FUEL SYSTEM
5549,2023,5540,AERIAL DEVICE,EQUIPMENT
5550,2023,5540,AERIAL DEVICE,STRUCTURE
5551,2023,77,F-53,ELECTRICAL SYSTEM
5552,2023,1014,BUSINESS CLASS M2,STEERING
5553,2023,1014,BUSINESS CLASS M2,ENGINE AND ENGINE COOLING
5554,2023,1014,BUSINESS CLASS M2,WHEELS
5555,2023,1014,BUSINESS CLASS M2,ELECTRONIC STABILITY CONTROL (ESC)
5556,2023,1014,BUSINESS CLASS M2,FORWARD COLLISION AVOIDANCE
5557,2023,1014,BUSINESS CLASS M2,STEERING
5558,2023,1014,BUSINESS CLASS M2,SUSPENSION
5559,2023,505,GRANITE (GR),SERVICE BRAKES
5560,2023,505,GRANITE (GR),STEERING
5561,2023,505,GRANITE (GR),EXTERIOR LIGHTING
5562,2023,505,GRANITE (GR),VEHICLE SPEED CONTROL
5563,2023,505,GRANITE (GR),SERVICE BRAKES
5564,2023,505,GRANITE (GR),TIRES
5565,2023,505,GRANITE (GR),SERVICE BRAKES
5566,2023,505,GRANITE (GR),SEAT BELTS
5567,2023,64,JAY FLIGHT,STRUCTURE
5568,2023,82,EXPRESS,POWER TRAIN
5569,2023,37,ATLAS CROSS SPORT,AIR BAGS
5570,2023,37,ATLAS CROSS SPORT,SERVICE BRAKES
5571,2023,37,ATLAS CROSS SPORT,ENGINE AND ENGINE COOLING
5572,2023,37,ATLAS CROSS SPORT,SUSPENSION
5573,2023,37,ATLAS CROSS SPORT,AIR BAGS
5574,2023,37,ATLAS CROSS SPORT,SERVICE BRAKES
5575,2023,77,EXPLORER,BACK OVER PREVENTION
5576,2023,77,EXPLORER,POWER TRAIN
5577,2023,77,EXPLORER,BACK OVER PREVENTION
5578,2023,77,EXPLORER,ENGINE AND ENGINE COOLING
5579,2023,77,EXPLORER,BACK OVER PREVENTION
5580,2023,77,EXPLORER,SUSPENSION
5581,2023,77,EXPLORER,EQUIPMENT
5582,2023,77,EXPLORER,BACK OVER PREVENTION
5583,2023,77,EXPLORER,SEATS
5584,2023,77,EXPLORER,BACK OVER PREVENTION
5585,2023,77,EXPLORER,FUEL SYSTEM
5586,2023,77,EXPLORER,EQUIPMENT
5587,2023,452,LEGACY,POWER TRAIN
5588,2023,452,LEGACY,POWER TRAIN
5589,2023,15,VENZA,ELECTRICAL SYSTEM
5590,2023,1009,BAMBI,EQUIPMENT
5591,2023,1009,BAMBI,EQUIPMENT
5592,2023,1009,BAMBI,ELECTRICAL SYSTEM
5593,2023,3383,INT 650,EXTERIOR LIGHTING
5594,2023,596,SPYDER F3,VISIBILITY
5595,2023,37,TIGUAN,BACK OVER PREVENTION
5596,2023,17,TELLURIDE,AIR BAGS
5597,2023,17,TELLURIDE,ELECTRICAL SYSTEM
5598,2023,17,TELLURIDE,POWER TRAIN
5599,2023,17,TELLURIDE,SEATS
5600,2023,17,TELLURIDE,STRUCTURE
5601,2023,1906,VERONA,EQUIPMENT
5602,2023,110,G80,SEAT BELTS
5603,2023,110,G80,FUEL SYSTEM
5604,2023,110,G80,ELECTRICAL SYSTEM
5605,2023,110,G80,ELECTRICAL SYSTEM
5606,2023,15,RAV4,TIRES
5607,2023,15,RAV4,ELECTRICAL SYSTEM
5608,2023,15,RAV4,BACK OVER PREVENTION
5609,2023,306,XM,ENGINE AND ENGINE COOLING
5610,2023,306,XM,AIR BAGS
5611,2023,306,XM,AIR BAGS
5612,2023,306,XM,ELECTRONIC STABILITY CONTROL (ESC)
5613,2023,306,XM,ELECTRONIC STABILITY CONTROL (ESC)
5614,2023,5614,ONTOUR,FUEL SYSTEM
5615,2023,15,TUNDRA HYBRID,ELECTRICAL SYSTEM
5616,2023,15,TUNDRA HYBRID,STRUCTURE
5617,2023,15,TUNDRA HYBRID,TIRES
5618,2023,15,TUNDRA HYBRID,FUEL SYSTEM
5619,2023,15,TUNDRA HYBRID,EQUIPMENT
5620,2023,15,TUNDRA HYBRID,POWER TRAIN
5621,2023,15,TUNDRA HYBRID,EQUIPMENT
5622,2023,15,TUNDRA HYBRID,EXTERIOR LIGHTING
5623,2023,15,TUNDRA HYBRID,BACK OVER PREVENTION
5624,2023,1357,CX-50,TRAILER HITCHES
5625,2023,1357,CX-50,SERVICE BRAKES
5626,2023,15,TUNDRA,EQUIPMENT
5627,2023,15,TUNDRA,ELECTRICAL SYSTEM
5628,2023,15,TUNDRA,STRUCTURE
5629,2023,15,TUNDRA,TIRES
5630,2023,15,TUNDRA,FUEL SYSTEM
5631,2023,15,TUNDRA,EQUIPMENT
5632,2023,15,TUNDRA,EQUIPMENT
5633,2023,15,TUNDRA,POWER TRAIN
5634,2023,15,TUNDRA,ENGINE AND ENGINE COOLING
5635,2023,15,TUNDRA,EQUIPMENT
5636,2023,15,TUNDRA,EXTERIOR LIGHTING
5637,2023,15,TUNDRA,BACK OVER PREVENTION
5638,2023,15,TUNDRA,ENGINE AND ENGINE COOLING
5639,2023,1009,INTERNATIONAL,STRUCTURE
5640,2023,1009,INTERNATIONAL,ELECTRICAL SYSTEM
5641,2023,584,DISCOVERY,SEAT BELTS
5642,2023,584,DISCOVERY,ENGINE AND ENGINE COOLING
5643,2023,146,HR-V,SEAT BELTS
5644,2023,146,HR-V,FUEL SYSTEM
5645,2023,146,HR-V,STEERING
5646,2023,98,YUKON XL,EXTERIOR LIGHTING
5647,2023,98,YUKON XL,SUSPENSION
5648,2023,98,YUKON XL,SERVICE BRAKES
5649,2023,98,YUKON XL,ENGINE AND ENGINE COOLING
5650,2023,194,GLC 300 4MATIC,EXTERIOR LIGHTING
5651,2023,194,GLC 300 4MATIC,STRUCTURE
5652,2023,194,GLC 300 4MATIC,STEERING
5653,2023,288,BIGHORN,EQUIPMENT
5654,2023,288,BIGHORN,EQUIPMENT
5655,2023,288,BIGHORN,EQUIPMENT
5656,2023,1357,MX-5,AIR BAGS
5657,2023,57,F-PACE,ENGINE AND ENGINE COOLING
5658,2023,57,F-PACE,ENGINE AND ENGINE COOLING
5659,2023,562,SENTRA,AIR BAGS
5660,2023,3383,CLASSIC 350,EXTERIOR LIGHTING
5661,2023,4,PURSUIT,EQUIPMENT
5662,2023,130,BONNEVILLE T120,SERVICE BRAKES
5663,2023,130,BONNEVILLE T120,ELECTRICAL SYSTEM
5664,2023,99,COUGAR,STRUCTURE
5665,2023,77,BRONCO,POWER TRAIN
5666,2023,77,BRONCO,STEERING
5667,2023,77,BRONCO,WHEELS
5668,2023,77,BRONCO,SEAT BELTS
5669,2023,77,BRONCO,EQUIPMENT
5670,2023,77,BRONCO,POWER TRAIN
5671,2023,77,BRONCO,VISIBILITY
5672,2023,77,BRONCO,LATCHES/LOCKS/LINKAGES
5673,2023,77,BRONCO,SUSPENSION
5674,2023,77,BRONCO,BACK OVER PREVENTION
5675,2023,77,BRONCO,BACK OVER PREVENTION
5676,2023,77,BRONCO,FUEL SYSTEM
5677,2023,77,BRONCO,EQUIPMENT
5678,2023,77,BRONCO,SEATS
5679,2023,669,LT,ELECTRICAL SYSTEM
5680,2023,669,LT,STEERING
5681,2023,669,LT,ENGINE AND ENGINE COOLING
5682,2023,669,LT,SUSPENSION
5683,2023,669,LT,PARKING BRAKE
5684,2023,669,LT,ENGINE AND ENGINE COOLING
5685,2023,669,LT,SERVICE BRAKES
5686,2023,669,LT,EXTERIOR LIGHTING
5687,2023,669,LT,ELECTRICAL SYSTEM
5688,2023,15,SUPRA,POWER TRAIN
5689,2023,15,SUPRA,EQUIPMENT
5690,2023,82,SILVERADO 1500,EXTERIOR LIGHTING
5691,2023,82,SILVERADO 1500,SERVICE BRAKES
5692,2023,82,SILVERADO 1500,ENGINE AND ENGINE COOLING
5693,2023,1232,POLESTAR 2,SUSPENSION
5694,2023,1232,POLESTAR 2,EQUIPMENT
5695,2023,1232,POLESTAR 2,BACK OVER PREVENTION
5696,2023,1232,POLESTAR 2,BACK OVER PREVENTION
5697,2023,452,FORESTER,POWER TRAIN
5698,2023,13,QX55,LATCHES/LOCKS/LINKAGES
5699,2023,3,TIBURON,EQUIPMENT
5700,2023,1579,DX3,EQUIPMENT
5701,2023,110,GV70,SEAT BELTS
5702,2023,110,GV70,FUEL SYSTEM
5703,2023,110,GV70,ELECTRICAL SYSTEM
5704,2023,119,FORESTER,EQUIPMENT
5705,2023,119,FORESTER,FUEL SYSTEM
5706,2023,119,FORESTER,PARKING BRAKE
5707,2023,119,FORESTER,EQUIPMENT
5708,2023,452,SOLTERRA,WHEELS
5709,2023,452,SOLTERRA,WHEELS
5710,2023,452,SOLTERRA,VISIBILITY
5711,2023,452,SOLTERRA,BACK OVER PREVENTION
5712,2023,5712,OCEAN,ELECTRICAL SYSTEM
5713,2023,5712,OCEAN,ELECTRICAL SYSTEM
5714,2023,5712,OCEAN,STRUCTURE
5715,2023,5712,OCEAN,ELECTRICAL SYSTEM
5716,2023,5712,OCEAN,SERVICE BRAKES
5717,2023,5712,OCEAN,SERVICE BRAKES
5718,2023,15,PRIUS PRIME,ELECTRICAL SYSTEM
5719,2023,15,PRIUS PRIME,EQUIPMENT
5720,2023,15,PRIUS PRIME,BACK OVER PREVENTION
5721,2023,1014,114SD,STEERING
5722,2023,1014,114SD,ENGINE AND ENGINE COOLING
5723,2023,1014,114SD,STEERING
5724,2023,1014,114SD,WHEELS
5725,2023,1014,114SD,STEERING
5726,2023,1014,114SD,FORWARD COLLISION AVOIDANCE
5727,2023,1014,114SD,SUSPENSION
5728,2023,15,SIENNA HYBRID,SEATS
5729,2023,8,KONA N,FUEL SYSTEM
5730,2023,1009,ATLAS,EQUIPMENT
5731,2023,1009,ATLAS,ELECTRICAL SYSTEM
5732,2023,1009,ATLAS,EQUIPMENT
5733,2023,1009,ATLAS,EQUIPMENT
5734,2023,3,TRANQUILITY,EQUIPMENT
5735,2023,306,X4,POWER TRAIN
5736,2023,15,4RUNNER,EQUIPMENT
5737,2023,5737,LET2,STEERING
5738,2023,13,QX50,AIR BAGS
5739,2023,375,579,STEERING
5740,2023,375,579,ENGINE AND ENGINE COOLING
5741,2023,375,579,ELECTRICAL SYSTEM
5742,2023,375,579,VISIBILITY
5743,2023,375,579,ELECTRONIC STABILITY CONTROL (ESC)
5744,2023,375,579,PARKING BRAKE
5745,2023,375,579,ELECTRICAL SYSTEM
5746,2023,375,579,FUEL SYSTEM
5747,2023,375,579,POWER TRAIN
5748,2023,375,579,SERVICE BRAKES
5749,2023,375,579,ELECTRICAL SYSTEM
5750,2023,1,911 GT3 RS,AIR BAGS
5751,2023,3696,VAN,STRUCTURE
5752,2023,3696,VAN,STRUCTURE
5753,2023,82,SUBURBAN 1500,SERVICE BRAKES
5754,2023,77,E-450,EQUIPMENT
5755,2023,77,E-450,POWER TRAIN
5756,2023,77,E-450,FUEL SYSTEM
5757,2023,596,RYKER,ELECTRICAL SYSTEM
5758,2023,596,RYKER,EXTERIOR LIGHTING
5759,2023,596,RYKER,FUEL SYSTEM
5760,2023,1497,VNL,SERVICE BRAKES
5761,2023,1497,VNL,AIR BAGS
5762,2023,1497,VNL,VISIBILITY
5763,2023,119,SUNSEEKER,EQUIPMENT
5764,2023,119,SUNSEEKER,FUEL SYSTEM
5765,2023,119,SUNSEEKER,PARKING BRAKE
5766,2023,119,SUNSEEKER,EQUIPMENT
5767,2023,119,SUNSEEKER,EQUIPMENT
5768,2023,146,CR-V HYBRID,POWER TRAIN
5769,2023,146,CR-V HYBRID,STEERING
5770,2023,146,CR-V HYBRID,ELECTRICAL SYSTEM
5771,2023,146,CR-V HYBRID,FUEL SYSTEM
5772,2023,193,PURSUIT DARK HORSE,FUEL SYSTEM
5773,2023,2179,ARTURA,FUEL SYSTEM
5774,2023,2179,ARTURA,ENGINE
5775,2023,2179,ARTURA,SERVICE BRAKES
5776,2023,599,PACIFICA,ELECTRICAL SYSTEM
5777,2023,599,PACIFICA,FUEL SYSTEM
5778,2023,599,PACIFICA,ELECTRICAL SYSTEM
5779,2023,599,PACIFICA,AIR BAGS
5780,2023,599,PACIFICA,BACK OVER PREVENTION
5781,2023,599,PACIFICA,AIR BAGS
5782,2023,599,PACIFICA,BACK OVER PREVENTION
5783,2023,599,PACIFICA,AIR BAGS
5784,2023,21,ALLEGRO BAY,EQUIPMENT
5785,2023,21,ALLEGRO BAY,ELECTRICAL SYSTEM
5786,2023,21,ALLEGRO BAY,STRUCTURE
5787,2023,31,SOLITUDE,STRUCTURE
5788,2023,31,SOLITUDE,SUSPENSION
5789,2023,31,SOLITUDE,EQUIPMENT
5790,2023,31,SOLITUDE,EQUIPMENT
5791,2023,31,SOLITUDE,EQUIPMENT
5792,2023,9,WRANGLER,ELECTRICAL SYSTEM
5793,2023,9,WRANGLER,ENGINE
5794,2023,9,WRANGLER,POWER TRAIN
5795,2023,9,WRANGLER,FUEL SYSTEM
5796,2023,9,WRANGLER,ELECTRICAL SYSTEM
5797,2023,9,WRANGLER,EXTERIOR LIGHTING
5798,2023,9,WRANGLER,POWER TRAIN
5799,2023,9,WRANGLER,ELECTRICAL SYSTEM
5800,2023,9,WRANGLER,VISIBILITY
5801,2023,9,WRANGLER,AIR BAGS
5802,2023,9,WRANGLER,ELECTRICAL SYSTEM
5803,2023,9,WRANGLER,BACK OVER PREVENTION
5804,2023,9,WRANGLER,ELECTRICAL SYSTEM
5805,2023,155,RDX,SERVICE BRAKES
5806,2023,8,ELANTRA N,FUEL SYSTEM
5807,2023,908,ODYSSEY,EQUIPMENT
5808,2023,908,ODYSSEY,POWER TRAIN
5809,2023,37,GTI,ENGINE AND ENGINE COOLING
5810,2023,37,GTI,BACK OVER PREVENTION
5811,2023,37,GTI,SUSPENSION
5812,2023,37,GTI,BACK OVER PREVENTION
5813,2023,37,GTI,BACK OVER PREVENTION
5814,2023,15,HIGHLANDER,STEERING
5815,2023,15,HIGHLANDER,STRUCTURE
5816,2023,15,HIGHLANDER,TIRES
5817,2023,15,HIGHLANDER,TIRES
5818,2023,15,HIGHLANDER,EQUIPMENT
5819,2023,15,HIGHLANDER,STEERING
5820,2023,15,HIGHLANDER,ELECTRICAL SYSTEM
5821,2023,15,HIGHLANDER,BACK OVER PREVENTION
5822,2023,21,ALLEGRO BUS,ELECTRICAL SYSTEM
5823,2023,21,ALLEGRO BUS,ELECTRICAL SYSTEM
5824,2023,21,ALLEGRO BUS,EQUIPMENT
5825,2023,21,ALLEGRO BUS,ELECTRICAL SYSTEM
5826,2023,1,911 CARRERA S,SEAT BELTS
5827,2023,57,I-PACE,ELECTRICAL SYSTEM
5828,2023,57,I-PACE,ELECTRICAL SYSTEM
5829,2023,57,I-PACE,EXTERIOR LIGHTING
5830,2023,1800,S5,AIR BAGS
5831,2023,21,ALLEGRO OPEN ROAD,EQUIPMENT
5832,2023,908,ACCOLADE,TIRES
5833,2023,908,ACCOLADE,VISIBILITY
5834,2023,908,ACCOLADE,EQUIPMENT
5835,2023,2,VIEW,STRUCTURE
5836,2023,2,VIEW,EQUIPMENT
5837,2023,2,VIEW,STRUCTURE
5838,2023,2,VIEW,ELECTRICAL SYSTEM
5839,2023,2,VIEW,STRUCTURE
5840,2023,119,SALEM,EQUIPMENT
5841,2023,119,SALEM,SERVICE BRAKES
5842,2023,119,SALEM,EQUIPMENT
5843,2023,119,SALEM,EQUIPMENT
5844,2023,119,SALEM,ELECTRICAL SYSTEM
5845,2023,4,BEYOND,EQUIPMENT
5846,2023,4,BEYOND,EQUIPMENT
5847,2023,4,BEYOND,FUEL SYSTEM
5848,2023,4,BEYOND,STRUCTURE
5849,2023,1497,VNR,EQUIPMENT ADAPTIVE/MOBILITY
5850,2023,1497,VNR,ELECTRICAL SYSTEM
5851,2023,1497,VNR,VISIBILITY
5852,2023,1497,VNR,SEATS
5853,2023,77,EXPEDITION,POWER TRAIN
5854,2023,77,EXPEDITION,EQUIPMENT
5855,2023,77,EXPEDITION,EQUIPMENT
5856,2023,77,EXPEDITION,SERVICE BRAKES
5857,2023,77,EXPEDITION,BACK OVER PREVENTION
5858,2023,98,TERRAIN,AIR BAGS
5859,2023,98,TERRAIN,CHILD SEAT
5860,2023,306,R 1250 RT,POWER TRAIN
5861,2023,146,CR-V,SEATS
5862,2023,146,CR-V,FUEL SYSTEM
5863,2023,146,CR-V,STEERING
5864,2023,14,AVIATOR,SEAT BELTS
5865,2023,14,AVIATOR,BACK OVER PREVENTION
5866,2023,14,AVIATOR,POWER TRAIN
5867,2023,14,AVIATOR,BACK OVER PREVENTION
5868,2023,14,AVIATOR,BACK OVER PREVENTION
5869,2023,14,AVIATOR,BACK OVER PREVENTION
5870,2023,14,AVIATOR,EQUIPMENT
5871,2023,14,AVIATOR,BACK OVER PREVENTION
5872,2023,14,AVIATOR,SEAT BELTS
5873,2023,14,AVIATOR,SEATS
5874,2023,14,AVIATOR,STRUCTURE
5875,2023,14,AVIATOR,BACK OVER PREVENTION
5876,2023,14,AVIATOR,FUEL SYSTEM
5877,2023,4,FREELANDER,EQUIPMENT
5878,2023,4,FREELANDER,EQUIPMENT
5879,2023,1014,CASCADIA,STEERING
5880,2023,1014,CASCADIA,ENGINE AND ENGINE COOLING
5881,2023,1014,CASCADIA,SERVICE BRAKES
5882,2023,1014,CASCADIA,ELECTRONIC STABILITY CONTROL (ESC)
5883,2023,1014,CASCADIA,STEERING
5884,2023,1014,CASCADIA,ELECTRONIC STABILITY CONTROL (ESC)
5885,2023,1,911 DAKAR,AIR BAGS
5886,2023,14,NAUTILUS,CHILD SEAT
5887,2023,14,NAUTILUS,SUSPENSION
5888,2023,14,NAUTILUS,BACK OVER PREVENTION
5889,2023,128,LYRIQ,ELECTRICAL SYSTEM
5890,2023,128,LYRIQ,ELECTRICAL SYSTEM
5891,2023,128,LYRIQ,ELECTRICAL SYSTEM
5892,2023,128,LYRIQ,SEAT BELTS
5893,2023,128,LYRIQ,SERVICE BRAKES
5894,2023,128,LYRIQ,SUSPENSION
5895,2023,128,LYRIQ,EQUIPMENT
5896,2023,17,CARNIVAL,TRAILER HITCHES
5897,2023,17,CARNIVAL,STRUCTURE
5898,2023,17,CARNIVAL,STRUCTURE
5899,2023,17,SPORTAGE,ELECTRICAL SYSTEM
5900,2023,17,SPORTAGE,AIR BAGS
5901,2023,17,SPORTAGE,ELECTRICAL SYSTEM
5902,2023,17,SPORTAGE,SERVICE BRAKES
5903,2023,17,SPORTAGE,POWER TRAIN
5904,2023,17,SPORTAGE,STRUCTURE
5905,2023,13,QX60,SEATS
5906,2023,13,QX60,SEATS
5907,2023,13,QX60,EXTERIOR LIGHTING
5908,2023,262,OUTLANDER,BACK OVER PREVENTION
5909,2023,262,OUTLANDER,BACK OVER PREVENTION
5910,2023,421,QUATTROPORTE,BACK OVER PREVENTION
5911,2023,17,K5,POWER TRAIN
5912,2023,17,K5,AIR BAGS
5913,2023,17,K5,STRUCTURE
5914,2023,1,911 TURBO,SEAT BELTS
5915,2023,128,XT6,EQUIPMENT
5916,2023,128,XT6,POWER TRAIN
5917,2023,82,CORVETTE,FUEL SYSTEM
5918,2023,1579,ISATA,ELECTRICAL SYSTEM
5919,2023,1579,ISATA,EQUIPMENT
5920,2023,1579,ISATA,EQUIPMENT
5921,2023,283,HURACAN,ELECTRICAL SYSTEM
5922,2023,155,MDX,SERVICE BRAKES
5923,2023,146,PILOT,STEERING
5924,2023,146,PILOT,SEATS
5925,2023,146,PILOT,FUEL SYSTEM
5926,2023,146,PILOT,FUEL SYSTEM
5927,2023,146,PILOT,SERVICE BRAKES
5928,2023,17,FORTE,STEERING
5929,2023,17,FORTE,SUSPENSION
5930,2023,17,FORTE,SUSPENSION
5931,2023,99,MONTANA,EQUIPMENT
5932,2023,128,CT5,EXTERIOR LIGHTING
5933,2023,17,SORENTO,EQUIPMENT
5934,2023,17,SORENTO,BACK OVER PREVENTION
5935,2023,17,SORENTO,ELECTRICAL SYSTEM
5936,2023,2748,ZX400,ELECTRICAL SYSTEM
5937,2023,584,RANGE ROVER SPORT,ENGINE AND ENGINE COOLING
5938,2023,584,RANGE ROVER SPORT,EXTERIOR LIGHTING
5939,2023,584,RANGE ROVER SPORT,LATCHES/LOCKS/LINKAGES
5940,2023,584,RANGE ROVER SPORT,EXTERIOR LIGHTING
5941,2023,1,911 CARRERA 4S,SEAT BELTS
5942,2023,306,X5,VISIBILITY
5943,2023,306,X5,SEATS
5944,2023,306,X5,SEATS
5945,2023,306,X5,POWER TRAIN
5946,2023,146,ACCORD HYBRID,POWER TRAIN
5947,2023,146,ACCORD HYBRID,FUEL SYSTEM
5948,2023,146,ACCORD HYBRID,SEATS
5949,2023,146,ACCORD HYBRID,ELECTRICAL SYSTEM
5950,2023,119,ROCKWOOD,SUSPENSION
5951,2023,119,ROCKWOOD,EQUIPMENT
5952,2023,1995,SLINGSHOT SL,ELECTRICAL SYSTEM
5953,2023,1995,SLINGSHOT SL,BACK OVER PREVENTION
5954,2023,128,XT5,EQUIPMENT
5955,2023,128,XT5,POWER TRAIN
5956,2023,128,XT5,POWER TRAIN
5957,2023,128,XT5,ELECTRICAL SYSTEM
5958,2023,17,NIRO EV,POWER TRAIN
5959,2023,17,NIRO EV,POWER TRAIN
5960,2023,17,NIRO EV,SEATS
5961,2023,31,IMAGINE,STRUCTURE
5962,2023,31,IMAGINE,TIRES
5963,2023,2871,AMERICAN TRADITION,LATCHES/LOCKS/LINKAGES
5964,2023,2871,AMERICAN TRADITION,ELECTRICAL SYSTEM
5965,2023,783,K3,FUEL SYSTEM
5966,2023,783,K3,STEERING
5967,2023,783,K3,ELECTRICAL SYSTEM
5968,2023,783,K3,STEERING
5969,2023,3383,CONTINENTAL GT 650,EXTERIOR LIGHTING
5970,2023,15,TACOMA,CHILD SEAT
5971,2023,15,TACOMA,STEERING
5972,2023,15,TACOMA,POWER TRAIN
5973,2023,15,TACOMA,STEERING
5974,2023,15,SEQUOIA HYBRID,TIRES
5975,2023,15,SEQUOIA HYBRID,POWER TRAIN
5976,2023,15,SEQUOIA HYBRID,EQUIPMENT
5977,2023,15,SEQUOIA HYBRID,STRUCTURE
5978,2023,15,SEQUOIA HYBRID,BACK OVER PREVENTION
5979,2023,1726,NAUTICA,SUSPENSION
5980,2023,1726,NAUTICA,LATCHES/LOCKS/LINKAGES
5981,2023,1800,A4 ALLROAD,AIR BAGS
5982,2023,37,ATLAS,AIR BAGS
5983,2023,37,ATLAS,SERVICE BRAKES
5984,2023,37,ATLAS,ENGINE AND ENGINE COOLING
5985,2023,37,ATLAS,AIR BAGS
5986,2023,37,ATLAS,SERVICE BRAKES
5987,2023,15,RAV4 HYBRID,BACK OVER PREVENTION
5988,2023,452,ASCENT,TIRES
5989,2023,452,ASCENT,SUSPENSION
5990,2023,452,ASCENT,POWER TRAIN
5991,2023,8,IONIQ 5,POWER TRAIN
5992,2023,8,IONIQ 5,ELECTRICAL SYSTEM
5993,2023,8,IONIQ 5,ELECTRICAL SYSTEM
5994,2023,67,R1T,VISIBILITY
5995,2023,67,R1T,EXTERIOR LIGHTING
5996,2023,67,R1T,AIR BAGS
5997,2023,67,R1T,EQUIPMENT
5998,2023,67,R1T,SEAT BELTS
5999,2023,77,EDGE,CHILD SEAT
6000,2023,77,EDGE,EXTERIOR LIGHTING
6001,2023,77,EDGE,BACK OVER PREVENTION
6002,2023,82,SILVERADO 4500,SERVICE BRAKES
6003,2023,15,CAMRY,WHEELS
6004,2023,15,CAMRY,SEATS
6005,2023,15,GR86,EQUIPMENT
6006,2023,9,GLADIATOR,POWER TRAIN
6007,2023,9,GLADIATOR,FUEL SYSTEM
6008,2023,9,GLADIATOR,POWER TRAIN
6009,2023,9,GLADIATOR,AIR BAGS
6010,2023,9,GLADIATOR,ELECTRICAL SYSTEM
6011,2023,2253,PANIGALE V4,POWER TRAIN
6012,2023,155,INTEGRA,SERVICE BRAKES
6013,2023,155,INTEGRA,STEERING
6014,2023,306,X3,POWER TRAIN
6015,2023,306,X3,STRUCTURE
6016,2023,306,X3,LATCHES/LOCKS/LINKAGES
6017,2023,15,COROLLA CROSS HYBRID,STEERING
6018,2023,15,COROLLA CROSS HYBRID,EQUIPMENT
6019,2023,15,COROLLA CROSS HYBRID,SERVICE BRAKES
6020,2023,15,COROLLA CROSS HYBRID,STEERING
6021,2023,3,SANCTUARY,EQUIPMENT
6022,2023,64,SEISMIC,STRUCTURE
6023,2023,64,SEISMIC,FUEL SYSTEM
6024,2023,44,LONDON AIRE,SEATS
6025,2023,44,LONDON AIRE,STRUCTURE
6026,2023,1,TAYCAN,ELECTRICAL SYSTEM
6027,2023,1,TAYCAN,ELECTRICAL SYSTEM
6028,2023,1,TAYCAN,ELECTRICAL SYSTEM
6029,2023,1,TAYCAN,ELECTRICAL SYSTEM
6030,2023,1,TAYCAN,ELECTRICAL SYSTEM
6031,2023,1,TAYCAN,ELECTRICAL SYSTEM
6032,2023,1,TAYCAN,SERVICE BRAKES
6033,2023,1,TAYCAN,ELECTRICAL SYSTEM
6034,2023,1,TAYCAN,ELECTRICAL SYSTEM
6035,2023,1,TAYCAN,AIR BAGS
6036,2023,562,ROGUE,SEATS
6037,2023,562,ROGUE,SEAT BELTS
6038,2023,562,ROGUE,AIR BAGS
6039,2023,562,ROGUE,SEAT BELTS
6040,2023,562,ROGUE,ENGINE AND ENGINE COOLING
6041,2023,146,CIVIC HATCHBACK,STEERING
6042,2023,146,CIVIC HATCHBACK,SEATS
6043,2023,82,TRAVERSE,POWER TRAIN
6044,2023,82,TRAVERSE,POWER TRAIN
6045,2023,908,ETHOS,FUEL SYSTEM
6046,2023,908,ETHOS,EQUIPMENT
6047,2023,908,ETHOS,EQUIPMENT
6048,2023,908,ETHOS,SEAT BELTS
6049,2023,908,ETHOS,BACK OVER PREVENTION
6050,2023,908,ETHOS,EQUIPMENT
6051,2023,2,TRAVATO,STRUCTURE
6052,2023,2,TRAVATO,EQUIPMENT
6053,2023,2,TRAVATO,FUEL SYSTEM
6054,2023,2,TRAVATO,STRUCTURE
6055,2023,77,F-350 SD,STEERING
6056,2023,77,F-350 SD,EQUIPMENT
6057,2023,77,F-350 SD,ELECTRICAL SYSTEM
6058,2023,77,F-350 SD,STRUCTURE
6059,2023,77,F-350 SD,BACK OVER PREVENTION
6060,2023,77,F-350 SD,POWER TRAIN
6061,2023,77,F-350 SD,POWER TRAIN
6062,2023,77,F-350 SD,STEERING
6063,2023,77,F-350 SD,BACK OVER PREVENTION
6064,2023,77,F-350 SD,BACK OVER PREVENTION
6065,2023,77,F-350 SD,VISIBILITY
6066,2023,77,F-350 SD,BACK OVER PREVENTION
6067,2023,77,F-350 SD,FUEL SYSTEM
6068,2023,908,EXPANSE,VISIBILITY
6069,2023,908,EXPANSE,EQUIPMENT
6070,2023,908,EXPANSE,FUEL SYSTEM
6071,2023,908,EXPANSE,EQUIPMENT
6072,2023,908,EXPANSE,BACK OVER PREVENTION
6073,2023,908,EXPANSE,EQUIPMENT
6074,2023,323,ALL AMERICAN,ENGINE AND ENGINE COOLING
6075,2023,323,ALL AMERICAN,EQUIPMENT ADAPTIVE/MOBILITY
6076,2023,323,ALL AMERICAN,ELECTRICAL SYSTEM
6077,2023,323,ALL AMERICAN,SERVICE BRAKES
6078,2023,323,ALL AMERICAN,STRUCTURE
6079,2023,323,ALL AMERICAN,SEATS
6080,2023,323,ALL AMERICAN,SEATS
6081,2023,323,ALL AMERICAN,STRUCTURE
6082,2023,323,ALL AMERICAN,EQUIPMENT
6083,2023,323,ALL AMERICAN,EQUIPMENT
6084,2023,77,F-650 SD,PARKING BRAKE
6085,2023,64,WHITE HAWK,EQUIPMENT
6086,2023,64,WHITE HAWK,STRUCTURE
6087,2023,599,300,PARKING BRAKE
6088,2023,618,SOUTHWIND,SUSPENSION
6089,2023,618,SOUTHWIND,EQUIPMENT
6090,2023,618,SOUTHWIND,EQUIPMENT
6091,2023,618,SOUTHWIND,LATCHES/LOCKS/LINKAGES
6092,2023,618,SOUTHWIND,TRAILER HITCHES
6093,2023,618,SOUTHWIND,ENGINE AND ENGINE COOLING
6094,2023,867,GSX1300R,SERVICE BRAKES
6095,2023,110,G70,FUEL SYSTEM
6096,2023,82,SILVERADO 3500,LATCHES/LOCKS/LINKAGES
6097,2023,98,SIERRA 3500,LATCHES/LOCKS/LINKAGES
6098,2023,3,COMPASS,STRUCTURE
6099,2023,92,CHARGER,PARKING BRAKE
6100,2023,92,CHARGER,SEATS
6101,2023,17,SELTOS,POWER TRAIN
6102,2023,17,SELTOS,ENGINE AND ENGINE COOLING
6103,2023,145,FLHXSE,SERVICE BRAKES
6104,2023,145,FLHXSE,ENGINE AND ENGINE COOLING
6105,2023,3,TELLARO,FUEL SYSTEM
6106,2023,98,SIERRA 1500,EXTERIOR LIGHTING
6107,2023,98,SIERRA 1500,SERVICE BRAKES
6108,2023,98,SIERRA 1500,ENGINE AND ENGINE COOLING
6109,2023,77,MAVERICK,EXTERIOR LIGHTING
6110,2023,77,MAVERICK,ENGINE
6111,2023,77,MAVERICK,EXTERIOR LIGHTING
6112,2023,77,MAVERICK,ELECTRICAL SYSTEM
6113,2023,77,MAVERICK,TIRES
6114,2023,77,MAVERICK,ELECTRICAL SYSTEM
6115,2023,77,MAVERICK,EXTERIOR LIGHTING
6116,2023,77,MAVERICK,POWER TRAIN
6117,2023,77,MAVERICK,VISIBILITY
6118,2023,77,MAVERICK,BACK OVER PREVENTION
6119,2023,77,MAVERICK,ELECTRICAL SYSTEM
6120,2023,77,MAVERICK,EXTERIOR LIGHTING
6121,2023,77,MAVERICK,EXTERIOR LIGHTING
6122,2023,77,MAVERICK,ELECTRICAL SYSTEM
6123,2023,77,MAVERICK,POWER TRAIN
6124,2023,77,MAVERICK,POWER TRAIN
6125,2023,77,MAVERICK,ENGINE
6126,2023,77,MAVERICK,BACK OVER PREVENTION
6127,2023,77,MAVERICK,EQUIPMENT
6128,2023,452,OUTBACK,POWER TRAIN
6129,2023,452,OUTBACK,POWER TRAIN
6130,2023,858,3500,ELECTRICAL SYSTEM
6131,2023,858,3500,BACK OVER PREVENTION
6132,2023,858,3500,STEERING
6133,2023,858,3500,AIR BAGS
6134,2023,858,3500,POWER TRAIN
6135,2023,9,GRAND CHEROKEE 4XE,ELECTRICAL SYSTEM
6136,2023,9,GRAND CHEROKEE 4XE,ENGINE
6137,2023,8,IONIQ 6,POWER TRAIN
6138,2023,8,IONIQ 6,ELECTRICAL SYSTEM
6139,2023,8,IONIQ 6,ELECTRICAL SYSTEM
6140,2023,8,IONIQ 6,ELECTRICAL SYSTEM
6141,2023,8,SONATA,POWER TRAIN
6142,2023,15,CAMRY HYBRID,WHEELS
6143,2023,15,CAMRY HYBRID,SEATS
6144,2023,98,YUKON,EXTERIOR LIGHTING
6145,2023,98,YUKON,SUSPENSION
6146,2023,98,YUKON,SERVICE BRAKES
6147,2023,98,YUKON,ENGINE AND ENGINE COOLING
6148,2023,669,RH,STEERING
6149,2023,669,RH,SUSPENSION
6150,2023,669,RH,PARKING BRAKE
6151,2023,669,RH,ENGINE AND ENGINE COOLING
6152,2023,669,RH,SERVICE BRAKES
6153,2023,669,RH,EXTERIOR LIGHTING
6154,2023,669,RH,ELECTRICAL SYSTEM
6155,2023,8,PALISADE,VISIBILITY/WIPER
6156,2023,8,PALISADE,SERVICE BRAKES
6157,2023,8,PALISADE,POWER TRAIN
6158,2023,8,PALISADE,SEAT BELTS
6159,2023,15,COROLLA CROSS,ELECTRICAL SYSTEM
6160,2023,15,COROLLA CROSS,STEERING
6161,2023,15,COROLLA CROSS,AIR BAGS
6162,2023,15,COROLLA CROSS,STEERING
6163,2023,44,DUTCH STAR,EQUIPMENT
6164,2023,44,DUTCH STAR,SERVICE BRAKES
6165,2023,44,DUTCH STAR,SEATS
6166,2023,8,SANTA CRUZ,STRUCTURE
6167,2023,8,SANTA CRUZ,TRAILER HITCHES
6168,2023,584,DISCOVERY SPORT,SEAT BELTS
6169,2023,584,DISCOVERY SPORT,BACK OVER PREVENTION
6170,2023,3,SCOPE,EQUIPMENT
6171,2023,3,SCOPE,FUEL SYSTEM
6172,2023,3,SCOPE,EQUIPMENT
6173,2023,82,TAHOE,EXTERIOR LIGHTING
6174,2023,82,TAHOE,SUSPENSION
6175,2023,82,TAHOE,SERVICE BRAKES
6176,2023,82,TAHOE,ENGINE AND ENGINE COOLING
6177,2023,82,TAHOE,FUEL SYSTEM
6178,2023,77,E-350,EQUIPMENT
6179,2023,77,E-350,FUEL SYSTEM
6180,2023,1995,SLINGSHOT S,ELECTRICAL SYSTEM
6181,2023,1995,SLINGSHOT S,BACK OVER PREVENTION
6182,2023,858,PROMASTER,SEAT BELTS
6183,2023,858,PROMASTER,STRUCTURE
6184,2023,858,PROMASTER,BACK OVER PREVENTION
6185,2023,858,PROMASTER,ENGINE AND ENGINE COOLING
6186,2023,6186,LD,TRAILER HITCHES
6187,2023,92,CHALLENGER,PARKING BRAKE
6188,2023,92,CHALLENGER,SEATS
6189,2023,1,911 CARRERA T,SEAT BELTS
6190,2023,44,NEW AIRE,EQUIPMENT
6191,2023,17,NIRO,ELECTRICAL SYSTEM
6192,2023,17,NIRO,SEATS
6193,2023,9,GRAND CHEROKEE,EQUIPMENT
6194,2023,9,GRAND CHEROKEE,STEERING
6195,2023,9,GRAND CHEROKEE,SUSPENSION
6196,2023,9,GRAND CHEROKEE,BACK OVER PREVENTION
6197,2023,9,GRAND CHEROKEE,VISIBILITY
6198,2023,9,GRAND CHEROKEE,SUSPENSION
6199,2023,9,GRAND CHEROKEE,EXTERIOR LIGHTING
6200,2023,9,GRAND CHEROKEE,AIR BAGS
6201,2023,9,GRAND CHEROKEE,BACK OVER PREVENTION
6202,2023,9,GRAND CHEROKEE,BACK OVER PREVENTION
6203,2023,9,GRAND CHEROKEE,SEAT BELTS
6204,2023,9,GRAND CHEROKEE,BACK OVER PREVENTION
6205,2023,9,GRAND CHEROKEE,AIR BAGS
6206,2023,9,GRAND CHEROKEE,VISIBILITY
6207,2023,9,GRAND CHEROKEE,SEATS
6208,2023,9,GRAND CHEROKEE,ELECTRICAL SYSTEM
6209,2023,9,GRAND CHEROKEE,ELECTRICAL SYSTEM
6210,2023,31,MOMENTUM,STRUCTURE
6211,2023,31,MOMENTUM,STRUCTURE
6212,2023,31,MOMENTUM,EQUIPMENT
6213,2023,31,MOMENTUM,SUSPENSION
6214,2023,31,MOMENTUM,SUSPENSION
6215,2023,31,MOMENTUM,TRAILER HITCHES
6216,2023,31,MOMENTUM,STRUCTURE
6217,2023,31,MOMENTUM,EQUIPMENT
6218,2023,79,RANGE LITE AIR,STRUCTURE
6219,2023,2,EKKO,EQUIPMENT
6220,2023,2,EKKO,EQUIPMENT
6221,2023,2,EKKO,ELECTRICAL SYSTEM
6222,2023,2,EKKO,FUEL SYSTEM
6223,2023,2,EKKO,LANE DEPARTURE
6224,2023,2,EKKO,EQUIPMENT
6225,2023,17,EV6,POWER TRAIN
6226,2023,17,EV6,ELECTRICAL SYSTEM
6227,2023,17,EV6,ELECTRICAL SYSTEM
6228,2023,110,GV80,SEAT BELTS
6229,2023,110,GV80,FUEL SYSTEM
6230,2023,110,GV80,ELECTRICAL SYSTEM
6231,2023,119,NO BOUNDARIES,SUSPENSION
6232,2023,119,NO BOUNDARIES,EQUIPMENT
6233,2023,746,COOPER SE,ELECTRICAL SYSTEM
6234,2023,746,COOPER SE,ELECTRICAL SYSTEM
6235,2023,562,KICKS,AIR BAGS
6236,2023,562,Z,STRUCTURE
6237,2023,562,Z,STRUCTURE
6238,2023,283,URUS,LATCHES/LOCKS/LINKAGES
6239,2023,77,F-450 SD,STEERING
6240,2023,77,F-450 SD,EQUIPMENT
6241,2023,77,F-450 SD,ELECTRICAL SYSTEM
6242,2023,77,F-450 SD,STRUCTURE
6243,2023,77,F-450 SD,BACK OVER PREVENTION
6244,2023,77,F-450 SD,POWER TRAIN
6245,2023,77,F-450 SD,STEERING
6246,2023,77,F-450 SD,BACK OVER PREVENTION
6247,2023,77,F-450 SD,BACK OVER PREVENTION
6248,2023,77,F-450 SD,BACK OVER PREVENTION
6249,2023,77,F-450 SD,FUEL SYSTEM
6250,2023,82,SILVERADO 5500,SERVICE BRAKES
6251,2023,15,CROWN,BACK OVER PREVENTION
6252,2023,15,CROWN,EQUIPMENT
6253,2023,15,CROWN,ELECTRICAL SYSTEM
6254,2023,15,CROWN,BACK OVER PREVENTION
6255,2023,1579,EUROPA,EQUIPMENT
6256,2023,77,F-250 SD,STEERING
6257,2023,77,F-250 SD,EQUIPMENT
6258,2023,77,F-250 SD,EQUIPMENT
6259,2023,77,F-250 SD,ELECTRICAL SYSTEM
6260,2023,77,F-250 SD,STRUCTURE
6261,2023,77,F-250 SD,BACK OVER PREVENTION
6262,2023,77,F-250 SD,POWER TRAIN
6263,2023,77,F-250 SD,STEERING
6264,2023,77,F-250 SD,BACK OVER PREVENTION
6265,2023,77,F-250 SD,BACK OVER PREVENTION
6266,2023,77,F-250 SD,VISIBILITY
6267,2023,77,F-250 SD,BACK OVER PREVENTION
6268,2023,77,F-250 SD,FUEL SYSTEM
6269,2023,9,WAGONEER,STRUCTURE
6270,2023,9,WAGONEER,BACK OVER PREVENTION
6271,2023,9,WAGONEER,SEAT BELTS
6272,2023,9,WAGONEER,AIR BAGS
6273,2023,9,WAGONEER,BACK OVER PREVENTION
6274,2023,9,WAGONEER,STRUCTURE
6275,2023,9,WAGONEER,STRUCTURE
6276,2023,82,EQUINOX,SEATS
6277,2023,82,EQUINOX,AIR BAGS
6278,2023,82,EQUINOX,CHILD SEAT
6279,2023,14,CORSAIR,ENGINE
6280,2023,14,CORSAIR,FUEL SYSTEM
6281,2023,14,CORSAIR,EQUIPMENT
6282,2023,14,CORSAIR,ELECTRICAL SYSTEM
6283,2023,14,CORSAIR,BACK OVER PREVENTION
6284,2023,14,CORSAIR,SEAT BELTS
6285,2023,14,CORSAIR,ELECTRICAL SYSTEM
6286,2023,14,CORSAIR,ENGINE
6287,2023,99,FUZION,EQUIPMENT
6288,2023,99,FUZION,FUEL SYSTEM
6289,2023,99,FUZION,EQUIPMENT
6290,2023,8,ELANTRA,AIR BAGS
6291,2023,8,ELANTRA,POWER TRAIN
6292,2023,2,REVEL,STRUCTURE
6293,2023,2,REVEL,EQUIPMENT
6294,2023,2,REVEL,ELECTRICAL SYSTEM
6295,2023,2,REVEL,ELECTRICAL SYSTEM
6296,2023,67,R1S,AIR BAGS
6297,2023,67,R1S,EXTERIOR LIGHTING
6298,2023,67,R1S,VISIBILITY
6299,2023,67,R1S,EXTERIOR LIGHTING
6300,2023,67,R1S,AIR BAGS
6301,2023,67,R1S,EQUIPMENT
6302,2023,67,R1S,SEAT BELTS
6303,2023,1102,VALOR,EQUIPMENT
6304,2023,1102,VALOR,WHEELS
6305,2023,1102,VALOR,ELECTRICAL SYSTEM
6306,2023,1,911 CARRERA GTS,AIR BAGS
6307,2023,1,911 CARRERA GTS,SEAT BELTS
6308,2023,5347,700CL-X,SERVICE BRAKES
6309,2023,21,ALLEGRO,EQUIPMENT
6310,2023,21,ALLEGRO,EQUIPMENT
6311,2023,92,DURANGO,POWER TRAIN
6312,2023,16,ENVISION,EXTERIOR LIGHTING
6313,2023,1,911 GT3,EXTERIOR LIGHTING
6314,2023,1,911 GT3,AIR BAGS
6315,2023,15,COROLLA,STEERING
6316,2023,15,COROLLA,STEERING
6317,2023,15,COROLLA,STEERING
6318,2023,1,911 TARGA 4S,SEAT BELTS
6319,2023,92,HORNET,ELECTRICAL SYSTEM
6320,2023,92,HORNET,BACK OVER PREVENTION
6321,2023,92,HORNET,EQUIPMENT
6322,2023,92,HORNET,BACK OVER PREVENTION
6323,2023,2,NAVION,EQUIPMENT
6324,2023,2,NAVION,STRUCTURE
6325,2023,2,NAVION,ELECTRICAL SYSTEM
6326,2023,2,NAVION,STRUCTURE
6327,2023,128,ESCALADE ESV,EXTERIOR LIGHTING
6328,2023,128,ESCALADE ESV,SUSPENSION
6329,2023,128,ESCALADE ESV,SERVICE BRAKES
6330,2023,128,ESCALADE ESV,ENGINE AND ENGINE COOLING
6331,2023,9,GRAND CHEROKEE L,AIR BAGS
6332,2023,9,GRAND CHEROKEE L,VISIBILITY
6333,2023,9,GRAND CHEROKEE L,SEATS
6334,2023,620,AIR,ELECTRICAL SYSTEM
6335,2023,620,AIR,BACK OVER PREVENTION
6336,2023,620,AIR,VISIBILITY/WIPER
6337,2023,620,AIR,ELECTRICAL SYSTEM
6338,2023,620,AIR,SEATS
6339,2023,620,AIR,VISIBILITY
6340,2023,620,AIR,FORWARD COLLISION AVOIDANCE
6341,2023,620,AIR,ELECTRICAL SYSTEM
6342,2023,620,AIR,VISIBILITY
6343,2023,620,AIR,BACK OVER PREVENTION
6344,2023,429,MODEL 3,EXTERIOR LIGHTING
6345,2023,429,MODEL 3,AIR BAGS
6346,2023,429,MODEL 3,STEERING
6347,2023,429,MODEL 3,ELECTRICAL SYSTEM
6348,2023,429,MODEL 3,ELECTRICAL SYSTEM
6349,2023,429,MODEL 3,ELECTRICAL SYSTEM
6350,2023,429,MODEL 3,SEAT BELTS
6351,2023,429,MODEL 3,LATCHES/LOCKS/LINKAGES
6352,2023,429,MODEL 3,TIRES
6353,2023,429,MODEL 3,STEERING
6354,2023,17,STINGER,ENGINE AND ENGINE COOLING
6355,2023,1,911 TURBO S,AIR BAGS
6356,2023,1,911 TURBO S,SEAT BELTS
6357,2023,82,SUBURBAN,EXTERIOR LIGHTING
6358,2023,82,SUBURBAN,SUSPENSION
6359,2023,82,SUBURBAN,ENGINE AND ENGINE COOLING
6360,2023,98,CANYON,ELECTRICAL SYSTEM
6361,2023,98,CANYON,WHEELS
6362,2023,98,CANYON,SEAT BELTS
6363,2023,8,TUCSON,POWER TRAIN
6364,2023,1,911 CARRERA 4 GTS,AIR BAGS
6365,2023,1,911 CARRERA 4 GTS,SEAT BELTS
6366,2023,77,ESCAPE,FUEL SYSTEM
6367,2023,77,ESCAPE,ENGINE
6368,2023,77,ESCAPE,ELECTRICAL SYSTEM
6369,2023,77,ESCAPE,FORWARD COLLISION AVOIDANCE
6370,2023,77,ESCAPE,FUEL SYSTEM
6371,2023,77,ESCAPE,EQUIPMENT
6372,2023,77,ESCAPE,ELECTRICAL SYSTEM
6373,2023,77,ESCAPE,BACK OVER PREVENTION
6374,2023,77,ESCAPE,ELECTRICAL SYSTEM
6375,2023,77,ESCAPE,ENGINE
6376,2023,77,ESCAPE,ENGINE
6377,2023,306,IX,AIR BAGS
6378,2023,306,IX,ELECTRICAL SYSTEM
6379,2023,306,IX,ELECTRICAL SYSTEM
6380,2023,306,IX,ELECTRICAL SYSTEM
6381,2023,306,IX,ELECTRICAL SYSTEM
6382,2023,306,IX,BACK OVER PREVENTION
6383,2023,306,IX,AIR BAGS
6384,2023,306,IX,ELECTRICAL SYSTEM
6385,2023,306,IX,VEHICLE SPEED CONTROL
6386,2023,306,IX,ELECTRICAL SYSTEM
6387,2023,306,IX,ELECTRICAL SYSTEM
6388,2023,306,IX,ELECTRICAL SYSTEM
6389,2023,119,GEORGETOWN,EQUIPMENT
6390,2023,119,GEORGETOWN,EQUIPMENT
6391,2023,82,BLAZER,POWER TRAIN
6392,2023,82,BLAZER,POWER TRAIN
6393,2023,562,PATHFINDER,SEATS
6394,2023,6394,16GN,TIRES
6395,2023,14,NAVIGATOR,POWER TRAIN
6396,2023,14,NAVIGATOR,EQUIPMENT
6397,2023,14,NAVIGATOR,EQUIPMENT
6398,2023,14,NAVIGATOR,SERVICE BRAKES
6399,2023,14,NAVIGATOR,BACK OVER PREVENTION
6400,2023,119,WILDWOOD,EQUIPMENT
6401,2023,119,WILDWOOD,EQUIPMENT
6402,2023,119,WILDWOOD,SERVICE BRAKES
6403,2023,119,WILDWOOD,EQUIPMENT
6404,2023,119,WILDWOOD,EQUIPMENT
6405,2023,119,WILDWOOD,ELECTRICAL SYSTEM
6406,2023,562,ARIYA,STEERING
6407,2023,562,ARIYA,ELECTRICAL SYSTEM
6408,2023,562,ARIYA,ELECTRICAL SYSTEM
6409,2023,562,ARIYA,ELECTRICAL SYSTEM
6410,2023,9,COMPASS,ELECTRICAL SYSTEM
6411,2023,9,COMPASS,BACK OVER PREVENTION
6412,2023,119,CHEROKEE,EQUIPMENT
6413,2023,6413,VF 8,LANE DEPARTURE
6414,2023,146,PASSPORT,BACK OVER PREVENTION
6415,2023,146,PASSPORT,SERVICE BRAKES
6416,2023,146,PASSPORT,STEERING
6417,2023,146,PASSPORT,FUEL SYSTEM
6418,2023,8,KONA,POWER TRAIN
6419,2023,146,GL1800,FUEL SYSTEM
6420,2023,15,MIRAI,BACK OVER PREVENTION
6421,2023,15,MIRAI,BACK OVER PREVENTION
6422,2023,15,RAV4 PRIME,ELECTRICAL SYSTEM
6423,2023,15,RAV4 PRIME,BACK OVER PREVENTION
6424,2023,288,MALLARD,EQUIPMENT
6425,2023,288,MALLARD,EQUIPMENT
6426,2023,1009,GLOBETROTTER,STRUCTURE
6427,2023,1009,GLOBETROTTER,ELECTRICAL SYSTEM
6428,2023,37,GOLF R,ENGINE AND ENGINE COOLING
6429,2023,37,GOLF R,SUSPENSION
6430,2023,37,GOLF R,BACK OVER PREVENTION
6431,2023,145,FLHCS,SUSPENSION
6432,2023,145,FLHCS,SUSPENSION
6433,2023,1,911 CARRERA,SEAT BELTS
6434,2023,3,OMNI,EQUIPMENT
6435,2023,3,OMNI,STRUCTURE
6436,2018,150,STELVIO,ENGINE AND ENGINE COOLING
6437,2018,150,STELVIO,ELECTRICAL SYSTEM
6438,2018,150,STELVIO,ELECTRICAL SYSTEM
6439,2018,150,STELVIO,FORWARD COLLISION AVOIDANCE
6440,2018,150,STELVIO,SERVICE BRAKES
6441,2018,150,STELVIO,EQUIPMENT
6442,2018,150,STELVIO,STRUCTURE
6443,2018,150,STELVIO,VISIBILITY
6444,2018,150,STELVIO,SERVICE BRAKES
6445,2018,150,STELVIO,AIR BAGS
6446,2018,150,STELVIO,FUEL SYSTEM
6447,2018,1197,SATELLITE,ELECTRICAL SYSTEM
6448,2018,1800,ALLROAD,AIR BAGS
6449,2018,2,PASEO,ELECTRICAL SYSTEM
6450,2018,2,PASEO,EQUIPMENT
6451,2018,64,JAY FLIGHT SLX,ELECTRICAL SYSTEM
6452,2018,44,KING AIRE,EQUIPMENT
6453,2018,44,KING AIRE,ELECTRICAL SYSTEM
6454,2018,44,KING AIRE,VISIBILITY
6455,2018,44,KING AIRE,EQUIPMENT
6456,2018,44,KING AIRE,EQUIPMENT
6457,2018,44,KING AIRE,EQUIPMENT
6458,2018,44,KING AIRE,SUSPENSION
6459,2018,44,KING AIRE,FUEL SYSTEM
6460,2018,44,KING AIRE,ELECTRICAL SYSTEM
6461,2018,44,KING AIRE,EQUIPMENT
6462,2018,44,KING AIRE,STRUCTURE
6463,2018,306,R1200 GS,EQUIPMENT
6464,2018,306,R1200 GS,EQUIPMENT
6465,2018,1,PANAMERA TURBO EXECUTIVE,SUSPENSION
6466,2018,1,PANAMERA TURBO EXECUTIVE,ELECTRICAL SYSTEM
6467,2018,1,PANAMERA TURBO EXECUTIVE,ELECTRICAL SYSTEM
6468,2018,1,PANAMERA TURBO EXECUTIVE,ELECTRICAL SYSTEM
6469,2018,452,FORESTER,FUEL SYSTEM
6470,2018,452,FORESTER,AIR BAGS
6471,2018,452,FORESTER,TIRES
6472,2018,15,4RUNNER,EQUIPMENT
6473,2018,15,4RUNNER,STEERING
6474,2018,15,4RUNNER,EQUIPMENT
6475,2018,15,4RUNNER,STRUCTURE
6476,2018,15,4RUNNER,FUEL SYSTEM
6477,2018,128,ESCALADE ESV,SEAT BELTS
6478,2018,77,ESCAPE,AIR BAGS
6479,2018,77,ESCAPE,SERVICE BRAKES
6480,2018,77,ESCAPE,POWER TRAIN
6481,2018,15,YARIS,EQUIPMENT
6482,2018,82,SONIC,SEATS
6483,2018,3,AXIS,EQUIPMENT
6484,2018,3,AXIS,EQUIPMENT
6485,2018,3,AXIS,EXTERIOR LIGHTING
6486,2018,3,AXIS,EQUIPMENT
6487,2018,562,ROGUE,BACK OVER PREVENTION
6488,2018,562,ROGUE,ENGINE AND ENGINE COOLING
6489,2018,562,ROGUE,ELECTRICAL SYSTEM
6490,2018,119,ROCKWOOD,EQUIPMENT
6491,2018,119,ROCKWOOD,SUSPENSION
6492,2018,119,ROCKWOOD,LATCHES/LOCKS/LINKAGES
6493,2018,119,ROCKWOOD,EQUIPMENT
6494,2018,119,ROCKWOOD,SUSPENSION
6495,2018,119,ROCKWOOD,EQUIPMENT
6496,2018,15,HIGHLANDER,FUEL SYSTEM
6497,2018,15,HIGHLANDER,FUEL SYSTEM
6498,2018,15,HIGHLANDER,ELECTRICAL SYSTEM
6499,2018,15,HIGHLANDER,EQUIPMENT
6500,2018,15,HIGHLANDER,SERVICE BRAKES
6501,2018,155,MDX SPORT HYBRID,EXTERIOR LIGHTING
6502,2018,155,MDX SPORT HYBRID,SERVICE BRAKES
6503,2018,306,X1,ENGINE AND ENGINE COOLING
6504,2018,306,X1,STEERING
6505,2018,306,X1,EXTERIOR LIGHTING
6506,2018,306,X1,STRUCTURE
6507,2018,1995,SLINGSHOT,SEAT BELTS
6508,2018,1995,SLINGSHOT,SEAT BELTS
6509,2018,1995,SLINGSHOT,SERVICE BRAKES
6510,2018,1995,SLINGSHOT,ELECTRICAL SYSTEM
6511,2018,1995,SLINGSHOT,SEATS
6512,2018,1357,MAZDA6,FUEL SYSTEM
6513,2018,1357,MAZDA6,ENGINE
6514,2018,1564,GX460,FUEL SYSTEM
6515,2018,1564,GX460,EQUIPMENT
6516,2018,562,ALTIMA,LATCHES/LOCKS/LINKAGES
6517,2018,562,ALTIMA,BACK OVER PREVENTION
6518,2018,119,FORESTER,EQUIPMENT
6519,2018,119,FORESTER,EQUIPMENT
6520,2018,119,FORESTER,EQUIPMENT
6521,2018,9,WRANGLER,SEAT BELTS
6522,2018,9,WRANGLER,STRUCTURE
6523,2018,9,WRANGLER,STRUCTURE
6524,2018,9,WRANGLER,LATCHES/LOCKS/LINKAGES
6525,2018,9,WRANGLER,POWER TRAIN
6526,2018,9,WRANGLER,ELECTRICAL SYSTEM
6527,2018,9,WRANGLER,EQUIPMENT
6528,2018,9,WRANGLER,POWER TRAIN
6529,2018,9,WRANGLER,POWER TRAIN
6530,2018,9,WRANGLER,STEERING
6531,2018,9,WRANGLER,ELECTRICAL SYSTEM
6532,2018,9,WRANGLER,POWER TRAIN
6533,2018,9,WRANGLER,ELECTRICAL SYSTEM
6534,2018,9,WRANGLER,BACK OVER PREVENTION
6535,2018,1649,XV1900,EXTERIOR LIGHTING
6536,2018,562,ROGUE SPORT,BACK OVER PREVENTION
6537,2018,562,ROGUE SPORT,ELECTRICAL SYSTEM
6538,2018,1197,LAUNCH,ELECTRICAL SYSTEM
6539,2018,8,SANTA FE SPORT,SUSPENSION
6540,2018,8,SANTA FE SPORT,SERVICE BRAKES
6541,2018,8,SANTA FE SPORT,AIR BAGS
6542,2018,8,SANTA FE SPORT,SERVICE BRAKES
6543,2018,858,3500,STEERING
6544,2018,858,3500,LATCHES/LOCKS/LINKAGES
6545,2018,858,3500,BACK OVER PREVENTION
6546,2018,858,3500,ELECTRICAL SYSTEM
6547,2018,858,3500,STEERING
6548,2018,858,3500,WHEELS
6549,2018,858,3500,EQUIPMENT
6550,2018,858,3500,POWER TRAIN
6551,2018,858,3500,SERVICE BRAKES
6552,2018,858,3500,AIR BAGS
6553,2018,858,3500,AIR BAGS
6554,2018,77,FOCUS,FUEL SYSTEM
6555,2018,77,FOCUS,POWER TRAIN
6556,2018,77,FOCUS,ENGINE AND ENGINE COOLING
6557,2018,858,PROMASTER CITY,EQUIPMENT
6558,2018,858,PROMASTER CITY,STEERING
6559,2018,1,PANAMERA 4,ELECTRICAL SYSTEM
6560,2018,1,PANAMERA 4,ELECTRICAL SYSTEM
6561,2018,1,PANAMERA 4,ELECTRICAL SYSTEM
6562,2018,1,PANAMERA 4,SEAT BELTS
6563,2018,262,MIRAGE G4,AIR BAGS
6564,2018,2,REVEL,EQUIPMENT
6565,2018,2,REVEL,EQUIPMENT
6566,2018,2,REVEL,EQUIPMENT
6567,2018,2,REVEL,ELECTRICAL SYSTEM
6568,2018,57,XE,STRUCTURE
6569,2018,57,XE,ELECTRICAL SYSTEM
6570,2018,57,XE,FUEL SYSTEM
6571,2018,858,4500,SERVICE BRAKES
6572,2018,858,4500,ELECTRICAL SYSTEM
6573,2018,858,4500,WHEELS
6574,2018,858,4500,EXTERIOR LIGHTING
6575,2018,858,4500,POWER TRAIN
6576,2018,858,4500,EQUIPMENT
6577,2018,858,4500,SERVICE BRAKES
6578,2018,15,PRIUS,ELECTRICAL SYSTEM
6579,2018,618,BOUNDER,EQUIPMENT
6580,2018,618,BOUNDER,EQUIPMENT
6581,2018,618,BOUNDER,EQUIPMENT
6582,2018,618,BOUNDER,EQUIPMENT
6583,2018,618,BOUNDER,EXTERIOR LIGHTING
6584,2018,98,SIERRA 3500,SEAT BELTS
6585,2018,98,SIERRA 3500,ENGINE
6586,2018,98,SIERRA 3500,FUEL SYSTEM
6587,2018,98,SIERRA 3500,EQUIPMENT
6588,2018,98,SIERRA 3500,FUEL SYSTEM
6589,2018,98,SIERRA 3500,AIR BAGS
6590,2018,44,VENTANA,EQUIPMENT
6591,2018,44,VENTANA,TIRES
6592,2018,44,VENTANA,ELECTRICAL SYSTEM
6593,2018,44,VENTANA,SERVICE BRAKES
6594,2018,44,VENTANA,EXTERIOR LIGHTING
6595,2018,44,VENTANA,EQUIPMENT
6596,2018,44,VENTANA,SERVICE BRAKES
6597,2018,44,VENTANA,EQUIPMENT
6598,2018,44,VENTANA,EXTERIOR LIGHTING
6599,2018,44,VENTANA,SUSPENSION
6600,2018,44,VENTANA,FUEL SYSTEM
6601,2018,44,VENTANA,EXTERIOR LIGHTING
6602,2018,44,VENTANA,ELECTRICAL SYSTEM
6603,2018,44,VENTANA,EQUIPMENT
6604,2018,867,GSX-R1000,FUEL SYSTEM
6605,2018,867,GSX-R1000,ENGINE AND ENGINE COOLING
6606,2018,128,ATS,FUEL SYSTEM
6607,2018,128,ATS,STEERING
6608,2018,258,DURANGO GOLD,EQUIPMENT
6609,2018,258,DURANGO GOLD,STRUCTURE
6610,2018,562,SENTRA,BACK OVER PREVENTION
6611,2018,562,SENTRA,EXTERIOR LIGHTING
6612,2018,1357,MAZDA3,VISIBILITY
6613,2018,1357,MAZDA3,ENGINE AND ENGINE COOLING
6614,2018,1357,MAZDA3,FUEL SYSTEM
6615,2018,1357,MAZDA3,BACK OVER PREVENTION
6616,2018,1245,PALOMINI,EQUIPMENT
6617,2018,1445,LEGACY ELITE,EQUIPMENT
6618,2018,1800,S5,AIR BAGS
6619,2018,1800,S5,SEATS
6620,2018,57,XF,ELECTRICAL SYSTEM
6621,2018,57,XF,FUEL SYSTEM
6622,2018,57,XF,AIR BAGS
6623,2018,584,RANGE ROVER VELAR,EXTERIOR LIGHTING
6624,2018,584,RANGE ROVER VELAR,VISIBILITY
6625,2018,584,RANGE ROVER VELAR,FUEL SYSTEM
6626,2018,6626,EVORA,STEERING
6627,2018,6626,EVORA,STRUCTURE
6628,2018,145,FLHTCUTG,POWER TRAIN
6629,2018,1497,S60,SEAT BELTS
6630,2018,1009,INTERSTATE,EQUIPMENT
6631,2018,128,XTS,SERVICE BRAKES
6632,2018,21,ALLEGRO BUS,SEAT BELTS
6633,2018,21,ALLEGRO BUS,EQUIPMENT
6634,2018,110,G80,SERVICE BRAKES
6635,2018,110,G80,ENGINE AND ENGINE COOLING
6636,2018,110,G80,VISIBILITY
6637,2018,110,G80,AIR BAGS
6638,2018,110,G80,ELECTRICAL SYSTEM
6639,2018,110,G80,ENGINE AND ENGINE COOLING
6640,2018,64,GREYHAWK,EQUIPMENT
6641,2018,64,GREYHAWK,EQUIPMENT
6642,2018,858,PROMASTER,POWER TRAIN
6643,2018,858,PROMASTER,POWER TRAIN
6644,2018,858,PROMASTER,EQUIPMENT
6645,2018,858,PROMASTER,EQUIPMENT
6646,2018,858,PROMASTER,SEATS
6647,2018,858,PROMASTER,SEATS
6648,2018,858,PROMASTER,SEATS
6649,2018,858,PROMASTER,AIR BAGS
6650,2018,858,PROMASTER,ELECTRICAL SYSTEM
6651,2018,858,PROMASTER,ENGINE AND ENGINE COOLING
6652,2018,14,MKC,SERVICE BRAKES
6653,2018,14,MKC,ENGINE
6654,2018,14,MKC,BACK OVER PREVENTION
6655,2018,14,MKC,EQUIPMENT
6656,2018,145,FLHRXS,POWER TRAIN
6657,2018,17,SORENTO,STEERING
6658,2018,17,SORENTO,AIR BAGS
6659,2018,17,SORENTO,TRAILER HITCHES
6660,2018,155,MDX,FUEL SYSTEM
6661,2018,155,MDX,EXTERIOR LIGHTING
6662,2018,155,MDX,ENGINE AND ENGINE COOLING
6663,2018,155,MDX,SERVICE BRAKES
6664,2018,155,MDX,SEATS
6665,2018,155,MDX,ENGINE AND ENGINE COOLING
6666,2018,155,MDX,FUEL SYSTEM
6667,2018,155,MDX,EXTERIOR LIGHTING
6668,2018,119,CHEROKEE,TRAILER HITCHES
6669,2018,119,CHEROKEE,EQUIPMENT
6670,2018,119,CHEROKEE,EQUIPMENT
6671,2018,119,CHEROKEE,EQUIPMENT
6672,2018,119,CHEROKEE,EQUIPMENT
6673,2018,119,CHEROKEE,ELECTRICAL SYSTEM
6674,2018,119,CHEROKEE,EXTERIOR LIGHTING
6675,2018,119,CHEROKEE,ELECTRICAL SYSTEM
6676,2018,145,FLHTKSE,POWER TRAIN
6677,2018,145,FLHTKSE,VISIBILITY
6678,2018,82,SILVERADO 1500,SERVICE BRAKES
6679,2018,82,SILVERADO 1500,SERVICE BRAKES
6680,2018,82,SILVERADO 1500,SERVICE BRAKES
6681,2018,82,SILVERADO 1500,AIR BAGS
6682,2018,82,SILVERADO 1500,AIR BAGS
6683,2018,82,COLORADO,FUEL SYSTEM
6684,2018,17,OPTIMA HYBRID,ENGINE
6685,2018,17,OPTIMA HYBRID,LATCHES/LOCKS/LINKAGES
6686,2018,452,WRX,FUEL SYSTEM
6687,2018,452,WRX,EXTERIOR LIGHTING
6688,2018,13,QX80,BACK OVER PREVENTION
6689,2018,261,CRUISER,EQUIPMENT
6690,2018,261,CRUISER,EQUIPMENT
6691,2018,261,CRUISER,SERVICE BRAKES
6692,2018,261,CRUISER,EQUIPMENT
6693,2018,133,SAF-T-LINER C2,EQUIPMENT ADAPTIVE/MOBILITY
6694,2018,133,SAF-T-LINER C2,SUSPENSION
6695,2018,133,SAF-T-LINER C2,SEATS
6696,2018,133,SAF-T-LINER C2,SERVICE BRAKES
6697,2018,133,SAF-T-LINER C2,SERVICE BRAKES
6698,2018,133,SAF-T-LINER C2,SERVICE BRAKES
6699,2018,133,SAF-T-LINER C2,STRUCTURE
6700,2018,133,SAF-T-LINER C2,POWER TRAIN
6701,2018,133,SAF-T-LINER C2,SEATS
6702,2018,133,SAF-T-LINER C2,SEATS
6703,2018,133,SAF-T-LINER C2,EQUIPMENT
6704,2018,133,SAF-T-LINER C2,EQUIPMENT
6705,2018,133,SAF-T-LINER C2,SEATS
6706,2018,133,SAF-T-LINER C2,SEATS
6707,2018,133,SAF-T-LINER C2,FUEL SYSTEM
6708,2018,133,SAF-T-LINER C2,FUEL SYSTEM
6709,2018,133,SAF-T-LINER C2,SEATS
6710,2018,133,SAF-T-LINER C2,ELECTRICAL SYSTEM
6711,2018,133,SAF-T-LINER C2,ELECTRICAL SYSTEM
6712,2018,133,SAF-T-LINER C2,STRUCTURE
6713,2018,133,SAF-T-LINER C2,SEATS
6714,2018,133,SAF-T-LINER C2,SEATS
6715,2018,99,PASSPORT,EQUIPMENT
6716,2018,99,PASSPORT,STRUCTURE
6717,2018,99,PASSPORT,EQUIPMENT
6718,2018,92,JOURNEY,VISIBILITY
6719,2018,92,JOURNEY,BACK OVER PREVENTION
6720,2018,92,JOURNEY,ELECTRICAL SYSTEM
6721,2018,92,JOURNEY,SERVICE BRAKES
6722,2018,92,JOURNEY,ELECTRICAL SYSTEM
6723,2018,92,JOURNEY,EXTERIOR LIGHTING
6724,2018,858,5500,EXTERIOR LIGHTING
6725,2018,858,5500,SERVICE BRAKES
6726,2018,858,5500,ELECTRICAL SYSTEM
6727,2018,858,5500,EXTERIOR LIGHTING
6728,2018,858,5500,WHEELS
6729,2018,858,5500,POWER TRAIN
6730,2018,858,5500,EQUIPMENT
6731,2018,858,5500,SERVICE BRAKES
6732,2018,562,FRONTIER,ELECTRICAL SYSTEM
6733,2018,562,FRONTIER,BACK OVER PREVENTION
6734,2018,562,KICKS,BACK OVER PREVENTION
6735,2018,21,BUS,STRUCTURE
6736,2018,21,BUS,FUEL SYSTEM
6737,2018,21,BUS,ELECTRICAL SYSTEM
6738,2018,21,BUS,EQUIPMENT
6739,2018,4,SPIRIT,EQUIPMENT
6740,2018,57,F-PACE,ELECTRICAL SYSTEM
6741,2018,57,F-PACE,FUEL SYSTEM
6742,2018,57,F-PACE,ELECTRICAL SYSTEM
6743,2018,1865,SHADOW CRUISER ULTRA LITE,SUSPENSION
6744,2018,505,MRU,SERVICE BRAKES
6745,2018,82,G4500,EXTERIOR LIGHTING
6746,2018,82,G4500,EXTERIOR LIGHTING
6747,2018,8,SANTA FE,STEERING
6748,2018,8,SANTA FE,SERVICE BRAKES
6749,2018,322,124 SPIDER,AIR BAGS
6750,2018,421,QUATTROPORTE,STRUCTURE
6751,2018,421,QUATTROPORTE,FUEL SYSTEM
6752,2018,21,WAYFARER,TRAILER HITCHES
6753,2018,21,WAYFARER,EQUIPMENT
6754,2018,21,WAYFARER,WHEELS
6755,2018,64,OCTANE,EQUIPMENT
6756,2018,64,OCTANE,EQUIPMENT
6757,2018,146,CRF250L,POWER TRAIN
6758,2018,146,CRF250L,ELECTRICAL SYSTEM
6759,2018,1009,GLOBETROTTER,EQUIPMENT
6760,2018,145,FXLR,EQUIPMENT
6761,2018,145,FLHTP,POWER TRAIN
6762,2018,16,REGAL,SERVICE BRAKES
6763,2018,16,REGAL,SEAT BELTS
6764,2018,16,REGAL,SERVICE BRAKES
6765,2018,5614,LEXOR,EQUIPMENT
6766,2018,119,SALEM,ELECTRICAL SYSTEM
6767,2018,119,SALEM,EQUIPMENT
6768,2018,119,SALEM,EQUIPMENT
6769,2018,119,SALEM,TRAILER HITCHES
6770,2018,119,SALEM,TIRES
6771,2018,119,SALEM,EQUIPMENT
6772,2018,119,SALEM,EQUIPMENT
6773,2018,119,SALEM,EQUIPMENT
6774,2018,119,SALEM,ELECTRICAL SYSTEM
6775,2018,374,MOBILE SUITE,SERVICE BRAKES
6776,2018,374,MOBILE SUITE,EQUIPMENT
6777,2018,145,FLHC,SUSPENSION
6778,2018,145,FLHC,SUSPENSION
6779,2018,306,X3,LANE DEPARTURE
6780,2018,306,X3,SERVICE BRAKES
6781,2018,306,X3,ELECTRICAL SYSTEM
6782,2018,306,X3,SEATS
6783,2018,306,X3,EXTERIOR LIGHTING
6784,2018,306,X3,BACK OVER PREVENTION
6785,2018,306,X3,AIR BAGS
6786,2018,306,X3,ELECTRICAL SYSTEM
6787,2018,306,X3,STRUCTURE
6788,2018,306,X3,STRUCTURE
6789,2018,306,X3,STRUCTURE
6790,2018,6790,CAMPLITE,STRUCTURE
6791,2018,6791,WHITEWATER,EXTERIOR LIGHTING
6792,2018,452,BRZ,FUEL SYSTEM
6793,2018,452,BRZ,VISIBILITY
6794,2018,1,PANAMERA 4 SPORT TURISMO,ELECTRICAL SYSTEM
6795,2018,1,PANAMERA 4 SPORT TURISMO,ELECTRICAL SYSTEM
6796,2018,1,PANAMERA 4 SPORT TURISMO,ELECTRICAL SYSTEM
6797,2018,2253,PANIGALE 959,SERVICE BRAKES
6798,2018,3,TUSCANY,EXTERIOR LIGHTING
6799,2018,3,TUSCANY,EXTERIOR LIGHTING
6800,2018,3,TUSCANY,TIRES
6801,2018,3,TUSCANY,EXTERIOR LIGHTING
6802,2018,3,TUSCANY,EQUIPMENT
6803,2018,3,TUSCANY,EQUIPMENT
6804,2018,1800,Q7,FUEL SYSTEM
6805,2018,1800,Q7,STRUCTURE
6806,2018,1800,Q7,STEERING
6807,2018,3605,LANCE CAMPER,ELECTRICAL SYSTEM
6808,2018,14,MKX,SERVICE BRAKES
6809,2018,14,MKX,LATCHES/LOCKS/LINKAGES
6810,2018,14,MKX,SEATS
6811,2018,14,MKX,ELECTRICAL SYSTEM
6812,2018,14,MKX,SERVICE BRAKES
6813,2018,1157,ATLAS,EQUIPMENT
6814,2018,119,XLR,EQUIPMENT
6815,2018,119,XLR,EQUIPMENT
6816,2018,119,XLR,TIRES
6817,2018,119,XLR,EQUIPMENT
6818,2018,119,XLR,ELECTRICAL SYSTEM
6819,2018,119,XLR,EQUIPMENT
6820,2018,119,XLR,EQUIPMENT
6821,2018,119,XLR,EQUIPMENT
6822,2018,119,VENGEANCE,EXTERIOR LIGHTING
6823,2018,119,VENGEANCE,TIRES
6824,2018,119,VENGEANCE,ELECTRICAL SYSTEM
6825,2018,119,VENGEANCE,EQUIPMENT
6826,2018,128,ESCALADE,SERVICE BRAKES
6827,2018,37,JETTA,FUEL SYSTEM
6828,2018,37,JETTA,SERVICE BRAKES
6829,2018,37,JETTA,ELECTRICAL SYSTEM
6830,2018,2253,XDIAVEL S,SERVICE BRAKES
6831,2018,2253,XDIAVEL S,STRUCTURE
6832,2018,2253,XDIAVEL S,SEATS
6833,2018,13,Q70,POWER TRAIN
6834,2018,1357,MX-5,POWER TRAIN
6835,2018,1357,MX-5,FUEL SYSTEM
6836,2018,1357,MX-5,AIR BAGS
6837,2018,146,CIVIC,FUEL SYSTEM
6838,2018,146,CIVIC,EQUIPMENT
6839,2018,146,CIVIC,STEERING
6840,2018,146,CIVIC,EQUIPMENT
6841,2018,146,CIVIC,FUEL SYSTEM
6842,2018,2,MINNIE WINNIE,EQUIPMENT
6843,2018,77,E-450,SUSPENSION
6844,2018,77,E-450,EQUIPMENT
6845,2018,77,E-450,EXTERIOR LIGHTING
6846,2018,77,E-450,EXTERIOR LIGHTING
6847,2018,146,ODYSSEY,POWER TRAIN
6848,2018,146,ODYSSEY,SERVICE BRAKES
6849,2018,146,ODYSSEY,LATCHES/LOCKS/LINKAGES
6850,2018,146,ODYSSEY,SERVICE BRAKES
6851,2018,146,ODYSSEY,SEAT BELTS
6852,2018,146,ODYSSEY,LATCHES/LOCKS/LINKAGES
6853,2018,146,ODYSSEY,BACK OVER PREVENTION
6854,2018,146,ODYSSEY,ELECTRICAL SYSTEM
6855,2018,146,ODYSSEY,FUEL SYSTEM
6856,2018,146,ODYSSEY,SEAT BELTS
6857,2018,146,ODYSSEY,BACK OVER PREVENTION
6858,2018,146,ODYSSEY,ENGINE AND ENGINE COOLING
6859,2018,146,ODYSSEY,FUEL SYSTEM
6860,2018,322,500,POWER TRAIN
6861,2018,322,500,TIRES
6862,2018,3328,CHRYSLER WHEELCHAIR VAN,ELECTRONIC STABILITY CONTROL (ESC)
6863,2018,3600,LIKE 150I,SERVICE BRAKES
6864,2018,3600,LIKE 150I,FUEL SYSTEM
6865,2018,2253,PANIGALE V4,FUEL SYSTEM
6866,2018,2253,PANIGALE V4,SERVICE BRAKES
6867,2018,2253,PANIGALE V4,ENGINE AND ENGINE COOLING
6868,2018,2253,PANIGALE V4,ENGINE AND ENGINE COOLING
6869,2018,2253,PANIGALE V4,FUEL SYSTEM
6870,2018,2253,PANIGALE V4,FUEL SYSTEM
6871,2018,2253,PANIGALE V4,POWER TRAIN
6872,2018,77,EXPLORER,SEATS
6873,2018,77,EXPLORER,FUEL SYSTEM
6874,2018,77,EXPLORER,STRUCTURE
6875,2018,77,EXPLORER,STRUCTURE
6876,2018,77,EXPLORER,EQUIPMENT
6877,2018,2674,GTC4LUSSO T,AIR BAGS
6878,2018,2674,GTC4LUSSO T,FUEL SYSTEM
6879,2018,2674,GTC4LUSSO T,LATCHES/LOCKS/LINKAGES
6880,2018,2674,GTC4LUSSO T,SERVICE BRAKES
6881,2018,14,MKT,SUSPENSION
6882,2018,2812,VINTAGE CRUISER,EQUIPMENT
6883,2018,37,GTI,SERVICE BRAKES
6884,2018,37,GTI,ELECTRICAL SYSTEM
6885,2018,37,GTI,FUEL SYSTEM
6886,2018,98,YUKON,SERVICE BRAKES
6887,2018,98,YUKON,SERVICE BRAKES
6888,2018,98,YUKON,SERVICE BRAKES
6889,2018,306,M2,ELECTRICAL SYSTEM
6890,2018,288,ELKRIDGE,ELECTRICAL SYSTEM
6891,2018,3,PALAZZO,EXTERIOR LIGHTING
6892,2018,3,PALAZZO,TIRES
6893,2018,3,PALAZZO,EQUIPMENT
6894,2018,4946,TRAVEL TRAILER,EQUIPMENT
6895,2018,4946,TRAVEL TRAILER,EQUIPMENT
6896,2018,4946,TRAVEL TRAILER,EQUIPMENT
6897,2018,4946,TRAVEL TRAILER,ELECTRICAL SYSTEM
6898,2018,1564,LX570,AIR BAGS
6899,2018,1564,LX570,FUEL SYSTEM
6900,2018,77,EDGE,POWER TRAIN
6901,2018,77,EDGE,LATCHES/LOCKS/LINKAGES
6902,2018,77,EDGE,ELECTRICAL SYSTEM
6903,2018,77,EDGE,SERVICE BRAKES
6904,2018,77,EDGE,POWER TRAIN
6905,2018,77,EDGE,SERVICE BRAKES
6906,2018,77,EDGE,BACK OVER PREVENTION
6907,2018,1,CAYENNE,EQUIPMENT
6908,2018,2,MICRO MINNIE,STRUCTURE
6909,2018,2253,SCRAMBLER,ELECTRICAL SYSTEM
6910,2018,2674,488 SPIDER,AIR BAGS
6911,2018,2674,488 SPIDER,SERVICE BRAKES
6912,2018,2674,488 SPIDER,AIR BAGS
6913,2018,2674,488 SPIDER,FUEL SYSTEM
6914,2018,37,E-GOLF,SEATS
6915,2018,4,GALLERIA,EQUIPMENT
6916,2018,4,GALLERIA,ELECTRICAL SYSTEM
6917,2018,17,SEDONA,STRUCTURE
6918,2018,17,SEDONA,AIR BAGS
6919,2018,17,SEDONA,ELECTRICAL SYSTEM
6920,2018,82,CORVETTE,STEERING
6921,2018,82,CITY EXPRESS,FUEL SYSTEM
6922,2018,15,SEQUOIA,STEERING
6923,2018,15,SEQUOIA,STEERING
6924,2018,15,SEQUOIA,FUEL SYSTEM
6925,2018,15,SEQUOIA,ELECTRICAL SYSTEM
6926,2018,15,SEQUOIA,ELECTRONIC STABILITY CONTROL (ESC)
6927,2018,146,CBR1000RR,FUEL SYSTEM
6928,2018,119,XLR TOYHAULER,EQUIPMENT
6929,2018,194,SPRINTER 2500,AIR BAGS
6930,2018,194,SPRINTER 2500,UNKNOWN OR OTHER
6931,2018,194,SPRINTER 2500,VISIBILITY
6932,2018,194,SPRINTER 2500,EQUIPMENT
6933,2018,194,SPRINTER 2500,EQUIPMENT
6934,2018,194,SPRINTER 2500,UNKNOWN OR OTHER
6935,2018,194,SPRINTER 2500,LATCHES/LOCKS/LINKAGES
6936,2018,194,SPRINTER 2500,LATCHES/LOCKS/LINKAGES
6937,2018,194,SPRINTER 2500,STEERING
6938,2018,1800,A5,AIR BAGS
6939,2018,1800,A5,AIR BAGS
6940,2018,1800,A5,SUSPENSION
6941,2018,1800,A5,AIR BAGS
6942,2018,1800,A5,STRUCTURE
6943,2018,1800,A5,SEATS
6944,2018,6944,ALINER ASCAPE,EQUIPMENT
6945,2018,1357,CX-9,FUEL SYSTEM
6946,2018,1357,CX-9,ELECTRICAL SYSTEM
6947,2018,8,SONATA,LATCHES/LOCKS/LINKAGES
6948,2018,746,COUNTRYMAN,FUEL SYSTEM
6949,2018,746,COUNTRYMAN,TRAILER HITCHES
6950,2018,596,SPYDER RT,POWER TRAIN
6951,2018,596,SPYDER RT,POWER TRAIN
6952,2018,15,C-HR,PARKING BRAKE
6953,2018,562,VERSA NOTE,ELECTRICAL SYSTEM
6954,2018,562,VERSA NOTE,BACK OVER PREVENTION
6955,2018,562,VERSA NOTE,AIR BAGS
6956,2018,3,ARIA,EXTERIOR LIGHTING
6957,2018,3,ARIA,TIRES
6958,2018,584,DISCOVERY,FORWARD COLLISION AVOIDANCE
6959,2018,584,DISCOVERY,EXTERIOR LIGHTING
6960,2018,584,DISCOVERY,EXTERIOR LIGHTING
6961,2018,584,DISCOVERY,ELECTRICAL SYSTEM
6962,2018,263,4700,POWER TRAIN
6963,2018,263,4700,STEERING
6964,2018,263,4700,ELECTRICAL SYSTEM
6965,2018,263,4700,SERVICE BRAKES
6966,2018,263,4700,SERVICE BRAKES
6967,2018,263,4700,FUEL SYSTEM
6968,2018,263,4700,TIRES
6969,2018,263,4700,POWER TRAIN
6970,2018,263,4700,ELECTRICAL SYSTEM
6971,2018,263,4700,ELECTRICAL SYSTEM
6972,2018,263,4700,EXTERIOR LIGHTING
6973,2018,263,4700,EQUIPMENT
6974,2018,263,5700,STEERING
6975,2018,263,5700,ELECTRICAL SYSTEM
6976,2018,263,5700,SERVICE BRAKES
6977,2018,263,5700,VISIBILITY
6978,2018,263,5700,SERVICE BRAKES
6979,2018,263,5700,STRUCTURE
6980,2018,263,5700,POWER TRAIN
6981,2018,263,5700,ELECTRICAL SYSTEM
6982,2018,263,5700,EXTERIOR LIGHTING
6983,2018,263,5700,POWER TRAIN
6984,2018,263,5700,EQUIPMENT
6985,2018,669,4000 SERIES 4300,SERVICE BRAKES
6986,2018,150,GIULIA,ELECTRICAL SYSTEM
6987,2018,150,GIULIA,ELECTRICAL SYSTEM
6988,2018,150,GIULIA,ENGINE AND ENGINE COOLING
6989,2018,150,GIULIA,FORWARD COLLISION AVOIDANCE
6990,2018,150,GIULIA,SERVICE BRAKES
6991,2018,150,GIULIA,SERVICE BRAKES
6992,2018,150,GIULIA,EQUIPMENT
6993,2018,150,GIULIA,AIR BAGS
6994,2018,150,GIULIA,FUEL SYSTEM
6995,2018,155,ILX,FUEL SYSTEM
6996,2018,155,ILX,POWER TRAIN
6997,2018,155,ILX,FUEL SYSTEM
6998,2018,119,VIBE,ELECTRICAL SYSTEM
6999,2018,119,VIBE,EQUIPMENT
7000,2018,596,SPYDER F3,POWER TRAIN
7001,2018,596,SPYDER F3,POWER TRAIN
7002,2018,17,CADENZA,SERVICE BRAKES
7003,2018,9,GRAND CHEROKEE,POWER TRAIN
7004,2018,9,GRAND CHEROKEE,ELECTRICAL SYSTEM
7005,2018,9,GRAND CHEROKEE,EQUIPMENT
7006,2018,9,GRAND CHEROKEE,EQUIPMENT
7007,2018,9,GRAND CHEROKEE,ENGINE AND ENGINE COOLING
7008,2018,9,GRAND CHEROKEE,ELECTRICAL SYSTEM
7009,2018,9,GRAND CHEROKEE,FUEL SYSTEM
7010,2018,9,GRAND CHEROKEE,FUEL SYSTEM
7011,2018,9,GRAND CHEROKEE,SERVICE BRAKES
7012,2018,9,GRAND CHEROKEE,ENGINE AND ENGINE COOLING
7013,2018,9,GRAND CHEROKEE,SERVICE BRAKES
7014,2018,262,OUTLANDER PHEV,ELECTRICAL SYSTEM
7015,2018,262,OUTLANDER PHEV,FORWARD COLLISION AVOIDANCE
7016,2018,262,OUTLANDER PHEV,SEAT BELTS
7017,2018,262,OUTLANDER PHEV,STRUCTURE
7018,2018,146,FIT,BACK OVER PREVENTION
7019,2018,146,FIT,FUEL SYSTEM
7020,2018,146,FIT,BACK OVER PREVENTION
7021,2018,3,WINDSPORT,EQUIPMENT
7022,2018,44,MOUNTAIN AIRE,EQUIPMENT
7023,2018,44,MOUNTAIN AIRE,ELECTRICAL SYSTEM
7024,2018,44,MOUNTAIN AIRE,FUEL SYSTEM
7025,2018,44,MOUNTAIN AIRE,SERVICE BRAKES
7026,2018,44,MOUNTAIN AIRE,VISIBILITY
7027,2018,44,MOUNTAIN AIRE,EXTERIOR LIGHTING
7028,2018,44,MOUNTAIN AIRE,EQUIPMENT
7029,2018,44,MOUNTAIN AIRE,SERVICE BRAKES
7030,2018,44,MOUNTAIN AIRE,TIRES
7031,2018,44,MOUNTAIN AIRE,EQUIPMENT
7032,2018,44,MOUNTAIN AIRE,EXTERIOR LIGHTING
7033,2018,44,MOUNTAIN AIRE,FUEL SYSTEM
7034,2018,44,MOUNTAIN AIRE,EQUIPMENT
7035,2018,44,MOUNTAIN AIRE,SUSPENSION
7036,2018,44,MOUNTAIN AIRE,ELECTRICAL SYSTEM
7037,2018,44,MOUNTAIN AIRE,EQUIPMENT
7038,2018,2,GRAND TOUR,ELECTRICAL SYSTEM
7039,2018,2,GRAND TOUR,ELECTRICAL SYSTEM
7040,2018,2,GRAND TOUR,EXTERIOR LIGHTING
7041,2018,15,LAND CRUISER,FUEL SYSTEM
7042,2018,15,LAND CRUISER,AIR BAGS
7043,2018,15,CAMRY,EQUIPMENT
7044,2018,15,CAMRY,FUEL SYSTEM
7045,2018,15,CAMRY,ENGINE AND ENGINE COOLING
7046,2018,15,CAMRY,SERVICE BRAKES
7047,2018,15,CAMRY,FUEL SYSTEM
7048,2018,15,CAMRY,SERVICE BRAKES
7049,2018,15,CAMRY,FUEL SYSTEM
7050,2018,15,CAMRY,FUEL SYSTEM
7051,2018,1649,XC155,ENGINE
7052,2018,1649,XC155,ENGINE AND ENGINE COOLING
7053,2018,1564,RC 300,FUEL SYSTEM
7054,2018,4,VIKING,EQUIPMENT
7055,2018,146,ACCORD HYBRID,ELECTRICAL SYSTEM
7056,2018,146,ACCORD HYBRID,SEAT BELTS
7057,2018,146,ACCORD HYBRID,FUEL SYSTEM
7058,2018,17,SOUL EV,AIR BAGS
7059,2018,17,SOUL EV,ELECTRICAL SYSTEM
7060,2018,17,SOUL EV,POWER TRAIN
7061,2018,7061,BANFF,EQUIPMENT
7062,2018,7061,BANFF,EQUIPMENT
7063,2018,3167,RANGER,EQUIPMENT
7064,2018,258,SPORTSMEN LE,EQUIPMENT
7065,2018,258,SPORTSMEN LE,TIRES
7066,2018,306,K1600B,POWER TRAIN
7067,2018,15,PRIUS C,HYBRID PROPULSION SYSTEM
7068,2018,15,PRIUS C,EQUIPMENT
7069,2018,452,LEGACY,FUEL SYSTEM
7070,2018,452,LEGACY,VISIBILITY
7071,2018,452,LEGACY,ELECTRICAL SYSTEM
7072,2018,1014,SPRINTER 2500,AIR BAGS
7073,2018,1014,SPRINTER 2500,VISIBILITY
7074,2018,1014,SPRINTER 2500,EQUIPMENT
7075,2018,1014,SPRINTER 2500,EQUIPMENT
7076,2018,1014,SPRINTER 2500,LATCHES/LOCKS/LINKAGES
7077,2018,1014,SPRINTER 2500,LATCHES/LOCKS/LINKAGES
7078,2018,1014,SPRINTER 2500,STEERING
7079,2018,3,VENETIAN,SERVICE BRAKES
7080,2018,3,VENETIAN,SERVICE BRAKES
7081,2018,3,VENETIAN,EXTERIOR LIGHTING
7082,2018,3,VENETIAN,EQUIPMENT
7083,2018,3,VENETIAN,EQUIPMENT
7084,2018,3,VENETIAN,EXTERIOR LIGHTING
7085,2018,3,VENETIAN,EXTERIOR LIGHTING
7086,2018,3,VENETIAN,TIRES
7087,2018,306,G310 GS,STRUCTURE
7088,2018,306,G310 GS,SERVICE BRAKES
7089,2018,2,VIEW,ELECTRICAL SYSTEM
7090,2018,2,VIEW,EQUIPMENT
7091,2018,3,CHATEAU,SEAT BELTS
7092,2018,3,CHATEAU,EQUIPMENT
7093,2018,3,CHATEAU,EQUIPMENT
7094,2018,3,CHATEAU,EQUIPMENT
7095,2018,3,CHATEAU,VISIBILITY
7096,2018,3,CHATEAU,EQUIPMENT
7097,2018,2,FUSE,ELECTRICAL SYSTEM
7098,2018,2,FUSE,WHEELS
7099,2018,2,FUSE,EQUIPMENT
7100,2018,155,RLX,FUEL SYSTEM
7101,2018,119,CEDAR CREEK,EQUIPMENT
7102,2018,119,CEDAR CREEK,EQUIPMENT
7103,2018,119,CEDAR CREEK,EQUIPMENT
7104,2018,119,CEDAR CREEK,EQUIPMENT
7105,2018,2,VISTA,ELECTRICAL SYSTEM
7106,2018,2,VISTA,EQUIPMENT
7107,2018,2,VISTA,EXTERIOR LIGHTING
7108,2018,2,VISTA,LATCHES/LOCKS/LINKAGES
7109,2018,99,HIDEOUT,EQUIPMENT
7110,2018,99,HIDEOUT,EQUIPMENT
7111,2018,99,HIDEOUT,EQUIPMENT
7112,2018,429,MODEL 3,ELECTRICAL SYSTEM
7113,2018,429,MODEL 3,ELECTRICAL SYSTEM
7114,2018,429,MODEL 3,SEAT BELTS
7115,2018,429,MODEL 3,ELECTRICAL SYSTEM
7116,2018,429,MODEL 3,FORWARD COLLISION AVOIDANCE
7117,2018,429,MODEL 3,ELECTRICAL SYSTEM
7118,2018,429,MODEL 3,BACK OVER PREVENTION
7119,2018,429,MODEL 3,ELECTRICAL SYSTEM
7120,2018,429,MODEL 3,ELECTRICAL SYSTEM
7121,2018,429,MODEL 3,VISIBILITY
7122,2018,429,MODEL 3,SEAT BELTS
7123,2018,429,MODEL 3,STEERING
7124,2018,429,MODEL 3,SUSPENSION
7125,2018,429,MODEL 3,ELECTRICAL SYSTEM
7126,2018,429,MODEL 3,ELECTRICAL SYSTEM
7127,2018,429,MODEL 3,FORWARD COLLISION AVOIDANCE
7128,2018,429,MODEL 3,SEAT BELTS
7129,2018,429,MODEL 3,TIRES
7130,2018,77,E-350,SEATS
7131,2018,77,E-350,EQUIPMENT
7132,2018,77,E-350,EXTERIOR LIGHTING
7133,2018,77,E-350,EXTERIOR LIGHTING
7134,2018,145,FLHXS,POWER TRAIN
7135,2018,660,BEACON,SUSPENSION
7136,2018,1800,Q5,SERVICE BRAKES
7137,2018,1800,Q5,WHEELS
7138,2018,1800,Q5,STRUCTURE
7139,2018,1800,Q5,SERVICE BRAKES
7140,2018,1800,Q5,SEAT BELTS
7141,2018,1800,Q5,ELECTRICAL SYSTEM
7142,2018,1419,T370,POWER TRAIN
7143,2018,1419,T370,FUEL SYSTEM
7144,2018,1419,T370,ELECTRONIC STABILITY CONTROL (ESC)
7145,2018,1419,T370,EXTERIOR LIGHTING
7146,2018,1419,T370,STEERING
7147,2018,1419,T370,SERVICE BRAKES
7148,2018,7148,DSR,EQUIPMENT
7149,2018,77,EXPEDITION,FUEL SYSTEM
7150,2018,77,EXPEDITION,SEATS
7151,2018,77,EXPEDITION,SEATS
7152,2018,77,EXPEDITION,POWER TRAIN
7153,2018,77,EXPEDITION,VISIBILITY
7154,2018,77,EXPEDITION,POWER TRAIN
7155,2018,77,EXPEDITION,EQUIPMENT
7156,2018,77,EXPEDITION,SEAT BELTS
7157,2018,77,EXPEDITION,EQUIPMENT
7158,2018,77,EXPEDITION,SEAT BELTS
7159,2018,77,EXPEDITION,SERVICE BRAKES
7160,2018,7148,S,EQUIPMENT
7161,2018,618,PACE ARROW,EQUIPMENT
7162,2018,618,PACE ARROW,ELECTRICAL SYSTEM
7163,2018,618,PACE ARROW,EQUIPMENT
7164,2018,618,PACE ARROW,EXTERIOR LIGHTING
7165,2018,618,PACE ARROW,STRUCTURE
7166,2018,261,ZINGER,EQUIPMENT
7167,2018,261,ZINGER,EQUIPMENT
7168,2018,261,ZINGER,ELECTRICAL SYSTEM
7169,2018,261,ZINGER,EQUIPMENT
7170,2018,99,RAPTOR,TIRES
7171,2018,99,RAPTOR,EQUIPMENT
7172,2018,99,RAPTOR,EQUIPMENT
7173,2018,99,RAPTOR,SUSPENSION
7174,2018,99,RAPTOR,STRUCTURE
7175,2018,99,RAPTOR,FUEL SYSTEM
7176,2018,1800,A6,FUEL SYSTEM
7177,2018,1800,A6,AIR BAGS
7178,2018,145,FLHR,POWER TRAIN
7179,2018,262,MIRAGE,AIR BAGS
7180,2018,1228,AVENGER,TIRES
7181,2018,306,X4,ENGINE AND ENGINE COOLING
7182,2018,92,CHARGER,BACK OVER PREVENTION
7183,2018,92,CHARGER,POWER TRAIN
7184,2018,92,CHARGER,ELECTRICAL SYSTEM
7185,2018,92,CHARGER,POWER TRAIN
7186,2018,92,CHARGER,ELECTRICAL SYSTEM
7187,2018,92,CHARGER,AIR BAGS
7188,2018,1,PANAMERA,STEERING
7189,2018,1,PANAMERA,ELECTRICAL SYSTEM
7190,2018,1,PANAMERA,SERVICE BRAKES
7191,2018,1,PANAMERA,ELECTRICAL SYSTEM
7192,2018,1,PANAMERA,ELECTRICAL SYSTEM
7193,2018,1,PANAMERA,ELECTRICAL SYSTEM
7194,2018,37,GOLF R,SEATS
7195,2018,37,GOLF R,FUEL SYSTEM
7196,2018,37,GOLF R,UNKNOWN OR OTHER
7197,2018,37,GOLF R,UNKNOWN OR OTHER
7198,2018,82,CAMARO,AIR BAGS
7199,2018,82,CAMARO,STEERING
7200,2018,1564,RX350L,FUEL SYSTEM
7201,2018,1564,RX350L,FUEL SYSTEM
7202,2018,21,PHAETON,SEAT BELTS
7203,2018,21,PHAETON,STRUCTURE
7204,2018,21,PHAETON,FUEL SYSTEM
7205,2018,21,PHAETON,ELECTRICAL SYSTEM
7206,2018,21,PHAETON,EQUIPMENT
7207,2018,119,SUNSEEKER,EQUIPMENT
7208,2018,82,SILVERADO 3500,SEAT BELTS
7209,2018,82,SILVERADO 3500,ENGINE
7210,2018,82,SILVERADO 3500,FUEL SYSTEM
7211,2018,82,SILVERADO 3500,EQUIPMENT
7212,2018,82,SILVERADO 3500,FUEL SYSTEM
7213,2018,82,SILVERADO 3500,AIR BAGS
7214,2018,2253,SCRAMBLER 800 CAFE RACER,SERVICE BRAKES
7215,2018,2253,SUPERSPORT,FUEL SYSTEM
7216,2018,2253,SUPERSPORT,POWER TRAIN
7217,2018,2253,SUPERSPORT,VISIBILITY
7218,2018,2253,SUPERSPORT,SERVICE BRAKES
7219,2018,1800,R8,POWER TRAIN
7220,2018,145,FLTRXS,POWER TRAIN
7221,2018,322,500X,ELECTRICAL SYSTEM
7222,2018,37,GOLF SPORTWAGEN,STEERING
7223,2018,37,GOLF SPORTWAGEN,SERVICE BRAKES
7224,2018,37,GOLF SPORTWAGEN,SUSPENSION
7225,2018,37,GOLF SPORTWAGEN,ELECTRICAL SYSTEM
7226,2018,37,GOLF SPORTWAGEN,FUEL SYSTEM
7227,2018,92,GRAND CARAVAN,FUEL SYSTEM
7228,2018,92,GRAND CARAVAN,ELECTRICAL SYSTEM
7229,2018,92,GRAND CARAVAN,SERVICE BRAKES
7230,2018,1,PANAMERA 4S EXECUTIVE,SUSPENSION
7231,2018,1,PANAMERA 4S EXECUTIVE,ELECTRICAL SYSTEM
7232,2018,1,PANAMERA 4S EXECUTIVE,ELECTRICAL SYSTEM
7233,2018,1,PANAMERA 4S EXECUTIVE,ELECTRICAL SYSTEM
7234,2018,599,300,POWER TRAIN
7235,2018,599,300,ELECTRICAL SYSTEM
7236,2018,599,300,ELECTRICAL SYSTEM
7237,2018,599,300,AIR BAGS
7238,2018,9,RENEGADE,FUEL SYSTEM
7239,2018,9,RENEGADE,ELECTRICAL SYSTEM
7240,2018,1,MACAN,ELECTRICAL SYSTEM
7241,2018,1,MACAN,AIR BAGS
7242,2018,1,MACAN,EQUIPMENT
7243,2018,1,MACAN,FUEL SYSTEM
7244,2018,1,MACAN,SEAT BELTS
7245,2018,2,INTENT,STRUCTURE
7246,2018,2,INTENT,EQUIPMENT
7247,2018,2,INTENT,VISIBILITY
7248,2018,2,INTENT,EXTERIOR LIGHTING
7249,2018,15,AVALON HYBRID,AIR BAGS
7250,2018,8,ACCENT,LATCHES/LOCKS/LINKAGES
7251,2018,1,PANAMERA TURBO S E-HYBRID,SUSPENSION
7252,2018,1,PANAMERA TURBO S E-HYBRID,ELECTRICAL SYSTEM
7253,2018,99,ALPINE,EQUIPMENT
7254,2018,1800,A3,SEATS
7255,2018,1800,A3,AIR BAGS
7256,2018,1800,A3,FUEL SYSTEM
7257,2018,1800,A3,SEATS
7258,2018,1800,A3,ENGINE AND ENGINE COOLING
7259,2018,1800,A3,AIR BAGS
7260,2018,1800,A3,FUEL SYSTEM
7261,2018,1419,T680,ELECTRONIC STABILITY CONTROL (ESC)
7262,2018,1419,T680,POWER TRAIN
7263,2018,1419,T680,ENGINE AND ENGINE COOLING
7264,2018,1419,T680,SEAT BELTS
7265,2018,1419,T680,SERVICE BRAKES
7266,2018,1419,T680,PARKING BRAKE
7267,2018,1419,T680,EXTERIOR LIGHTING
7268,2018,1419,T680,ELECTRICAL SYSTEM
7269,2018,1419,T680,ELECTRONIC STABILITY CONTROL (ESC)
7270,2018,1419,T680,FUEL SYSTEM
7271,2018,1419,T680,ELECTRICAL SYSTEM
7272,2018,1419,T680,POWER TRAIN
7273,2018,1419,T680,FUEL SYSTEM
7274,2018,1419,T680,STEERING
7275,2018,1419,T680,SERVICE BRAKES
7276,2018,1497,VN,SEATS
7277,2018,31,IMAGINE,EQUIPMENT
7278,2018,31,IMAGINE,EQUIPMENT
7279,2018,31,IMAGINE,EQUIPMENT
7280,2018,31,IMAGINE,ELECTRICAL SYSTEM
7281,2018,16,LACROSSE,POWER TRAIN
7282,2018,16,LACROSSE,SERVICE BRAKES
7283,2018,16,LACROSSE,FUEL SYSTEM
7284,2018,467,1290 SUPER DUKE R,SERVICE BRAKES
7285,2018,2253,MULTISTRADA 1260,STRUCTURE
7286,2018,467,690 DUKE,POWER TRAIN
7287,2018,4946,2375,EQUIPMENT
7288,2018,146,CLARITY FUEL CELL,EQUIPMENT
7289,2018,146,CLARITY FUEL CELL,ELECTRICAL SYSTEM
7290,2018,562,MURANO,BACK OVER PREVENTION
7291,2018,562,MURANO,SERVICE BRAKES
7292,2018,37,ATLAS,SERVICE BRAKES
7293,2018,37,ATLAS,AIR BAGS
7294,2018,37,ATLAS,SUSPENSION
7295,2018,37,ATLAS,AIR BAGS
7296,2018,37,ATLAS,SERVICE BRAKES
7297,2018,37,ATLAS,EXTERIOR LIGHTING
7298,2018,37,ATLAS,FUEL SYSTEM
7299,2018,37,ATLAS,ELECTRICAL SYSTEM
7300,2018,37,ATLAS,TIRES
7301,2018,37,ATLAS,UNKNOWN OR OTHER
7302,2018,37,ATLAS,UNKNOWN OR OTHER
7303,2018,37,ATLAS,SEAT BELTS
7304,2018,37,ATLAS,AIR BAGS
7305,2018,37,ATLAS,FUEL SYSTEM
7306,2018,37,ATLAS,EQUIPMENT
7307,2018,37,ATLAS,AIR BAGS
7308,2018,7308,QUICKSILVER,STRUCTURE
7309,2018,146,CR-V,FUEL SYSTEM
7310,2018,146,CR-V,STEERING
7311,2018,146,CR-V,SEAT BELTS
7312,2018,146,CR-V,FUEL SYSTEM
7313,2018,306,M550I,BACK OVER PREVENTION
7314,2018,128,CT6,SEAT BELTS
7315,2018,128,CT6,SEATS
7316,2018,77,MUSTANG,ENGINE AND ENGINE COOLING
7317,2018,77,MUSTANG,ELECTRICAL SYSTEM
7318,2018,77,MUSTANG,POWER TRAIN
7319,2018,77,MUSTANG,BACK OVER PREVENTION
7320,2018,14,NAVIGATOR,FUEL SYSTEM
7321,2018,14,NAVIGATOR,SEATS
7322,2018,14,NAVIGATOR,POWER TRAIN
7323,2018,14,NAVIGATOR,VISIBILITY
7324,2018,14,NAVIGATOR,EQUIPMENT
7325,2018,14,NAVIGATOR,BACK OVER PREVENTION
7326,2018,14,NAVIGATOR,SEAT BELTS
7327,2018,14,NAVIGATOR,EQUIPMENT
7328,2018,14,NAVIGATOR,SEAT BELTS
7329,2018,14,NAVIGATOR,SERVICE BRAKES
7330,2018,15,COROLLA,EQUIPMENT
7331,2018,15,COROLLA,AIR BAGS
7332,2018,15,COROLLA,FUEL SYSTEM
7333,2018,1497,VNL,ENGINE AND ENGINE COOLING
7334,2018,1497,VNL,ELECTRICAL SYSTEM
7335,2018,1497,VNL,STRUCTURE
7336,2018,1497,VNL,POWER TRAIN
7337,2018,1497,VNL,EQUIPMENT
7338,2018,288,TORQUE,EQUIPMENT
7339,2018,13,Q50,BACK OVER PREVENTION
7340,2018,13,Q50,FUEL SYSTEM
7341,2018,13,Q50,POWER TRAIN
7342,2018,1726,ENDEAVOR,EQUIPMENT
7343,2018,1726,ENDEAVOR,ELECTRICAL SYSTEM
7344,2018,1726,ENDEAVOR,ELECTRICAL SYSTEM
7345,2018,1726,ENDEAVOR,EXTERIOR LIGHTING
7346,2018,77,TRANSIT,POWER TRAIN
7347,2018,77,TRANSIT,STRUCTURE
7348,2018,77,TRANSIT,SEATS
7349,2018,77,TRANSIT,SEATS
7350,2018,77,TRANSIT,SEATS
7351,2018,77,TRANSIT,SEATS
7352,2018,77,TRANSIT,SEATS
7353,2018,77,TRANSIT,SEATS
7354,2018,77,TRANSIT,PARKING BRAKE
7355,2018,77,TRANSIT,SEATS
7356,2018,77,TRANSIT,SEATS
7357,2018,77,TRANSIT,SEATS
7358,2018,77,TRANSIT,SEATS
7359,2018,77,TRANSIT,BACK OVER PREVENTION
7360,2018,1800,A4 ALLROAD,STRUCTURE
7361,2018,1800,A4 ALLROAD,AIR BAGS
7362,2018,1800,A4 ALLROAD,AIR BAGS
7363,2018,2179,720S,FUEL SYSTEM
7364,2018,64,REDHAWK,EQUIPMENT
7365,2018,64,REDHAWK,EQUIPMENT
7366,2018,64,REDHAWK,EQUIPMENT
7367,2018,99,MONTANA,ELECTRICAL SYSTEM
7368,2018,99,MONTANA,EQUIPMENT
7369,2018,99,MONTANA,EQUIPMENT
7370,2018,82,TRAVERSE,POWER TRAIN
7371,2018,82,TRAVERSE,AIR BAGS
7372,2018,92,DURANGO,POWER TRAIN
7373,2018,92,DURANGO,ELECTRICAL SYSTEM
7374,2018,92,DURANGO,ELECTRICAL SYSTEM
7375,2018,92,DURANGO,SERVICE BRAKES
7376,2018,92,DURANGO,SERVICE BRAKES
7377,2018,119,COLUMBUS,TIRES
7378,2018,5614,PLATEAU,EQUIPMENT
7379,2018,15,86,FUEL SYSTEM
7380,2018,306,M4,SEAT BELTS
7381,2018,2051,XCM,FUEL SYSTEM
7382,2018,1197,AUTUMN RIDGE,ELECTRICAL SYSTEM
7383,2018,1197,AUTUMN RIDGE,EQUIPMENT
7384,2018,1800,Q3,EXTERIOR LIGHTING
7385,2018,908,ANTHEM,FUEL SYSTEM
7386,2018,908,ANTHEM,WHEELS
7387,2018,908,ANTHEM,SUSPENSION
7388,2018,908,ANTHEM,EXTERIOR LIGHTING
7389,2018,562,PATHFINDER,SERVICE BRAKES
7390,2018,562,PATHFINDER,SERVICE BRAKES
7391,2018,562,PATHFINDER,BACK OVER PREVENTION
7392,2018,261,REDWOOD,EQUIPMENT
7393,2018,261,REDWOOD,EQUIPMENT
7394,2018,146,HR-V,SERVICE BRAKES
7395,2018,146,HR-V,FUEL SYSTEM
7396,2018,146,HR-V,FUEL SYSTEM
7397,2018,283,AVENTADOR S,ELECTRICAL SYSTEM
7398,2018,3,HURRICANE,EQUIPMENT
7399,2018,1497,V60,ELECTRICAL SYSTEM
7400,2018,1497,V60,SEAT BELTS
7401,2018,1649,FJR1300,POWER TRAIN
7402,2018,1649,FJR1300,EXTERIOR LIGHTING
7403,2018,452,IMPREZA,FUEL SYSTEM
7404,2018,452,IMPREZA,ELECTRICAL SYSTEM
7405,2018,452,IMPREZA,ENGINE AND ENGINE COOLING
7406,2018,452,IMPREZA,ELECTRICAL SYSTEM
7407,2018,452,IMPREZA,EXTERIOR LIGHTING
7408,2018,1157,KODIAK,TIRES
7409,2018,1157,KODIAK,EQUIPMENT
7410,2018,9,COMPASS,SUSPENSION
7411,2018,9,COMPASS,ELECTRICAL SYSTEM
7412,2018,9,COMPASS,ELECTRICAL SYSTEM
7413,2018,9,COMPASS,SERVICE BRAKES
7414,2018,9,COMPASS,ENGINE AND ENGINE COOLING
7415,2018,9,COMPASS,AIR BAGS
7416,2018,5540,AT200A,TIRES
7417,2018,5540,AT200A,ELECTRICAL SYSTEM
7418,2018,5540,AT200A,SUSPENSION
7419,2018,423,701 SUPERMOTO,POWER TRAIN
7420,2018,1800,RS3,SEATS
7421,2018,1800,RS3,AIR BAGS
7422,2018,1800,RS3,AIR BAGS
7423,2018,1800,RS3,SEATS
7424,2018,7424,BRUTALE 800 DRAGSTER RC,SUSPENSION
7425,2018,145,XG750,SERVICE BRAKES
7426,2018,17,FORTE,AIR BAGS
7427,2018,17,FORTE,LATCHES/LOCKS/LINKAGES
7428,2018,17,FORTE,ENGINE AND ENGINE COOLING
7429,2018,306,X5,EQUIPMENT
7430,2018,306,X5,SUSPENSION
7431,2018,306,X5,FUEL SYSTEM
7432,2018,306,X5,SUSPENSION
7433,2018,306,X5,ENGINE AND ENGINE COOLING
7434,2018,82,TRAX,SUSPENSION
7435,2018,82,TRAX,SUSPENSION
7436,2018,21,ALLEGRO OPEN ROAD,STRUCTURE
7437,2018,21,ALLEGRO OPEN ROAD,TRAILER HITCHES
7438,2018,262,ECLIPSE CROSS,ELECTRICAL SYSTEM
7439,2018,262,ECLIPSE CROSS,FORWARD COLLISION AVOIDANCE
7440,2018,8,IONIQ PLUG-IN HYBRID,HYBRID PROPULSION SYSTEM
7441,2018,119,R-POD,EQUIPMENT
7442,2018,77,FUSION,STEERING
7443,2018,77,FUSION,SERVICE BRAKES
7444,2018,15,TACOMA,FUEL SYSTEM
7445,2018,15,TACOMA,FUEL SYSTEM
7446,2018,15,TACOMA,SERVICE BRAKES
7447,2018,98,CANYON,FUEL SYSTEM
7448,2018,1800,A7,FUEL SYSTEM
7449,2018,1800,A7,AIR BAGS
7450,2018,562,LEAF,BACK OVER PREVENTION
7451,2018,562,LEAF,EQUIPMENT
7452,2018,562,LEAF,VEHICLE SPEED CONTROL
7453,2018,562,LEAF,BACK OVER PREVENTION
7454,2018,99,BULLET,EQUIPMENT
7455,2018,562,MAXIMA,BACK OVER PREVENTION
7456,2018,562,MAXIMA,SERVICE BRAKES
7457,2018,17,SPORTAGE,FUEL SYSTEM
7458,2018,17,SPORTAGE,SERVICE BRAKES
7459,2018,17,SPORTAGE,TRAILER HITCHES
7460,2018,145,FLDE,SUSPENSION
7461,2018,145,FLDE,SUSPENSION
7462,2018,146,CBR300R,POWER TRAIN
7463,2018,2033,CS ADVENTUROUS,SEATS
7464,2018,2033,CS ADVENTUROUS,EQUIPMENT
7465,2018,193,SCOUT BOBBER,SERVICE BRAKES
7466,2018,64,EAGLE,EQUIPMENT
7467,2018,64,EAGLE,EQUIPMENT
7468,2018,64,EAGLE,TRAILER HITCHES
7469,2018,64,EAGLE,EQUIPMENT
7470,2018,64,EAGLE,EQUIPMENT
7471,2018,64,EAGLE,EQUIPMENT
7472,2018,64,EAGLE,EQUIPMENT
7473,2018,64,EAGLE,EQUIPMENT
7474,2018,1726,VACATIONER,EQUIPMENT
7475,2018,1726,VACATIONER,EQUIPMENT
7476,2018,1726,VACATIONER,EQUIPMENT
7477,2018,1726,VACATIONER,EQUIPMENT
7478,2018,618,DISCOVERY LXE,ELECTRICAL SYSTEM
7479,2018,618,DISCOVERY LXE,EQUIPMENT
7480,2018,618,DISCOVERY LXE,ELECTRICAL SYSTEM
7481,2018,618,DISCOVERY LXE,EXTERIOR LIGHTING
7482,2018,2674,488 GTB,AIR BAGS
7483,2018,2674,488 GTB,SERVICE BRAKES
7484,2018,2674,488 GTB,AIR BAGS
7485,2018,2674,488 GTB,FUEL SYSTEM
7486,2018,193,CHIEFTAIN DARK HORSE,EXTERIOR LIGHTING
7487,2018,193,CHIEFTAIN DARK HORSE,ELECTRICAL SYSTEM
7488,2018,193,CHIEFTAIN DARK HORSE,EXTERIOR LIGHTING
7489,2018,110,G90,ENGINE AND ENGINE COOLING
7490,2018,110,G90,VISIBILITY
7491,2018,110,G90,ELECTRICAL SYSTEM
7492,2018,110,G90,ENGINE AND ENGINE COOLING
7493,2018,15,RAV4,EQUIPMENT
7494,2018,15,RAV4,EQUIPMENT
7495,2018,15,RAV4,ELECTRICAL SYSTEM
7496,2018,31,MOMENTUM,EQUIPMENT
7497,2018,31,MOMENTUM,EQUIPMENT
7498,2018,660,VILANO,SUSPENSION
7499,2018,660,VILANO,TIRES
7500,2018,562,370Z,AIR BAGS
7501,2018,4946,2295,EQUIPMENT
7502,2018,562,NV200,BACK OVER PREVENTION
7503,2018,562,NV200,FUEL SYSTEM
7504,2018,4,FREEDOM EXPRESS,EQUIPMENT
7505,2018,306,X2,ENGINE AND ENGINE COOLING
7506,2018,8,IONIQ HYBRID,HYBRID PROPULSION SYSTEM
7507,2018,8,IONIQ HYBRID,HYBRID PROPULSION SYSTEM
7508,2018,155,TLX,FUEL SYSTEM
7509,2018,155,TLX,ENGINE AND ENGINE COOLING
7510,2018,155,TLX,FUEL SYSTEM
7511,2018,37,TIGUAN,SEAT BELTS
7512,2018,37,TIGUAN,STRUCTURE
7513,2018,37,TIGUAN,SUSPENSION
7514,2018,37,TIGUAN,UNKNOWN OR OTHER
7515,2018,37,TIGUAN,SUSPENSION
7516,2018,37,TIGUAN,AIR BAGS
7517,2018,37,TIGUAN,VISIBILITY
7518,2018,37,TIGUAN,ELECTRICAL SYSTEM
7519,2018,37,TIGUAN,SUSPENSION
7520,2018,37,TIGUAN,AIR BAGS
7521,2018,37,TIGUAN,ENGINE
7522,2018,37,TIGUAN,EXTERIOR LIGHTING
7523,2018,37,TIGUAN,STRUCTURE
7524,2018,194,SPRINTER 1500,AIR BAGS
7525,2018,194,SPRINTER 1500,UNKNOWN OR OTHER
7526,2018,194,SPRINTER 1500,VISIBILITY
7527,2018,194,SPRINTER 1500,EQUIPMENT
7528,2018,194,SPRINTER 1500,EQUIPMENT
7529,2018,194,SPRINTER 1500,LATCHES/LOCKS/LINKAGES
7530,2018,194,SPRINTER 1500,STEERING
7531,2018,599,PACIFICA,ELECTRICAL SYSTEM
7532,2018,599,PACIFICA,POWER TRAIN
7533,2018,599,PACIFICA,POWER TRAIN
7534,2018,599,PACIFICA,ELECTRICAL SYSTEM
7535,2018,599,PACIFICA,SUSPENSION
7536,2018,599,PACIFICA,ELECTRICAL SYSTEM
7537,2018,599,PACIFICA,ELECTRICAL SYSTEM
7538,2018,599,PACIFICA,EQUIPMENT
7539,2018,599,PACIFICA,SEAT BELTS
7540,2018,599,PACIFICA,BACK OVER PREVENTION
7541,2018,599,PACIFICA,ELECTRICAL SYSTEM
7542,2018,98,ACADIA,FUEL SYSTEM
7543,2018,98,ACADIA,POWER TRAIN
7544,2018,194,SPRINTER 3500,UNKNOWN OR OTHER
7545,2018,194,SPRINTER 3500,AIR BAGS
7546,2018,194,SPRINTER 3500,VISIBILITY
7547,2018,194,SPRINTER 3500,ELECTRONIC STABILITY CONTROL (ESC)
7548,2018,194,SPRINTER 3500,EQUIPMENT
7549,2018,194,SPRINTER 3500,EQUIPMENT
7550,2018,194,SPRINTER 3500,UNKNOWN OR OTHER
7551,2018,194,SPRINTER 3500,LATCHES/LOCKS/LINKAGES
7552,2018,194,SPRINTER 3500,LATCHES/LOCKS/LINKAGES
7553,2018,194,SPRINTER 3500,STEERING
7554,2018,1564,NX300,FUEL SYSTEM
7555,2018,193,ROADMASTER,ELECTRICAL SYSTEM
7556,2018,193,ROADMASTER,ELECTRICAL SYSTEM
7557,2018,2253,MONSTER 1200,SERVICE BRAKES
7558,2018,2253,MONSTER 1200,SERVICE BRAKES
7559,2018,2253,MONSTER 1200,POWER TRAIN
7560,2018,2253,MONSTER 1200,SERVICE BRAKES
7561,2018,14,MKZ,STEERING
7562,2018,14,MKZ,SERVICE BRAKES
7563,2018,1564,LS,TIRES
7564,2018,1564,LS,AIR BAGS
7565,2018,79,OPEN RANGE,EQUIPMENT
7566,2018,262,OUTLANDER SPORT,ELECTRICAL SYSTEM
7567,2018,262,OUTLANDER SPORT,FORWARD COLLISION AVOIDANCE
7568,2018,1,PANAMERA 4 EXECUTIVE,ELECTRICAL SYSTEM
7569,2018,1,PANAMERA 4 EXECUTIVE,ELECTRICAL SYSTEM
7570,2018,1,PANAMERA 4 EXECUTIVE,ELECTRICAL SYSTEM
7571,2018,13,Q60,BACK OVER PREVENTION
7572,2018,130,THRUXTON,ELECTRICAL SYSTEM
7573,2018,130,THRUXTON,STRUCTURE
7574,2018,746,CLUBMAN,TRAILER HITCHES
7575,2018,8,TUCSON,SERVICE BRAKES
7576,2018,1564,ES350,FUEL SYSTEM
7577,2018,1564,ES350,FUEL SYSTEM
7578,2018,1800,S6,AIR BAGS
7579,2018,306,M240I,ENGINE AND ENGINE COOLING
7580,2018,306,M240I,ELECTRICAL SYSTEM
7581,2018,119,SURVEYOR,EQUIPMENT
7582,2018,119,SURVEYOR,EQUIPMENT
7583,2018,119,SURVEYOR,EQUIPMENT
7584,2018,119,SURVEYOR,TIRES
7585,2018,119,SURVEYOR,ELECTRICAL SYSTEM
7586,2018,1564,RX350,FUEL SYSTEM
7587,2018,421,GHIBLI,STRUCTURE
7588,2018,421,GHIBLI,FUEL SYSTEM
7589,2018,44,NEW AIRE,EQUIPMENT
7590,2018,44,NEW AIRE,ELECTRICAL SYSTEM
7591,2018,44,NEW AIRE,ELECTRICAL SYSTEM
7592,2018,44,NEW AIRE,EXTERIOR LIGHTING
7593,2018,44,NEW AIRE,EQUIPMENT
7594,2018,44,NEW AIRE,EQUIPMENT
7595,2018,44,NEW AIRE,EXTERIOR LIGHTING
7596,2018,44,NEW AIRE,TIRES
7597,2018,44,NEW AIRE,ELECTRICAL SYSTEM
7598,2018,44,NEW AIRE,EQUIPMENT
7599,2018,17,SOUL,AIR BAGS
7600,2018,193,SCOUT,SERVICE BRAKES
7601,2018,193,SCOUT,SERVICE BRAKES
7602,2018,1,911 GT3,EQUIPMENT
7603,2018,119,FR3,STRUCTURE
7604,2018,119,FR3,VISIBILITY
7605,2018,7605,CONTINENTAL CARGO,EQUIPMENT
7606,2018,1579,REV,ENGINE AND ENGINE COOLING
7607,2018,44,BAY STAR,ELECTRICAL SYSTEM
7608,2018,44,BAY STAR,EQUIPMENT
7609,2018,44,BAY STAR,EQUIPMENT
7610,2018,44,BAY STAR,ELECTRICAL SYSTEM
7611,2018,44,BAY STAR,EXTERIOR LIGHTING
7612,2018,44,BAY STAR,EQUIPMENT
7613,2018,4,PRISM,EQUIPMENT
7614,2018,4,PRISM,EQUIPMENT
7615,2018,288,SUNDANCE XLT TT,TIRES
7616,2018,288,SUNDANCE XLT TT,SUSPENSION
7617,2018,288,SUNDANCE XLT TT,EQUIPMENT
7618,2018,119,WILDCAT,ELECTRICAL SYSTEM
7619,2018,119,WILDCAT,TIRES
7620,2018,119,WILDCAT,EQUIPMENT
7621,2018,13,QX60,SERVICE BRAKES
7622,2018,306,K 1600 GT,POWER TRAIN
7623,2018,858,2500,STEERING
7624,2018,858,2500,LATCHES/LOCKS/LINKAGES
7625,2018,858,2500,BACK OVER PREVENTION
7626,2018,858,2500,ELECTRICAL SYSTEM
7627,2018,858,2500,STEERING
7628,2018,858,2500,EQUIPMENT
7629,2018,858,2500,POWER TRAIN
7630,2018,858,2500,SERVICE BRAKES
7631,2018,858,2500,AIR BAGS
7632,2018,858,2500,AIR BAGS
7633,2018,4946,1995,EQUIPMENT
7634,2018,31,SOLITUDE,EQUIPMENT
7635,2018,31,SOLITUDE,EQUIPMENT
7636,2018,31,SOLITUDE,EQUIPMENT
7637,2018,64,ALANTE,SUSPENSION
7638,2018,64,ALANTE,VISIBILITY
7639,2018,64,ALANTE,EQUIPMENT
7640,2018,64,ALANTE,ELECTRICAL SYSTEM
7641,2018,8,IONIQ ELECTRIC,ELECTRICAL SYSTEM
7642,2018,130,BONNEVILLE T120,ELECTRICAL SYSTEM
7643,2018,3,FOUR WINDS,SEAT BELTS
7644,2018,3,FOUR WINDS,EQUIPMENT
7645,2018,3,FOUR WINDS,EQUIPMENT
7646,2018,3,FOUR WINDS,EQUIPMENT
7647,2018,3,FOUR WINDS,VISIBILITY
7648,2018,3,FOUR WINDS,EQUIPMENT
7649,2018,146,PILOT,STRUCTURE
7650,2018,146,PILOT,ENGINE AND ENGINE COOLING
7651,2018,146,PILOT,SEATS
7652,2018,146,PILOT,ENGINE AND ENGINE COOLING
7653,2018,146,PILOT,FUEL SYSTEM
7654,2018,99,FUZION,ELECTRICAL SYSTEM
7655,2018,99,FUZION,SERVICE BRAKES
7656,2018,99,FUZION,EQUIPMENT
7657,2018,99,FUZION,SUSPENSION
7658,2018,14,CONTINENTAL,LATCHES/LOCKS/LINKAGES
7659,2018,14,CONTINENTAL,BACK OVER PREVENTION
7660,2018,15,AVALON,AIR BAGS
7661,2018,15,AVALON,FUEL SYSTEM
7662,2018,258,SONIC,EQUIPMENT
7663,2018,258,SONIC,EQUIPMENT
7664,2018,258,SONIC,EQUIPMENT
7665,2018,133,MINOTOUR,SEATS
7666,2018,133,MINOTOUR,SEATS
7667,2018,133,MINOTOUR,EQUIPMENT ADAPTIVE/MOBILITY
7668,2018,133,MINOTOUR,EQUIPMENT ADAPTIVE/MOBILITY
7669,2018,133,MINOTOUR,SEATS
7670,2018,133,MINOTOUR,STRUCTURE
7671,2018,133,MINOTOUR,ELECTRICAL SYSTEM
7672,2018,133,MINOTOUR,EQUIPMENT ADAPTIVE/MOBILITY
7673,2018,133,MINOTOUR,EQUIPMENT ADAPTIVE/MOBILITY
7674,2018,133,MINOTOUR,SEATS
7675,2018,133,MINOTOUR,SEATS
7676,2018,133,MINOTOUR,EQUIPMENT ADAPTIVE/MOBILITY
7677,2018,133,MINOTOUR,SEATS
7678,2018,64,SEISMIC,SERVICE BRAKES
7679,2018,64,SEISMIC,EQUIPMENT
7680,2018,64,SEISMIC,EQUIPMENT
7681,2018,64,SEISMIC,FUEL SYSTEM
7682,2018,145,XG750A,SERVICE BRAKES
7683,2018,99,SPRINGDALE,EQUIPMENT
7684,2018,99,SPRINGDALE,ELECTRICAL SYSTEM
7685,2018,99,SPRINGDALE,EQUIPMENT
7686,2018,306,X6,WHEELS
7687,2018,306,X6,SUSPENSION
7688,2018,306,X6,CHILD SEAT
7689,2018,306,X6,SUSPENSION
7690,2018,99,COUGAR,EQUIPMENT
7691,2018,99,COUGAR,STRUCTURE
7692,2018,99,COUGAR,EQUIPMENT
7693,2018,99,COUGAR,EQUIPMENT
7694,2018,452,CROSSTREK,ENGINE AND ENGINE COOLING
7695,2018,452,CROSSTREK,SUSPENSION
7696,2018,452,CROSSTREK,ELECTRICAL SYSTEM
7697,2018,452,CROSSTREK,ELECTRICAL SYSTEM
7698,2018,452,CROSSTREK,SERVICE BRAKES
7699,2018,98,SIERRA 1500,SERVICE BRAKES
7700,2018,98,SIERRA 1500,SERVICE BRAKES
7701,2018,98,SIERRA 1500,SERVICE BRAKES
7702,2018,98,SIERRA 1500,AIR BAGS
7703,2018,98,SIERRA 1500,AIR BAGS
7704,2018,119,PUMA,WHEELS
7705,2018,119,PUMA,EQUIPMENT
7706,2018,119,PUMA,EQUIPMENT
7707,2018,92,CHALLENGER,POWER TRAIN
7708,2018,92,CHALLENGER,POWER TRAIN
7709,2018,92,CHALLENGER,ELECTRICAL SYSTEM
7710,2018,92,CHALLENGER,ELECTRICAL SYSTEM
7711,2018,145,FLHTKL,POWER TRAIN
7712,2018,145,FLHTKL,VISIBILITY
7713,2018,2546,CARGO TRAILER,SUSPENSION
7714,2018,2546,CARGO TRAILER,SUSPENSION
7715,2018,505,GRANITE (GU),ELECTRONIC STABILITY CONTROL (ESC)
7716,2018,505,GRANITE (GU),VISIBILITY
7717,2018,505,GRANITE (GU),EXTERIOR LIGHTING
7718,2018,505,GRANITE (GU),TIRES
7719,2018,77,F-450,ENGINE
7720,2018,77,F-450,EQUIPMENT
7721,2018,77,F-450,EXTERIOR LIGHTING
7722,2018,64,PINNACLE,EQUIPMENT
7723,2018,64,PINNACLE,EQUIPMENT
7724,2018,21,ALLEGRO RED,SEAT BELTS
7725,2018,21,ALLEGRO RED,STRUCTURE
7726,2018,21,ALLEGRO RED,EQUIPMENT
7727,2018,77,F53,WHEELS
7728,2018,145,FLHTCU,POWER TRAIN
7729,2018,145,FLHTCU,VISIBILITY
7730,2018,119,GEORGETOWN,STRUCTURE
7731,2018,119,GEORGETOWN,VISIBILITY
7732,2018,119,GEORGETOWN,EQUIPMENT
7733,2018,119,GEORGETOWN,ELECTRICAL SYSTEM
7734,2018,119,GEORGETOWN,SERVICE BRAKES
7735,2018,306,G310R,STRUCTURE
7736,2018,306,G310R,SERVICE BRAKES
7737,2018,2033,SIMPLICITY SRT,EQUIPMENT
7738,2018,2033,SIMPLICITY SRT,EQUIPMENT
7739,2018,262,OUTLANDER,EQUIPMENT
7740,2018,262,OUTLANDER,SEAT BELTS
7741,2018,262,OUTLANDER,ELECTRICAL SYSTEM
7742,2018,262,OUTLANDER,FORWARD COLLISION AVOIDANCE
7743,2018,262,OUTLANDER,STRUCTURE
7744,2018,8,SONATA HYBRID,LATCHES/LOCKS/LINKAGES
7745,2018,146,ACCORD,FUEL SYSTEM
7746,2018,146,ACCORD,ELECTRICAL SYSTEM
7747,2018,146,ACCORD,BACK OVER PREVENTION
7748,2018,146,ACCORD,SEAT BELTS
7749,2018,146,ACCORD,FUEL SYSTEM
7750,2018,82,VOLT,SERVICE BRAKES
7751,2018,82,VOLT,SEAT BELTS
7752,2018,618,PACE ARROW LXE,EQUIPMENT
7753,2018,618,PACE ARROW LXE,ELECTRICAL SYSTEM
7754,2018,618,PACE ARROW LXE,EQUIPMENT
7755,2018,82,MALIBU,AIR BAGS
7756,2018,82,MALIBU,SERVICE BRAKES
7757,2018,82,MALIBU,FUEL SYSTEM
7758,2018,82,MALIBU,ELECTRICAL SYSTEM
7759,2018,82,MALIBU,POWER TRAIN
7760,2018,82,MALIBU,SEAT BELTS
7761,2018,64,NORTHPOINT,EQUIPMENT
7762,2018,64,NORTHPOINT,EQUIPMENT
7763,2018,421,LEVANTE,STRUCTURE
7764,2018,82,SILVERADO 2500,SEAT BELTS
7765,2018,82,SILVERADO 2500,ENGINE
7766,2018,82,SILVERADO 2500,EQUIPMENT
7767,2018,82,SILVERADO 2500,FUEL SYSTEM
7768,2018,82,SILVERADO 2500,AIR BAGS
7769,2018,98,TERRAIN,AIR BAGS
7770,2018,98,TERRAIN,SERVICE BRAKES
7771,2018,98,TERRAIN,FUEL SYSTEM
7772,2018,98,TERRAIN,POWER TRAIN
7773,2018,98,TERRAIN,POWER TRAIN
7774,2018,4182,COMMANDER,SUSPENSION
7775,2018,4182,COMMANDER,FUEL SYSTEM
7776,2018,4182,COMMANDER,ELECTRICAL SYSTEM
7777,2018,4182,COMMANDER,FUEL SYSTEM
7778,2018,4182,COMMANDER,EQUIPMENT
7779,2018,4182,COMMANDER,EXTERIOR LIGHTING
7780,2018,4182,COMMANDER,ELECTRICAL SYSTEM
7781,2018,13,Q70L,POWER TRAIN
7782,2018,48,XBR,EXTERIOR LIGHTING
7783,2018,48,XBR,SERVICE BRAKES
7784,2018,48,XBR,TIRES
7785,2018,48,XBR,ELECTRICAL SYSTEM
7786,2018,48,XBR,ELECTRICAL SYSTEM
7787,2018,37,BEETLE,SERVICE BRAKES
7788,2018,37,BEETLE,ELECTRICAL SYSTEM
7789,2018,37,BEETLE,SERVICE BRAKES
7790,2018,37,BEETLE,AIR BAGS
7791,2018,99,CARBON,SUSPENSION
7792,2018,99,CARBON,EQUIPMENT
7793,2018,99,CARBON,FUEL SYSTEM
7794,2018,98,SIERRA 2500,SEAT BELTS
7795,2018,98,SIERRA 2500,ENGINE
7796,2018,98,SIERRA 2500,EQUIPMENT
7797,2018,98,SIERRA 2500,FUEL SYSTEM
7798,2018,98,SIERRA 2500,AIR BAGS
7799,2018,669,LT,POWER TRAIN
7800,2018,669,LT,FUEL SYSTEM
7801,2018,669,LT,ENGINE AND ENGINE COOLING
7802,2018,669,LT,EXTERIOR LIGHTING
7803,2018,669,LT,ENGINE
7804,2018,669,LT,ENGINE AND ENGINE COOLING
7805,2018,669,LT,SEAT BELTS
7806,2018,669,LT,ENGINE
7807,2018,669,LT,FUEL SYSTEM
7808,2018,669,LT,EQUIPMENT
7809,2018,669,LT,SERVICE BRAKES
7810,2018,669,LT,FUEL SYSTEM
7811,2018,669,LT,ELECTRICAL SYSTEM
7812,2018,669,LT,ELECTRICAL SYSTEM
7813,2018,669,LT,ENGINE
7814,2018,669,LT,EXTERIOR LIGHTING
7815,2018,1800,S3,AIR BAGS
7816,2018,37,GOLF,STEERING
7817,2018,37,GOLF,SERVICE BRAKES
7818,2018,37,GOLF,SUSPENSION
7819,2018,37,GOLF,ELECTRICAL SYSTEM
7820,2018,37,GOLF,EQUIPMENT
7821,2018,37,GOLF,FUEL SYSTEM
7822,2018,13,QX30,SEAT BELTS
7823,2018,13,QX30,BACK OVER PREVENTION
7824,2018,13,QX30,AIR BAGS
7825,2018,7825,TANDEM AXLE DUMP,STRUCTURE
7826,2018,3069,3X,EQUIPMENT
7827,2018,7827,PREDATOR AERIAL,EXTERIOR LIGHTING
7828,2018,7827,PREDATOR AERIAL,EQUIPMENT
7829,2018,7827,PREDATOR AERIAL,STRUCTURE
7830,2018,1014,M2 BUSINESS CLASS,SERVICE BRAKES
7831,2018,1014,M2 BUSINESS CLASS,EQUIPMENT
7832,2018,1419,T800,ELECTRONIC STABILITY CONTROL (ESC)
7833,2018,1419,T800,ENGINE AND ENGINE COOLING
7834,2018,1419,T800,POWER TRAIN
7835,2018,1419,T800,ENGINE AND ENGINE COOLING
7836,2018,1419,T800,FUEL SYSTEM
7837,2018,1419,T800,ELECTRONIC STABILITY CONTROL (ESC)
7838,2018,1419,T800,SERVICE BRAKES
7839,2018,1419,T800,FUEL SYSTEM
7840,2018,1419,T800,STEERING
7841,2018,1419,T800,SEAT BELTS
7842,2018,1419,T800,SERVICE BRAKES
7843,2018,64,TALON,EQUIPMENT
7844,2018,64,TALON,EQUIPMENT
7845,2018,64,TALON,FUEL SYSTEM
7846,2018,119,PALOMINO,EQUIPMENT
7847,2018,119,PALOMINO,EQUIPMENT
7848,2018,858,1500,ENGINE AND ENGINE COOLING
7849,2018,858,1500,LATCHES/LOCKS/LINKAGES
7850,2018,858,1500,BACK OVER PREVENTION
7851,2018,858,1500,POWER TRAIN
7852,2018,858,1500,ELECTRICAL SYSTEM
7853,2018,858,1500,AIR BAGS
7854,2018,858,1500,POWER TRAIN
7855,2018,858,1500,ENGINE AND ENGINE COOLING
7856,2018,858,1500,POWER TRAIN
7857,2018,858,1500,ELECTRICAL SYSTEM
7858,2018,858,1500,POWER TRAIN
7859,2018,858,1500,FUEL SYSTEM
7860,2018,858,1500,ENGINE AND ENGINE COOLING
7861,2018,858,1500,AIR BAGS
7862,2018,858,1500,AIR BAGS
7863,2018,3,VEGAS,EQUIPMENT
7864,2018,3,VEGAS,EQUIPMENT
7865,2018,3,VEGAS,EXTERIOR LIGHTING
7866,2018,3,VEGAS,EQUIPMENT
7867,2018,1497,V90CC,ELECTRICAL SYSTEM
7868,2018,31,REFLECTION,ELECTRICAL SYSTEM
7869,2018,31,REFLECTION,EQUIPMENT
7870,2018,31,REFLECTION,ELECTRICAL SYSTEM
7871,2018,31,REFLECTION,EQUIPMENT
7872,2018,31,REFLECTION,EQUIPMENT
7873,2018,288,MALLARD,EQUIPMENT
7874,2018,2812,CRUISER VN23BHS,EQUIPMENT
7875,2018,1419,T880,ELECTRONIC STABILITY CONTROL (ESC)
7876,2018,1419,T880,POWER TRAIN
7877,2018,1419,T880,ENGINE AND ENGINE COOLING
7878,2018,1419,T880,SEAT BELTS
7879,2018,1419,T880,FUEL SYSTEM
7880,2018,1419,T880,PARKING BRAKE
7881,2018,1419,T880,EXTERIOR LIGHTING
7882,2018,1419,T880,ELECTRICAL SYSTEM
7883,2018,1419,T880,ELECTRONIC STABILITY CONTROL (ESC)
7884,2018,1419,T880,FUEL SYSTEM
7885,2018,1419,T880,SERVICE BRAKES
7886,2018,1419,T880,ELECTRICAL SYSTEM
7887,2018,1419,T880,POWER TRAIN
7888,2018,1419,T880,FUEL SYSTEM
7889,2018,1419,T880,STEERING
7890,2018,1419,T880,SERVICE BRAKES
7891,2018,77,TRANSIT CONNECT,POWER TRAIN
7892,2018,77,TRANSIT CONNECT,SEATS
7893,2018,77,TRANSIT CONNECT,POWER TRAIN
7894,2018,77,TRANSIT CONNECT,VISIBILITY
7895,2018,77,TRANSIT CONNECT,BACK OVER PREVENTION
7896,2018,77,TRANSIT CONNECT,BACK OVER PREVENTION
7897,2018,44,DUTCH STAR,EQUIPMENT
7898,2018,44,DUTCH STAR,ELECTRICAL SYSTEM
7899,2018,44,DUTCH STAR,EXTERIOR LIGHTING
7900,2018,44,DUTCH STAR,EQUIPMENT
7901,2018,44,DUTCH STAR,EQUIPMENT
7902,2018,44,DUTCH STAR,EXTERIOR LIGHTING
7903,2018,44,DUTCH STAR,EQUIPMENT
7904,2018,44,DUTCH STAR,FUEL SYSTEM
7905,2018,44,DUTCH STAR,FUEL SYSTEM
7906,2018,44,DUTCH STAR,EXTERIOR LIGHTING
7907,2018,44,DUTCH STAR,SUSPENSION
7908,2018,44,DUTCH STAR,EQUIPMENT
7909,2018,44,DUTCH STAR,EXTERIOR LIGHTING
7910,2018,44,DUTCH STAR,ELECTRICAL SYSTEM
7911,2018,44,DUTCH STAR,EQUIPMENT
7912,2018,375,579,ELECTRONIC STABILITY CONTROL (ESC)
7913,2018,375,579,POWER TRAIN
7914,2018,375,579,ELECTRONIC STABILITY CONTROL (ESC)
7915,2018,375,579,ENGINE AND ENGINE COOLING
7916,2018,375,579,SEAT BELTS
7917,2018,375,579,EXTERIOR LIGHTING
7918,2018,375,579,FUEL SYSTEM
7919,2018,375,579,ELECTRICAL SYSTEM
7920,2018,375,579,POWER TRAIN
7921,2018,375,579,FUEL SYSTEM
7922,2018,375,579,ELECTRICAL SYSTEM
7923,2018,375,579,ELECTRICAL SYSTEM
7924,2018,375,579,ELECTRONIC STABILITY CONTROL (ESC)
7925,2018,375,579,STEERING
7926,2018,1800,RS5,AIR BAGS
7927,2018,1800,RS5,ELECTRICAL SYSTEM
7928,2018,1800,RS5,SEATS
7929,2018,119,FLAGSTAFF,SUSPENSION
7930,2018,119,FLAGSTAFF,LATCHES/LOCKS/LINKAGES
7931,2018,119,FLAGSTAFF,EQUIPMENT
7932,2018,119,FLAGSTAFF,SUSPENSION
7933,2018,119,FLAGSTAFF,EQUIPMENT
7934,2018,193,CHIEFTAIN,ELECTRICAL SYSTEM
7935,2018,193,CHIEFTAIN,EXTERIOR LIGHTING
7936,2018,193,CHIEFTAIN,ELECTRICAL SYSTEM
7937,2018,193,CHIEFTAIN,EXTERIOR LIGHTING
7938,2018,155,RDX,FUEL SYSTEM
7939,2018,64,WHITE HAWK,EQUIPMENT
7940,2018,1,PANAMERA TURBO,SUSPENSION
7941,2018,1,PANAMERA TURBO,ELECTRICAL SYSTEM
7942,2018,1,PANAMERA TURBO,ELECTRICAL SYSTEM
7943,2018,1,PANAMERA TURBO,ELECTRICAL SYSTEM
7944,2018,57,F-TYPE,EXTERIOR LIGHTING
7945,2018,57,F-TYPE,FUEL SYSTEM
7946,2018,57,F-TYPE,AIR BAGS
7947,2018,146,RIDGELINE,FUEL SYSTEM
7948,2018,146,RIDGELINE,SEATS
7949,2018,146,RIDGELINE,EQUIPMENT
7950,2018,146,RIDGELINE,STRUCTURE
7951,2018,146,RIDGELINE,BACK OVER PREVENTION
7952,2018,146,RIDGELINE,FUEL SYSTEM
7953,2018,1800,SQ5,ELECTRICAL SYSTEM
7954,2018,1800,SQ5,SERVICE BRAKES
7955,2018,1800,SQ5,WHEELS
7956,2018,1800,SQ5,STRUCTURE
7957,2018,1800,SQ5,SERVICE BRAKES
7958,2018,77,F-550,ENGINE
7959,2018,77,F-550,EXTERIOR LIGHTING
7960,2018,77,F-550,EQUIPMENT
7961,2018,77,F-550,EQUIPMENT
7962,2018,77,F-550,EQUIPMENT
7963,2018,77,F-550,EXTERIOR LIGHTING
7964,2018,77,F-550,EXTERIOR LIGHTING
7965,2018,77,F-550,EXTERIOR LIGHTING
7966,2018,77,F-550,EXTERIOR LIGHTING
7967,2018,77,F-550,EXTERIOR LIGHTING
7968,2018,146,GL1800,FUEL SYSTEM
7969,2018,146,GL1800,ENGINE AND ENGINE COOLING
7970,2018,15,TUNDRA,STEERING
7971,2018,15,TUNDRA,EXTERIOR LIGHTING
7972,2018,15,TUNDRA,EXTERIOR LIGHTING
7973,2018,15,TUNDRA,STEERING
7974,2018,15,TUNDRA,FUEL SYSTEM
7975,2018,15,TUNDRA,ELECTRICAL SYSTEM
7976,2018,15,TUNDRA,EQUIPMENT
7977,2018,15,TUNDRA,EQUIPMENT
7978,2018,15,TUNDRA,ELECTRONIC STABILITY CONTROL (ESC)
7979,2018,1357,CX-5,AIR BAGS
7980,2018,1357,CX-5,ENGINE
7981,2018,1357,CX-5,FUEL SYSTEM
7982,2018,77,ECOSPORT,EQUIPMENT
7983,2018,77,ECOSPORT,ENGINE AND ENGINE COOLING
7984,2018,4,CATALINA,EQUIPMENT
7985,2018,193,CHIEF VINTAGE,EXTERIOR LIGHTING
7986,2018,193,CHIEF VINTAGE,ELECTRICAL SYSTEM
7987,2018,193,CHIEF VINTAGE,EXTERIOR LIGHTING
7988,2018,146,CRF1000A,STRUCTURE
7989,2018,98,G3500,EXTERIOR LIGHTING
7990,2018,1800,S4,AIR BAGS
7991,2018,1800,S4,SEATS
7992,2018,4300,BENTAYGA,BACK OVER PREVENTION
7993,2018,4300,BENTAYGA,SEAT BELTS
7994,2018,4300,BENTAYGA,AIR BAGS
7995,2018,4300,BENTAYGA,FUEL SYSTEM
7996,2018,145,FLHCS,SUSPENSION
7997,2018,145,FLHCS,SUSPENSION
7998,2018,1579,ISATA,EQUIPMENT
7999,2018,1579,ISATA,POWER TRAIN
8000,2018,1579,ISATA,ENGINE AND ENGINE COOLING
8001,2018,562,ARMADA,BACK OVER PREVENTION
8002,2018,306,M5,ELECTRICAL SYSTEM
8003,2018,306,M5,BACK OVER PREVENTION
8004,2018,306,M5,FUEL SYSTEM
8005,2018,1,MACAN S,ELECTRICAL SYSTEM
8006,2018,1,MACAN S,AIR BAGS
8007,2018,1,MACAN S,EQUIPMENT
8008,2018,1,MACAN S,EXTERIOR LIGHTING
8009,2018,1,MACAN S,SEAT BELTS
8010,2018,21,ALLEGRO BREEZE,SEAT BELTS
8011,2018,21,ALLEGRO BREEZE,ELECTRICAL SYSTEM
8012,2018,8,ELANTRA GT,ELECTRICAL SYSTEM
8013,2018,2748,NINJA,STRUCTURE
8014,2018,2748,NINJA,POWER TRAIN
8015,2018,145,FLHX,POWER TRAIN
8016,2018,119,WILDWOOD,ELECTRICAL SYSTEM
8017,2018,119,WILDWOOD,EQUIPMENT
8018,2018,119,WILDWOOD,TRAILER HITCHES
8019,2018,119,WILDWOOD,TIRES
8020,2018,119,WILDWOOD,EQUIPMENT
8021,2018,119,WILDWOOD,EQUIPMENT
8022,2018,119,WILDWOOD,EQUIPMENT
8023,2018,119,WILDWOOD,ELECTRICAL SYSTEM
8024,2018,1800,TT,FUEL SYSTEM
8025,2018,1800,TT,FUEL SYSTEM
8026,2018,17,OPTIMA,HYBRID PROPULSION SYSTEM
8027,2018,17,OPTIMA,LATCHES/LOCKS/LINKAGES
8028,2018,64,PRECEPT,SERVICE BRAKES
8029,2018,64,PRECEPT,VISIBILITY
8030,2018,64,PRECEPT,EQUIPMENT
8031,2018,64,PRECEPT,ELECTRICAL SYSTEM
8032,2018,82,EQUINOX,SERVICE BRAKES
8033,2018,82,EQUINOX,FUEL SYSTEM
8034,2018,82,EQUINOX,VISIBILITY
8035,2018,82,EQUINOX,POWER TRAIN
8036,2018,82,EQUINOX,POWER TRAIN
8037,2018,82,IMPALA,SERVICE BRAKES
8038,2018,9,CHEROKEE,FUEL SYSTEM
8039,2018,9,CHEROKEE,POWER TRAIN
8040,2018,9,CHEROKEE,ELECTRICAL SYSTEM
8041,2018,9,CHEROKEE,EQUIPMENT
8042,2018,9,CHEROKEE,ELECTRICAL SYSTEM
8043,2018,9,CHEROKEE,ENGINE AND ENGINE COOLING
8044,2018,9,CHEROKEE,POWER TRAIN
8045,2018,17,STINGER,ELECTRICAL SYSTEM
8046,2018,17,STINGER,SERVICE BRAKES
8047,2018,17,STINGER,FUEL SYSTEM
8048,2018,17,STINGER,ENGINE AND ENGINE COOLING
8049,2018,288,PIONEER,ELECTRICAL SYSTEM
8050,2018,288,PIONEER,EQUIPMENT
8051,2018,288,PIONEER,EQUIPMENT
8052,2018,288,PIONEER,EQUIPMENT
8053,2018,562,TITAN,EQUIPMENT
8054,2018,562,TITAN,BACK OVER PREVENTION
8055,2018,562,TITAN,ELECTRICAL SYSTEM
8056,2018,562,TITAN,TIRES
8057,2018,2253,MULTISTRADA,SERVICE BRAKES
8058,2018,2,FORZA,EQUIPMENT
8059,2018,2,FORZA,STRUCTURE
8060,2018,2,FORZA,EQUIPMENT
8061,2018,2,FORZA,EXTERIOR LIGHTING
8062,2018,2,FORZA,LATCHES/LOCKS/LINKAGES
8063,2018,1,PANAMERA 4 E-HYBRID,SEAT BELTS
8064,2018,452,OUTBACK,VISIBILITY
8065,2018,452,OUTBACK,ELECTRICAL SYSTEM
8066,2018,452,OUTBACK,FUEL SYSTEM
8067,2018,1009,INTERNATIONAL,EQUIPMENT
8068,2018,1357,CX-3,BACK OVER PREVENTION
8069,2018,1,PANAMERA 4S SPORT TURISMO,SUSPENSION
8070,2018,1,PANAMERA 4S SPORT TURISMO,ELECTRICAL SYSTEM
8071,2018,1,PANAMERA 4S SPORT TURISMO,ELECTRICAL SYSTEM
8072,2018,1,PANAMERA 4S SPORT TURISMO,ELECTRICAL SYSTEM
8073,2018,2,JOURNEY,ELECTRICAL SYSTEM
8074,2018,2,JOURNEY,ELECTRICAL SYSTEM
8075,2018,2,JOURNEY,EQUIPMENT
8076,2018,2,JOURNEY,EXTERIOR LIGHTING
8077,2018,128,CTS,STEERING
8078,2018,128,CTS,STEERING
8079,2018,77,FLEX,SUSPENSION
8080,2018,77,FLEX,BACK OVER PREVENTION
8081,2018,77,FLEX,STRUCTURE
8082,2018,119,SANDPIPER,EQUIPMENT
8083,2018,119,SANDPIPER,EQUIPMENT
8084,2018,4946,2285,EQUIPMENT
8085,2018,1014,CASCADIA,STEERING
8086,2018,1014,CASCADIA,AIR BAGS
8087,2018,1014,CASCADIA,ENGINE AND ENGINE COOLING
8088,2018,1014,CASCADIA,SERVICE BRAKES
8089,2018,1014,CASCADIA,SERVICE BRAKES
8090,2018,1014,CASCADIA,SERVICE BRAKES
8091,2018,1014,CASCADIA,ELECTRICAL SYSTEM
8092,2018,1014,CASCADIA,SERVICE BRAKES
8093,2018,1014,CASCADIA,EXTERIOR LIGHTING
8094,2018,1014,CASCADIA,EXTERIOR LIGHTING
8095,2018,1014,CASCADIA,EXTERIOR LIGHTING
8096,2018,1014,CASCADIA,POWER TRAIN
8097,2018,1014,CASCADIA,EXTERIOR LIGHTING
8098,2018,1014,CASCADIA,SERVICE BRAKES
8099,2018,1014,CASCADIA,STEERING
8100,2018,1014,CASCADIA,STEERING
8101,2018,1014,CASCADIA,EXTERIOR LIGHTING
8102,2018,1014,CASCADIA,POWER TRAIN
8103,2018,1014,CASCADIA,POWER TRAIN
8104,2018,1014,CASCADIA,SERVICE BRAKES
8105,2018,1014,CASCADIA,AIR BAGS
8106,2018,1014,CASCADIA,SERVICE BRAKES
8107,2018,1014,CASCADIA,SERVICE BRAKES
8108,2018,1014,CASCADIA,EQUIPMENT
8109,2018,1014,CASCADIA,SERVICE BRAKES
8110,2018,1014,CASCADIA,ELECTRONIC STABILITY CONTROL (ESC)
8111,2018,194,METRIS,POWER TRAIN
8112,2018,194,METRIS,UNKNOWN OR OTHER
8113,2018,194,METRIS,ELECTRICAL SYSTEM
8114,2018,194,METRIS,UNKNOWN OR OTHER
8115,2018,194,METRIS,ELECTRICAL SYSTEM
8116,2018,194,METRIS,STEERING
8117,2018,194,METRIS,SERVICE BRAKES
8118,2018,194,METRIS,BACK OVER PREVENTION
8119,2018,194,METRIS,FUEL SYSTEM
8120,2018,194,METRIS,TIRES
8121,2018,82,TAHOE,SERVICE BRAKES
8122,2018,82,TAHOE,SERVICE BRAKES
8123,2018,82,TAHOE,SERVICE BRAKES
8124,2018,3383,HIMALAYAN,SERVICE BRAKES
8125,2018,375,567,ELECTRONIC STABILITY CONTROL (ESC)
8126,2018,375,567,POWER TRAIN
8127,2018,375,567,ENGINE AND ENGINE COOLING
8128,2018,375,567,SEAT BELTS
8129,2018,375,567,FUEL SYSTEM
8130,2018,375,567,ELECTRICAL SYSTEM
8131,2018,375,567,POWER TRAIN
8132,2018,375,567,FUEL SYSTEM
8133,2018,375,567,ELECTRICAL SYSTEM
8134,2018,375,567,FUEL SYSTEM
8135,2018,375,567,ELECTRICAL SYSTEM
8136,2018,375,567,ELECTRONIC STABILITY CONTROL (ESC)
8137,2018,375,567,STEERING
8138,2018,306,K 1600 GTL,POWER TRAIN
8139,2018,2253,MONSTER 821,SERVICE BRAKES
8140,2018,2253,MONSTER 821,SERVICE BRAKES
8141,2018,2253,MONSTER 821,POWER TRAIN
8142,2018,1800,A4,AIR BAGS
8143,2018,1800,A4,AIR BAGS
8144,2018,1800,A4,STRUCTURE
8145,2018,1800,A4,SEATS
8146,2018,145,FLHTK,POWER TRAIN
8147,2018,145,FLHTK,VISIBILITY
8148,2018,1,PANAMERA 4S,SUSPENSION
8149,2018,1,PANAMERA 4S,ELECTRICAL SYSTEM
8150,2018,1,PANAMERA 4S,ELECTRICAL SYSTEM
8151,2018,1,PANAMERA 4S,ELECTRICAL SYSTEM
8152,2018,37,PASSAT,SERVICE BRAKES
8153,2018,37,PASSAT,SERVICE BRAKES
8154,2018,37,PASSAT,EXTERIOR LIGHTING
8155,2018,37,PASSAT,UNKNOWN OR OTHER
8156,2018,146,CLARITY PLUG-IN HYBRID,FUEL SYSTEM
8157,2018,193,CHIEFTAIN LIMITED,EXTERIOR LIGHTING
8158,2018,193,CHIEFTAIN LIMITED,ELECTRICAL SYSTEM
8159,2018,193,CHIEFTAIN LIMITED,EXTERIOR LIGHTING
8160,2018,145,FLTRXSE,POWER TRAIN
8161,2018,77,TAURUS,ELECTRICAL SYSTEM
8162,2018,77,TAURUS,SUSPENSION
8163,2018,77,TAURUS,STRUCTURE
8164,2018,77,TAURUS,BACK OVER PREVENTION
8165,2018,1564,LS500,FUEL SYSTEM
8166,2018,1564,LS500,FUEL SYSTEM
8167,2018,423,VITPILEN 701,POWER TRAIN
8168,2018,423,VITPILEN 701,FUEL SYSTEM
8169,2018,423,VITPILEN 701,STRUCTURE
8170,2018,82,CRUZE,POWER TRAIN
8171,2018,82,CRUZE,SERVICE BRAKES
8172,2018,82,CRUZE,FUEL SYSTEM
8173,2018,17,RIO,LATCHES/LOCKS/LINKAGES
8174,2018,15,SIENNA,FUEL SYSTEM
8175,2018,15,SIENNA,FUEL SYSTEM
8176,2018,15,SIENNA,STEERING
8177,2018,15,SIENNA,SERVICE BRAKES
8178,2018,15,SIENNA,EQUIPMENT
8179,2018,15,SIENNA,SERVICE BRAKES
8180,2018,15,SIENNA,WHEELS
8181,2018,7148,SR,EQUIPMENT
8182,2018,562,VERSA,ELECTRICAL SYSTEM
8183,2018,562,VERSA,BACK OVER PREVENTION
8184,2018,64,JAY FLIGHT,EQUIPMENT
8185,2018,21,ALLEGRO,SEAT BELTS
8186,2018,21,ALLEGRO,EQUIPMENT
8187,2018,21,ALLEGRO,ELECTRICAL SYSTEM
8188,2018,908,ASPIRE,FUEL SYSTEM
8189,2018,908,ASPIRE,WHEELS
8190,2018,908,ASPIRE,SUSPENSION
8191,2018,908,ASPIRE,EXTERIOR LIGHTING
8192,2018,908,ASPIRE,SERVICE BRAKES
8193,2018,908,CORNERSTONE,WHEELS
8194,2018,908,CORNERSTONE,SUSPENSION
8195,2018,908,CORNERSTONE,FUEL SYSTEM
8196,2018,908,CORNERSTONE,EXTERIOR LIGHTING
8197,2018,3167,PREMIERE,EQUIPMENT
8198,2024,1419,T880,STEERING
8199,2024,1419,T880,STEERING
8200,2024,1419,T880,POWER TRAIN
8201,2024,1419,T880,STEERING
8202,2024,1419,T880,SERVICE BRAKES
8203,2024,1419,T880,EXTERIOR LIGHTING
8204,2024,1419,T880,ELECTRICAL SYSTEM
8205,2024,119,R-POD,SUSPENSION
8206,2024,155,MDX,SERVICE BRAKES
8207,2024,146,RIDGELINE,BACK OVER PREVENTION
8208,2024,8,ELANTRA,ENGINE AND ENGINE COOLING
8209,2024,194,GLC 300 4MATIC,STRUCTURE
8210,2024,194,GLC 300 4MATIC,STEERING
8211,2024,584,RANGE ROVER,ENGINE AND ENGINE COOLING
8212,2024,584,RANGE ROVER,STRUCTURE
8213,2024,584,RANGE ROVER,POWER TRAIN
8214,2024,584,RANGE ROVER,ENGINE AND ENGINE COOLING
8215,2024,584,RANGE ROVER,BACK OVER PREVENTION
8216,2024,562,MURANO,VISIBILITY
8217,2024,145,FLHCS,SUSPENSION
8218,2024,82,BLAZER EV,STRUCTURE
8219,2024,82,BLAZER EV,ELECTRICAL SYSTEM
8220,2024,82,BLAZER EV,SUSPENSION
8221,2024,82,BLAZER EV,PARKING BRAKE
8222,2024,1,TAYCAN,ELECTRICAL SYSTEM
8223,2024,1,TAYCAN,ELECTRICAL SYSTEM
8224,2024,1,TAYCAN,SERVICE BRAKES
8225,2024,1,TAYCAN,EXTERIOR LIGHTING
8226,2024,1,TAYCAN,ELECTRICAL SYSTEM
8227,2024,145,FXLRS,SUSPENSION
8228,2024,82,CORVETTE,SEAT BELTS
8229,2024,82,CORVETTE,FUEL SYSTEM
8230,2024,194,SPRINTER 1500,SUSPENSION
8231,2024,194,SPRINTER 1500,PARKING BRAKE
8232,2024,17,CARNIVAL,STRUCTURE
8233,2024,1800,Q4 SPORTBACK E-TRON,ELECTRICAL SYSTEM
8234,2024,15,HIGHLANDER,TIRES
8235,2024,15,HIGHLANDER,TIRES
8236,2024,15,HIGHLANDER,EQUIPMENT
8237,2024,15,HIGHLANDER,ELECTRICAL SYSTEM
8238,2024,15,HIGHLANDER,BACK OVER PREVENTION
8239,2024,306,K 1600 B,SUSPENSION
8240,2024,119,SANDPIPER,SERVICE BRAKES
8241,2024,119,SANDPIPER,STRUCTURE
8242,2024,505,ANTHEM (AN),ELECTRONIC STABILITY CONTROL (ESC)
8243,2024,505,ANTHEM (AN),VEHICLE SPEED CONTROL
8244,2024,505,ANTHEM (AN),STEERING
8245,2024,505,ANTHEM (AN),SEATS
8246,2024,505,ANTHEM (AN),SERVICE BRAKES
8247,2024,505,ANTHEM (AN),SEAT BELTS
8248,2024,21,ALLEGRO BAY,EQUIPMENT
8249,2024,21,ALLEGRO BAY,ELECTRICAL SYSTEM
8250,2024,21,ALLEGRO BAY,STRUCTURE
8251,2024,452,IMPREZA,ELECTRICAL SYSTEM
8252,2024,452,IMPREZA,POWER TRAIN
8253,2024,288,CYCLONE,STRUCTURE
8254,2024,128,XT6,VISIBILITY
8255,2024,128,XT6,ELECTRICAL SYSTEM
8256,2024,8,VENUE,ENGINE AND ENGINE COOLING
8257,2024,306,530I,ELECTRICAL SYSTEM
8258,2024,306,530I,ELECTRONIC STABILITY CONTROL (ESC)
8259,2024,306,530I,ELECTRONIC STABILITY CONTROL (ESC)
8260,2024,306,530I,ELECTRONIC STABILITY CONTROL (ESC)
8261,2024,344,FTR,FORWARD COLLISION AVOIDANCE
8262,2024,344,FTR,FUEL SYSTEM
8263,2024,344,FTR,SUSPENSION
8264,2024,2,EKKO,ELECTRICAL SYSTEM
8265,2024,2,EKKO,EQUIPMENT
8266,2024,2,EKKO,EQUIPMENT
8267,2024,2,EKKO,TIRES
8268,2024,2,EKKO,AIR BAGS
8269,2024,2,EKKO,TIRES
8270,2024,1497,XC40,ELECTRICAL SYSTEM
8271,2024,1497,XC40,BACK OVER PREVENTION
8272,2024,1497,XC40,SERVICE BRAKES
8273,2024,145,FLTRXSE,ELECTRICAL SYSTEM
8274,2024,618,FLAIR,STRUCTURE
8275,2024,618,FLAIR,EQUIPMENT
8276,2024,618,FLAIR,ENGINE AND ENGINE COOLING
8277,2024,110,GV60,ELECTRICAL SYSTEM
8278,2024,110,GV60,BACK OVER PREVENTION
8279,2024,110,GV60,ELECTRICAL SYSTEM
8280,2024,110,GV60,ELECTRICAL SYSTEM
8281,2024,110,GV60,STRUCTURE
8282,2024,423,FE 350S,SERVICE BRAKES
8283,2024,17,SORENTO,ELECTRICAL SYSTEM
8284,2024,17,SORENTO,ELECTRICAL SYSTEM
8285,2024,306,X6,AIR BAGS
8286,2024,306,X6,AIR BAGS
8287,2024,306,X6,ELECTRONIC STABILITY CONTROL (ESC)
8288,2024,306,X6,ELECTRONIC STABILITY CONTROL (ESC)
8289,2024,37,ID.4,STRUCTURE
8290,2024,37,ID.4,AIR BAGS
8291,2024,37,ID.4,STRUCTURE
8292,2024,37,ID.4,ELECTRICAL SYSTEM
8293,2024,37,ID.4,SERVICE BRAKES
8294,2024,150,TONALE,ELECTRICAL SYSTEM
8295,2024,150,TONALE,BACK OVER PREVENTION
8296,2024,150,TONALE,EQUIPMENT
8297,2024,150,TONALE,EQUIPMENT
8298,2024,150,TONALE,SERVICE BRAKES
8299,2024,150,TONALE,BACK OVER PREVENTION
8300,2024,1419,T680,STEERING
8301,2024,1419,T680,SERVICE BRAKES
8302,2024,1419,T680,POWER TRAIN
8303,2024,1419,T680,SERVICE BRAKES
8304,2024,1419,T680,ELECTRICAL SYSTEM
8305,2024,1419,T680,EXTERIOR LIGHTING
8306,2024,1419,T680,ELECTRICAL SYSTEM
8307,2024,77,EXPLORER,HYBRID PROPULSION SYSTEM
8308,2024,77,EXPLORER,EQUIPMENT
8309,2024,77,EXPLORER,SEATS
8310,2024,77,EXPLORER,BACK OVER PREVENTION
8311,2024,77,EXPLORER,TRAILER HITCHES
8312,2024,783,K3,ELECTRICAL SYSTEM
8313,2024,783,K3,STEERING
8314,2024,16,ENVISTA,ELECTRICAL SYSTEM
8315,2024,98,SIERRA 3500,STEERING
8316,2024,98,SIERRA 3500,LATCHES/LOCKS/LINKAGES
8317,2024,98,SIERRA 3500,LATCHES/LOCKS/LINKAGES
8318,2024,77,MUSTANG,SERVICE BRAKES
8319,2024,77,MUSTANG,FUEL SYSTEM
8320,2024,77,MUSTANG,POWER TRAIN
8321,2024,77,MUSTANG,SERVICE BRAKES
8322,2024,77,MUSTANG,SUSPENSION
8323,2024,77,MUSTANG,FUEL SYSTEM
8324,2024,77,MUSTANG,ELECTRICAL SYSTEM
8325,2024,77,MUSTANG,BACK OVER PREVENTION
8326,2024,77,MUSTANG,ELECTRICAL SYSTEM
8327,2024,77,MUSTANG,EXTERIOR LIGHTING
8328,2024,21,ALLEGRO OPEN ROAD,EQUIPMENT
8329,2024,21,ALLEGRO OPEN ROAD,EQUIPMENT
8330,2024,306,IX,ELECTRICAL SYSTEM
8331,2024,306,IX,VEHICLE SPEED CONTROL
8332,2024,306,IX,ELECTRICAL SYSTEM
8333,2024,306,IX,ELECTRICAL SYSTEM
8334,2024,306,R 1300 GS,ELECTRICAL SYSTEM
8335,2024,15,4RUNNER,EQUIPMENT
8336,2024,155,RDX,STEERING
8337,2024,146,CBR650R,POWER TRAIN
8338,2024,146,PILOT,STEERING
8339,2024,146,PILOT,SEATS
8340,2024,146,PILOT,FUEL SYSTEM
8341,2024,146,PILOT,FUEL SYSTEM
8342,2024,146,PILOT,SERVICE BRAKES
8343,2024,146,PROLOGUE,SUSPENSION
8344,2024,562,PATHFINDER,AIR BAGS
8345,2024,562,PATHFINDER,SEAT BELTS
8346,2024,119,GEORGETOWN,EQUIPMENT
8347,2024,119,GEORGETOWN,EQUIPMENT
8348,2024,98,CANYON,FUEL SYSTEM
8349,2024,98,CANYON,EXTERIOR LIGHTING
8350,2024,3,INDIGO,EQUIPMENT
8351,2024,3,INDIGO,EQUIPMENT
8352,2024,2,MICRO MINNIE,EQUIPMENT
8353,2024,584,RANGE ROVER SPORT,STRUCTURE
8354,2024,584,RANGE ROVER SPORT,POWER TRAIN
8355,2024,584,RANGE ROVER SPORT,ENGINE AND ENGINE COOLING
8356,2024,584,RANGE ROVER SPORT,BACK OVER PREVENTION
8357,2024,146,HR-V,SEAT BELTS
8358,2024,146,HR-V,STEERING
8359,2024,146,HR-V,SEATS
8360,2024,82,SUBURBAN,ENGINE AND ENGINE COOLING
8361,2024,375,579,PARKING BRAKE
8362,2024,375,579,FUEL SYSTEM
8363,2024,375,579,STEERING
8364,2024,375,579,POWER TRAIN
8365,2024,375,579,SERVICE BRAKES
8366,2024,375,579,ELECTRICAL SYSTEM
8367,2024,375,579,EXTERIOR LIGHTING
8368,2024,110,G90,ELECTRICAL SYSTEM
8369,2024,98,YUKON,SERVICE BRAKES
8370,2024,98,YUKON,ENGINE AND ENGINE COOLING
8371,2024,98,YUKON,FUEL SYSTEM
8372,2024,15,CAMRY,SEATS
8373,2024,119,FR3,EQUIPMENT
8374,2024,119,FR3,EQUIPMENT
8375,2024,1357,MAZDA3,BACK OVER PREVENTION
8376,2024,1357,MAZDA3,LANE DEPARTURE
8377,2024,1357,MAZDA3,AIR BAGS
8378,2024,77,BRONCO,VISIBILITY
8379,2024,77,BRONCO,LATCHES/LOCKS/LINKAGES
8380,2024,77,BRONCO,SUSPENSION
8381,2024,77,BRONCO,SUSPENSION
8382,2024,77,BRONCO,POWER TRAIN
8383,2024,77,BRONCO,SUSPENSION
8384,2024,77,BRONCO,LATCHES/LOCKS/LINKAGES
8385,2024,77,BRONCO,SUSPENSION
8386,2024,77,BRONCO,BACK OVER PREVENTION
8387,2024,77,BRONCO,FUEL SYSTEM
8388,2024,77,BRONCO,EQUIPMENT
8389,2024,8,TUCSON,EQUIPMENT
8390,2024,8,TUCSON,POWER TRAIN
8391,2024,8,TUCSON,STEERING
8392,2024,110,GV70,ELECTRICAL SYSTEM
8393,2024,110,GV70,ELECTRICAL SYSTEM
8394,2024,13,QX50,AIR BAGS
8395,2024,15,LAND CRUISER,BACK OVER PREVENTION
8396,2024,908,ETHOS,FUEL SYSTEM
8397,2024,908,ETHOS,EQUIPMENT
8398,2024,908,ETHOS,BACK OVER PREVENTION
8399,2024,908,ETHOS,EQUIPMENT
8400,2024,15,COROLLA,EQUIPMENT
8401,2024,15,COROLLA,STEERING
8402,2024,620,AIR,FORWARD COLLISION AVOIDANCE
8403,2024,620,AIR,VISIBILITY
8404,2024,620,AIR,ELECTRICAL SYSTEM
8405,2024,620,AIR,POWER TRAIN
8406,2024,620,AIR,BACK OVER PREVENTION
8407,2024,37,ATLAS CROSS SPORT,ENGINE AND ENGINE COOLING
8408,2024,37,ATLAS CROSS SPORT,AIR BAGS
8409,2024,37,ATLAS CROSS SPORT,BACK OVER PREVENTION
8410,2024,37,ATLAS CROSS SPORT,SERVICE BRAKES
8411,2024,37,ATLAS CROSS SPORT,ENGINE
8412,2024,37,ATLAS CROSS SPORT,BACK OVER PREVENTION
8413,2024,37,ATLAS CROSS SPORT,SERVICE BRAKES
8414,2024,599,PACIFICA,AIR BAGS
8415,2024,599,PACIFICA,VISIBILITY
8416,2024,599,PACIFICA,TRACTION CONTROL SYSTEM
8417,2024,599,PACIFICA,SEATS
8418,2024,599,PACIFICA,AIR BAGS
8419,2024,599,PACIFICA,EQUIPMENT
8420,2024,17,SELTOS,POWER TRAIN
8421,2024,17,SELTOS,AIR BAGS
8422,2024,1800,Q8,AIR BAGS
8423,2024,1800,Q8,AIR BAGS
8424,2024,128,XT4,EQUIPMENT
8425,2024,98,SIERRA 1500,ENGINE AND ENGINE COOLING
8426,2024,15,BZ4X,EQUIPMENT
8427,2024,15,BZ4X,VISIBILITY
8428,2024,15,BZ4X,BACK OVER PREVENTION
8429,2024,15,RAV4 PRIME,ELECTRICAL SYSTEM
8430,2024,15,RAV4 PRIME,BACK OVER PREVENTION
8431,2024,15,GR86,EQUIPMENT
8432,2024,562,ROGUE,BACK OVER PREVENTION
8433,2024,562,ROGUE,ENGINE AND ENGINE COOLING
8434,2024,575,ENTRADA,EQUIPMENT
8435,2024,575,ENTRADA,ELECTRICAL SYSTEM
8436,2024,82,EQUINOX EV,FORWARD COLLISION AVOIDANCE
8437,2024,16,ENVISION,EQUIPMENT
8438,2024,77,F-600 SD,BACK OVER PREVENTION
8439,2024,1800,Q5,ELECTRICAL SYSTEM
8440,2024,1800,Q5,AIR BAGS
8441,2024,1800,Q5,ELECTRICAL SYSTEM
8442,2024,1800,Q5,ENGINE
8443,2024,1357,CX-30,LANE DEPARTURE
8444,2024,1357,CX-30,AIR BAGS
8445,2024,155,TLX,SERVICE BRAKES
8446,2024,2748,NINJA ZX-6R,ENGINE AND ENGINE COOLING
8447,2024,37,GOLF R,BACK OVER PREVENTION
8448,2024,562,SENTRA,AIR BAGS
8449,2024,562,SENTRA,POWER TRAIN
8450,2024,562,SENTRA,VISIBILITY
8451,2024,306,XM,ELECTRONIC STABILITY CONTROL (ESC)
8452,2024,306,XM,STRUCTURE
8453,2024,306,XM,SEAT BELTS
8454,2024,306,XM,ELECTRONIC STABILITY CONTROL (ESC)
8455,2024,306,XM,ELECTRONIC STABILITY CONTROL (ESC)
8456,2024,8456,S2 DEL MAR,ELECTRICAL SYSTEM
8457,2024,8456,S2 DEL MAR,SUSPENSION
8458,2024,8456,S2 DEL MAR,ELECTRICAL SYSTEM
8459,2024,17,SPORTAGE,STRUCTURE
8460,2024,17,SPORTAGE,STEERING
8461,2024,146,ADV160,ENGINE AND ENGINE COOLING
8462,2024,1357,MX-5,TRACTION CONTROL SYSTEM
8463,2024,82,SILVERADO 2500,STEERING
8464,2024,82,SILVERADO 2500,LATCHES/LOCKS/LINKAGES
8465,2024,82,SILVERADO 2500,LATCHES/LOCKS/LINKAGES
8466,2024,15,COROLLA CROSS HYBRID,EQUIPMENT
8467,2024,15,COROLLA CROSS HYBRID,SERVICE BRAKES
8468,2024,669,LT,ENGINE AND ENGINE COOLING
8469,2024,669,LT,SERVICE BRAKES
8470,2024,669,LT,EXTERIOR LIGHTING
8471,2024,669,LT,STEERING
8472,2024,669,LT,ELECTRICAL SYSTEM
8473,2024,669,LT,SERVICE BRAKES
8474,2024,17,NIRO,SEATS
8475,2024,375,389,STEERING
8476,2024,375,389,STEERING
8477,2024,375,389,POWER TRAIN
8478,2024,375,389,STEERING
8479,2024,375,389,SERVICE BRAKES
8480,2024,2,VITA,EQUIPMENT
8481,2024,2,VITA,ELECTRICAL SYSTEM
8482,2024,2,VITA,AIR BAGS
8483,2024,15,RAV4 HYBRID,BACK OVER PREVENTION
8484,2024,306,X4,STEERING
8485,2024,8,PALISADE,POWER TRAIN
8486,2024,8,PALISADE,AIR BAGS
8487,2024,8,PALISADE,ENGINE AND ENGINE COOLING
8488,2024,8,PALISADE,SEAT BELTS
8489,2024,155,ZDX,SERVICE BRAKES
8490,2024,155,ZDX,ELECTRICAL SYSTEM
8491,2024,155,ZDX,SUSPENSION
8492,2024,17,TELLURIDE,ENGINE AND ENGINE COOLING
8493,2024,17,TELLURIDE,POWER TRAIN
8494,2024,17,TELLURIDE,SEATS
8495,2024,17,TELLURIDE,STRUCTURE
8496,2024,13,QX60,EXTERIOR LIGHTING
8497,2024,13,QX60,AIR BAGS
8498,2024,13,QX60,SEAT BELTS
8499,2024,8499,TRE FCEV,FUEL SYSTEM
8500,2024,1800,Q4 E-TRON,ELECTRICAL SYSTEM
8501,2024,1800,Q4 E-TRON,EXTERIOR LIGHTING
8502,2024,1800,Q4 E-TRON,ELECTRICAL SYSTEM
8503,2024,15,TACOMA,EQUIPMENT
8504,2024,15,TACOMA,SERVICE BRAKES
8505,2024,15,TACOMA,ELECTRICAL SYSTEM
8506,2024,119,SALEM,STRUCTURE
8507,2024,119,SALEM,EQUIPMENT
8508,2024,119,SALEM,SUSPENSION
8509,2024,119,SALEM,STRUCTURE
8510,2024,119,SALEM,TRAILER HITCHES
8511,2024,119,SALEM,EQUIPMENT
8512,2024,119,SALEM,STRUCTURE
8513,2024,119,SALEM,TIRES
8514,2024,119,SALEM,ELECTRICAL SYSTEM
8515,2024,82,EQUINOX,STRUCTURE
8516,2024,64,NORTH POINT,EQUIPMENT
8517,2024,1726,INVICTA,EQUIPMENT
8518,2024,1726,INVICTA,STRUCTURE
8519,2024,1726,INVICTA,ENGINE AND ENGINE COOLING
8520,2024,1726,INVICTA,EQUIPMENT
8521,2024,1726,INVICTA,LATCHES/LOCKS/LINKAGES
8522,2024,15,GR COROLLA,EQUIPMENT
8523,2024,15,GR COROLLA,ELECTRICAL SYSTEM
8524,2024,3,CHATEAU,EQUIPMENT
8525,2024,146,CIVIC HATCHBACK,STEERING
8526,2024,146,CIVIC HATCHBACK,SEATS
8527,2024,306,X1,ELECTRONIC STABILITY CONTROL (ESC)
8528,2024,306,X1,ELECTRONIC STABILITY CONTROL (ESC)
8529,2024,37,ATLAS,ENGINE AND ENGINE COOLING
8530,2024,37,ATLAS,AIR BAGS
8531,2024,37,ATLAS,BACK OVER PREVENTION
8532,2024,37,ATLAS,SERVICE BRAKES
8533,2024,37,ATLAS,ENGINE
8534,2024,37,ATLAS,BACK OVER PREVENTION
8535,2024,37,ATLAS,SERVICE BRAKES
8536,2024,17,K5,STRUCTURE
8537,2024,82,TAHOE,SERVICE BRAKES
8538,2024,82,TAHOE,ENGINE AND ENGINE COOLING
8539,2024,82,TAHOE,FUEL SYSTEM
8540,2024,15,TUNDRA,EQUIPMENT
8541,2024,15,TUNDRA,POWER TRAIN
8542,2024,15,TUNDRA,EQUIPMENT
8543,2024,15,TUNDRA,TIRES
8544,2024,15,TUNDRA,EXTERIOR LIGHTING
8545,2024,15,TUNDRA,BACK OVER PREVENTION
8546,2024,15,TUNDRA,ENGINE AND ENGINE COOLING
8547,2024,128,ESCALADE,SERVICE BRAKES
8548,2024,128,ESCALADE,ENGINE AND ENGINE COOLING
8549,2024,67,R1S,EQUIPMENT
8550,2024,67,R1S,EXTERIOR LIGHTING
8551,2024,67,R1S,AIR BAGS
8552,2024,67,R1S,SEAT BELTS
8553,2024,2,VIEW,STRUCTURE
8554,2024,2,VIEW,ELECTRICAL SYSTEM
8555,2024,2,VIEW,STRUCTURE
8556,2024,2,VIEW,AIR BAGS
8557,2024,1,CAYENNE,EXTERIOR LIGHTING
8558,2024,1,CAYENNE,SUSPENSION
8559,2024,1,CAYENNE,FUEL SYSTEM
8560,2024,375,567,FUEL SYSTEM
8561,2024,375,567,STEERING
8562,2024,375,567,STEERING
8563,2024,375,567,POWER TRAIN
8564,2024,375,567,STEERING
8565,2024,375,567,SERVICE BRAKES
8566,2024,375,567,SERVICE BRAKES
8567,2024,375,567,EXTERIOR LIGHTING
8568,2024,193,CHALLENGER DARK HORSE,SUSPENSION
8569,2024,8,IONIQ 5,ELECTRICAL SYSTEM
8570,2024,8,IONIQ 5,ELECTRICAL SYSTEM
8571,2024,17,NIRO EV,POWER TRAIN
8572,2024,17,NIRO EV,SEATS
8573,2024,146,GL1800,FUEL SYSTEM
8574,2024,1649,MT10,VEHICLE SPEED CONTROL
8575,2024,145,FLTRX,ELECTRICAL SYSTEM
8576,2024,82,COLORADO,TIRES
8577,2024,82,COLORADO,FUEL SYSTEM
8578,2024,82,COLORADO,SEAT BELTS
8579,2024,306,I5,ELECTRICAL SYSTEM
8580,2024,306,I5,FORWARD COLLISION AVOIDANCE
8581,2024,306,I5,ELECTRONIC STABILITY CONTROL (ESC)
8582,2024,306,I5,ELECTRICAL SYSTEM
8583,2024,306,I5,ELECTRONIC STABILITY CONTROL (ESC)
8584,2024,306,I5,ELECTRICAL SYSTEM
8585,2024,37,TIGUAN,BACK OVER PREVENTION
8586,2024,1357,CX-50,TRAILER HITCHES
8587,2024,6413,VF8,AIR BAGS
8588,2024,6413,VF8,AIR BAGS
8589,2024,429,CYBERTRUCK,ELECTRICAL SYSTEM
8590,2024,429,CYBERTRUCK,VEHICLE SPEED CONTROL
8591,2024,429,CYBERTRUCK,STRUCTURE
8592,2024,429,CYBERTRUCK,VISIBILITY
8593,2024,429,CYBERTRUCK,BACK OVER PREVENTION
8594,2024,429,CYBERTRUCK,ELECTRICAL SYSTEM
8595,2024,429,CYBERTRUCK,TIRES
8596,2024,429,CYBERTRUCK,STRUCTURE
8597,2024,429,CYBERTRUCK,EXTERIOR LIGHTING
8598,2024,429,CYBERTRUCK,EXTERIOR LIGHTING
8599,2024,98,YUKON XL,SERVICE BRAKES
8600,2024,98,YUKON XL,ENGINE AND ENGINE COOLING
8601,2024,15,GRAND HIGHLANDER HYBRID,AIR BAGS
8602,2024,15,GRAND HIGHLANDER HYBRID,EQUIPMENT
8603,2024,15,GRAND HIGHLANDER HYBRID,BACK OVER PREVENTION
8604,2024,77,E-350,POWER TRAIN
8605,2024,9,GRAND CHEROKEE L,ELECTRICAL SYSTEM
8606,2024,9,GRAND CHEROKEE L,AIR BAGS
8607,2024,9,GRAND CHEROKEE L,ENGINE AND ENGINE COOLING
8608,2024,9,GRAND CHEROKEE L,BACK OVER PREVENTION
8609,2024,9,GRAND CHEROKEE L,SEATS
8610,2024,82,SILVERADO EV,SEAT BELTS
8611,2024,82,SILVERADO EV,SEAT BELTS
8612,2024,82,SILVERADO EV,ELECTRICAL SYSTEM
8613,2024,82,SILVERADO EV,SEAT BELTS
8614,2024,8,SANTA FE,BACK OVER PREVENTION
8615,2024,8,SANTA FE,POWER TRAIN
8616,2024,8,SANTA FE,AIR BAGS
8617,2024,8,SANTA FE,ELECTRICAL SYSTEM
8618,2024,8,SANTA FE,ELECTRICAL SYSTEM
8619,2024,57,E-PACE,SERVICE BRAKES
8620,2024,57,E-PACE,AIR BAGS
8621,2024,562,ALTIMA,STEERING
8622,2024,8,SONATA,EXTERIOR LIGHTING
8623,2024,14,NAVIGATOR,ENGINE AND ENGINE COOLING
8624,2024,14,NAVIGATOR,EQUIPMENT
8625,2024,14,NAVIGATOR,ENGINE AND ENGINE COOLING
8626,2024,14,NAVIGATOR,SERVICE BRAKES
8627,2024,14,NAVIGATOR,BACK OVER PREVENTION
8628,2024,15,RAV4,SERVICE BRAKES
8629,2024,15,RAV4,ELECTRICAL SYSTEM
8630,2024,15,RAV4,BACK OVER PREVENTION
8631,2024,9,GLADIATOR,ELECTRICAL SYSTEM
8632,2024,562,VERSA,AIR BAGS
8633,2024,1,PANAMERA,FUEL SYSTEM
8634,2024,98,SIERRA 2500 HD,LATCHES/LOCKS/LINKAGES
8635,2024,8635,MODEL Z,SUSPENSION
8636,2024,8635,MODEL Z,ELECTRICAL SYSTEM
8637,2024,8635,MODEL Z,TRAILER HITCHES
8638,2024,8635,MODEL Z,STRUCTURE
8639,2024,262,OUTLANDER,BACK OVER PREVENTION
8640,2024,77,BRONCO SPORT,ELECTRICAL SYSTEM
8641,2024,77,BRONCO SPORT,POWER TRAIN
8642,2024,77,BRONCO SPORT,VISIBILITY
8643,2024,77,BRONCO SPORT,POWER TRAIN
8644,2024,77,BRONCO SPORT,BACK OVER PREVENTION
8645,2024,77,BRONCO SPORT,FUEL SYSTEM
8646,2024,77,BRONCO SPORT,EQUIPMENT
8647,2024,119,SUNSEEKER,PARKING BRAKE
8648,2024,119,SUNSEEKER,EQUIPMENT
8649,2024,194,GLE 350 4MATIC,VISIBILITY
8650,2024,858,4500,STEERING
8651,2024,858,4500,AIR BAGS
8652,2024,9,WAGONEER S,EXTERIOR LIGHTING
8653,2024,9,WAGONEER S,POWER TRAIN
8654,2024,14,AVIATOR,BACK OVER PREVENTION
8655,2024,14,AVIATOR,EQUIPMENT
8656,2024,14,AVIATOR,SEATS
8657,2024,14,AVIATOR,STRUCTURE
8658,2024,14,AVIATOR,TRAILER HITCHES
8659,2024,1564,TX HYBRID,AIR BAGS
8660,2024,1564,TX HYBRID,BACK OVER PREVENTION
8661,2024,98,SIERRA 2500,STEERING
8662,2024,98,SIERRA 2500,LATCHES/LOCKS/LINKAGES
8663,2024,98,SIERRA 2500,LATCHES/LOCKS/LINKAGES
8664,2024,15,PRIUS PRIME,ELECTRICAL SYSTEM
8665,2024,15,PRIUS PRIME,EQUIPMENT
8666,2024,15,PRIUS PRIME,BACK OVER PREVENTION
8667,2024,110,GV80,ELECTRICAL SYSTEM
8668,2024,145,FXLRST,SERVICE BRAKES
8669,2024,145,FXLRST,SUSPENSION
8670,2024,8670,LIONC,ELECTRICAL SYSTEM
8671,2024,8670,LIONC,ENGINE AND ENGINE COOLING
8672,2024,8670,LIONC,SERVICE BRAKES
8673,2024,8670,LIONC,PARKING BRAKE
8674,2024,8670,LIONC,ELECTRICAL SYSTEM
8675,2024,3,QUANTUM,EQUIPMENT
8676,2024,145,FLHX,ELECTRICAL SYSTEM
8677,2024,584,DISCOVERY,ENGINE AND ENGINE COOLING
8678,2024,77,F-450 SD,BACK OVER PREVENTION
8679,2024,77,F-450 SD,BACK OVER PREVENTION
8680,2024,119,CHEROKEE,STRUCTURE
8681,2024,8,KONA,SEAT BELTS
8682,2024,8,KONA,ELECTRICAL SYSTEM
8683,2024,8,KONA,ENGINE AND ENGINE COOLING
8684,2024,146,ODYSSEY,STEERING
8685,2024,867,DL800,TIRES
8686,2024,119,STEALTH,ELECTRICAL SYSTEM
8687,2024,15,GRAND HIGHLANDER,AIR BAGS
8688,2024,15,GRAND HIGHLANDER,EQUIPMENT
8689,2024,15,GRAND HIGHLANDER,ELECTRICAL SYSTEM
8690,2024,15,GRAND HIGHLANDER,BACK OVER PREVENTION
8691,2024,77,ESCAPE,FORWARD COLLISION AVOIDANCE
8692,2024,77,ESCAPE,FUEL SYSTEM
8693,2024,77,ESCAPE,EQUIPMENT
8694,2024,77,ESCAPE,ELECTRICAL SYSTEM
8695,2024,77,ESCAPE,ELECTRICAL SYSTEM
8696,2024,77,ESCAPE,BACK OVER PREVENTION
8697,2024,77,ESCAPE,ELECTRICAL SYSTEM
8698,2024,77,ESCAPE,ENGINE
8699,2024,584,RANGE ROVER EVOQUE,BACK OVER PREVENTION
8700,2024,584,RANGE ROVER EVOQUE,AIR BAGS
8701,2024,306,X2,ELECTRONIC STABILITY CONTROL (ESC)
8702,2024,306,X2,ELECTRONIC STABILITY CONTROL (ESC)
8703,2024,98,SIERRA EV,ELECTRICAL SYSTEM
8704,2024,98,SIERRA EV,EXTERIOR LIGHTING
8705,2024,98,SIERRA EV,SEAT BELTS
8706,2024,452,SOLTERRA,VISIBILITY
8707,2024,452,SOLTERRA,BACK OVER PREVENTION
8708,2024,306,540I,ELECTRONIC STABILITY CONTROL (ESC)
8709,2024,15,VENZA,ELECTRICAL SYSTEM
8710,2024,128,LYRIQ,SEAT BELTS
8711,2024,128,LYRIQ,ELECTRICAL SYSTEM
8712,2024,128,LYRIQ,SERVICE BRAKES
8713,2024,128,LYRIQ,SUSPENSION
8714,2024,128,LYRIQ,EQUIPMENT
8715,2024,452,CROSSTREK,ELECTRICAL SYSTEM
8716,2024,452,CROSSTREK,POWER TRAIN
8717,2024,31,SOLITUDE,SUSPENSION
8718,2024,31,SOLITUDE,SUSPENSION
8719,2024,31,SOLITUDE,EQUIPMENT
8720,2024,128,XT5,VISIBILITY
8721,2024,128,XT5,AIR BAGS
8722,2024,128,XT5,ELECTRICAL SYSTEM
8723,2024,82,SILVERADO 3500,STEERING
8724,2024,82,SILVERADO 3500,LATCHES/LOCKS/LINKAGES
8725,2024,82,SILVERADO 3500,LATCHES/LOCKS/LINKAGES
8726,2024,77,EXPEDITION,ENGINE AND ENGINE COOLING
8727,2024,77,EXPEDITION,EQUIPMENT
8728,2024,77,EXPEDITION,ENGINE AND ENGINE COOLING
8729,2024,77,EXPEDITION,SERVICE BRAKES
8730,2024,77,EXPEDITION,BACK OVER PREVENTION
8731,2024,92,HORNET,ELECTRICAL SYSTEM
8732,2024,92,HORNET,BACK OVER PREVENTION
8733,2024,92,HORNET,EQUIPMENT
8734,2024,92,HORNET,EQUIPMENT
8735,2024,92,HORNET,SERVICE BRAKES
8736,2024,92,HORNET,BACK OVER PREVENTION
8737,2024,575,TANDARA,STRUCTURE
8738,2024,14,NAUTILUS,VISIBILITY
8739,2024,14,NAUTILUS,VISIBILITY
8740,2024,14,NAUTILUS,VISIBILITY
8741,2024,14,NAUTILUS,ELECTRICAL SYSTEM
8742,2024,14,NAUTILUS,ELECTRICAL SYSTEM
8743,2024,14,NAUTILUS,VISIBILITY
8744,2024,8744,H3-45,EXTERIOR LIGHTING
8745,2024,8744,H3-45,ELECTRICAL SYSTEM
8746,2024,8744,H3-45,FORWARD COLLISION AVOIDANCE
8747,2024,8744,H3-45,EQUIPMENT ADAPTIVE/MOBILITY
8748,2024,8744,H3-45,ELECTRICAL SYSTEM
8749,2024,8744,H3-45,EQUIPMENT
8750,2024,8744,H3-45,EQUIPMENT ADAPTIVE/MOBILITY
8751,2024,31,REFLECTION,ELECTRICAL SYSTEM
8752,2024,31,REFLECTION,ELECTRICAL SYSTEM
8753,2024,429,MODEL 3,AIR BAGS
8754,2024,429,MODEL 3,LATCHES/LOCKS/LINKAGES
8755,2024,429,MODEL 3,TIRES
8756,2024,429,MODEL 3,BACK OVER PREVENTION
8757,2024,3,FREEDOM ELITE,EQUIPMENT
8758,2024,2748,NINJA 500,POWER TRAIN
8759,2024,110,G80,ELECTRICAL SYSTEM
8760,2024,110,G80,ELECTRICAL SYSTEM
8761,2024,77,F-250 SD,BACK OVER PREVENTION
8762,2024,77,F-250 SD,BACK OVER PREVENTION
8763,2024,8,SANTA CRUZ,STEERING
8764,2024,15,SIENNA HYBRID,SEATS
8765,2024,146,CR-V HYBRID,STEERING
8766,2024,146,CR-V HYBRID,FUEL SYSTEM
8767,2024,119,IBEX,SUSPENSION
8768,2024,119,IBEX,EQUIPMENT
8769,2024,119,IBEX,EQUIPMENT
8770,2024,82,SILVERADO 1500,TRAILER HITCHES
8771,2024,82,SILVERADO 1500,ENGINE AND ENGINE COOLING
8772,2024,9,GRAND WAGONEER,BACK OVER PREVENTION
8773,2024,9,GRAND WAGONEER,SEAT BELTS
8774,2024,9,GRAND WAGONEER,AIR BAGS
8775,2024,9,GRAND WAGONEER,BACK OVER PREVENTION
8776,2024,9,GRAND WAGONEER,STRUCTURE
8777,2024,9,GRAND WAGONEER,STRUCTURE
8778,2024,155,INTEGRA,STEERING
8779,2024,155,INTEGRA,SEATS
8780,2024,6394,14GN,TIRES
8781,2024,15,TUNDRA HYBRID,POWER TRAIN
8782,2024,15,TUNDRA HYBRID,EQUIPMENT
8783,2024,15,TUNDRA HYBRID,TIRES
8784,2024,15,TUNDRA HYBRID,EXTERIOR LIGHTING
8785,2024,15,TUNDRA HYBRID,BACK OVER PREVENTION
8786,2024,858,PROMASTER,STRUCTURE
8787,2024,858,PROMASTER,BACK OVER PREVENTION
8788,2024,858,PROMASTER,ELECTRICAL SYSTEM
8789,2024,858,PROMASTER,ENGINE AND ENGINE COOLING
8790,2024,15,SEQUOIA HYBRID,POWER TRAIN
8791,2024,15,SEQUOIA HYBRID,EQUIPMENT
8792,2024,15,SEQUOIA HYBRID,STRUCTURE
8793,2024,15,SEQUOIA HYBRID,TIRES
8794,2024,15,SEQUOIA HYBRID,BACK OVER PREVENTION
8795,2024,77,F-550 SD,BACK OVER PREVENTION
8796,2024,562,KICKS,AIR BAGS
8797,2024,8797,GRENADIER,ELECTRICAL SYSTEM
8798,2024,8797,GRENADIER,STEERING
8799,2024,8797,GRENADIER,STRUCTURE
8800,2024,67,R1T,EQUIPMENT
8801,2024,67,R1T,EXTERIOR LIGHTING
8802,2024,67,R1T,AIR BAGS
8803,2024,67,R1T,SEAT BELTS
8804,2024,57,I-PACE,ELECTRICAL SYSTEM
8805,2024,57,I-PACE,EXTERIOR LIGHTING
8806,2024,1014,CASCADIA,ELECTRONIC STABILITY CONTROL (ESC)
8807,2024,1014,CASCADIA,STEERING
8808,2024,288,NORTH TRAIL,EQUIPMENT
8809,2024,5737,LET2,STEERING
8810,2024,5737,LET2,STEERING
8811,2024,3505,BUMPER HORSE,LATCHES/LOCKS/LINKAGES
8812,2024,31,MOMENTUM,SUSPENSION
8813,2024,31,MOMENTUM,TRAILER HITCHES
8814,2024,31,MOMENTUM,SUSPENSION
8815,2024,31,MOMENTUM,STRUCTURE
8816,2024,31,MOMENTUM,STRUCTURE
8817,2024,306,X3,STEERING
8818,2024,306,X3,LATCHES/LOCKS/LINKAGES
8819,2024,82,MALIBU,EQUIPMENT
8820,2024,1564,NX HYBRID,STEERING
8821,2024,1564,NX HYBRID,SEATS
8822,2024,1564,NX HYBRID,BACK OVER PREVENTION
8823,2024,1800,RS E-TRON GT,ELECTRICAL SYSTEM
8824,2024,1800,RS E-TRON GT,ELECTRICAL SYSTEM
8825,2024,1800,RS E-TRON GT,SERVICE BRAKES
8826,2024,1800,RS E-TRON GT,ELECTRICAL SYSTEM
8827,2024,6186,LD,TRAILER HITCHES
8828,2024,6186,LD,TIRES
8829,2024,6186,LD,SUSPENSION
8830,2024,8830,DBX,ENGINE AND ENGINE COOLING
8831,2024,8830,DBX,ELECTRICAL SYSTEM
8832,2024,15,COROLLA HYBRID,STEERING
8833,2024,15,COROLLA HYBRID,SERVICE BRAKES
8834,2024,2,REVEL,ELECTRICAL SYSTEM
8835,2024,2,REVEL,ELECTRICAL SYSTEM
8836,2024,2,REVEL,AIR BAGS
8837,2024,1497,VN,STEERING
8838,2024,1497,VN,SEATS
8839,2024,1497,VN,VEHICLE SPEED CONTROL
8840,2024,1497,VN,EQUIPMENT
8841,2024,1497,VN,VEHICLE SPEED CONTROL
8842,2024,1497,VN,ELECTRICAL SYSTEM
8843,2024,1497,VN,ENGINE AND ENGINE COOLING
8844,2024,77,F-53,ELECTRICAL SYSTEM
8845,2024,306,X5,AIR BAGS
8846,2024,306,X5,AIR BAGS
8847,2024,306,X5,ELECTRONIC STABILITY CONTROL (ESC)
8848,2024,306,X5,STRUCTURE
8849,2024,306,X5,EQUIPMENT
8850,2024,306,X5,ELECTRONIC STABILITY CONTROL (ESC)
8851,2024,306,X5,ELECTRONIC STABILITY CONTROL (ESC)
8852,2024,1232,POLESTAR 2,EQUIPMENT
8853,2024,1232,POLESTAR 2,AIR BAGS
8854,2024,1232,POLESTAR 2,BACK OVER PREVENTION
8855,2024,1232,POLESTAR 2,SERVICE BRAKES
8856,2024,1232,POLESTAR 2,BACK OVER PREVENTION
8857,2024,15,CROWN,EQUIPMENT
8858,2024,15,CROWN,ELECTRICAL SYSTEM
8859,2024,15,CROWN,BACK OVER PREVENTION
8860,2024,17,EV9,POWER TRAIN
8861,2024,17,EV9,SEAT BELTS
8862,2024,17,EV9,STRUCTURE
8863,2024,17,EV9,PARKING BRAKE
8864,2024,17,EV9,ELECTRICAL SYSTEM
8865,2024,17,EV9,SEATS
8866,2024,119,FORESTER,PARKING BRAKE
8867,2024,119,FORESTER,EQUIPMENT
8868,2024,98,TERRAIN,STRUCTURE
8869,2024,16,ENCORE GX,ELECTRICAL SYSTEM
8870,2024,77,F-350 SD,BACK OVER PREVENTION
8871,2024,77,F-350 SD,BACK OVER PREVENTION
8872,2024,452,FORESTER,ENGINE AND ENGINE COOLING
8873,2024,452,FORESTER,POWER TRAIN
8874,2024,145,FLTRXSTSE,ELECTRICAL SYSTEM
8875,2024,82,TRAX,ELECTRICAL SYSTEM
8876,2024,146,XL750,ENGINE AND ENGINE COOLING
8877,2024,15,PRIUS,ELECTRICAL SYSTEM
8878,2024,15,PRIUS,EQUIPMENT
8879,2024,15,PRIUS,BACK OVER PREVENTION
8880,2024,306,X7,AIR BAGS
8881,2024,306,X7,AIR BAGS
8882,2024,306,X7,ELECTRONIC STABILITY CONTROL (ESC)
8883,2024,306,X7,STRUCTURE
8884,2024,306,X7,ELECTRONIC STABILITY CONTROL (ESC)
8885,2024,306,X7,ELECTRONIC STABILITY CONTROL (ESC)
8886,2024,77,MAVERICK,EXTERIOR LIGHTING
8887,2024,77,MAVERICK,FUEL SYSTEM
8888,2024,77,MAVERICK,EQUIPMENT
8889,2024,77,MAVERICK,EXTERIOR LIGHTING
8890,2024,77,MAVERICK,POWER TRAIN
8891,2024,77,MAVERICK,VISIBILITY
8892,2024,77,MAVERICK,BACK OVER PREVENTION
8893,2024,77,MAVERICK,CHILD SEAT
8894,2024,77,MAVERICK,EXTERIOR LIGHTING
8895,2024,77,MAVERICK,EXTERIOR LIGHTING
8896,2024,77,MAVERICK,POWER TRAIN
8897,2024,77,MAVERICK,BACK OVER PREVENTION
8898,2024,77,MAVERICK,EQUIPMENT
8899,2024,584,RANGE ROVER VELAR,ENGINE AND ENGINE COOLING
8900,2024,584,RANGE ROVER VELAR,BACK OVER PREVENTION
8901,2024,82,BLAZER,STRUCTURE
8902,2024,8,IONIQ 6,ELECTRICAL SYSTEM
8903,2024,8,IONIQ 6,POWER TRAIN
8904,2024,8,IONIQ 6,ELECTRICAL SYSTEM
8905,2024,8,IONIQ 6,ELECTRICAL SYSTEM
8906,2024,77,EDGE,BACK OVER PREVENTION
8907,2024,146,ACCORD HYBRID,FUEL SYSTEM
8908,2024,146,ACCORD HYBRID,SEATS
8909,2024,146,ACCORD HYBRID,ELECTRICAL SYSTEM
8910,2024,146,CR-V,TIRES
8911,2024,146,CR-V,STEERING
8912,2024,17,EV6,ELECTRICAL SYSTEM
8913,2024,17,EV6,ELECTRICAL SYSTEM
8914,2024,128,ESCALADE ESV,SERVICE BRAKES
8915,2024,128,ESCALADE ESV,ENGINE AND ENGINE COOLING
8916,2024,8635,MODEL G,ELECTRICAL SYSTEM
8917,2024,8635,MODEL G,EQUIPMENT
8918,2024,8635,MODEL G,EQUIPMENT
8919,2024,8635,MODEL G,STRUCTURE
8920,2024,92,CHARGER,BACK OVER PREVENTION
8921,2024,92,CHARGER,POWER TRAIN
8922,2024,9,WAGONEER,BACK OVER PREVENTION
8923,2024,9,WAGONEER,SEAT BELTS
8924,2024,9,WAGONEER,AIR BAGS
8925,2024,9,WAGONEER,BACK OVER PREVENTION
8926,2024,9,WAGONEER,STRUCTURE
8927,2024,9,WAGONEER,STRUCTURE
8928,2024,9,GRAND CHEROKEE 4XE,ELECTRICAL SYSTEM
8929,2024,9,GRAND CHEROKEE 4XE,ENGINE
8930,2024,146,PASSPORT,FUEL SYSTEM
8931,2024,1800,Q3,AIR BAGS
8932,2024,1800,Q3,BACK OVER PREVENTION
8933,2024,14,CORSAIR,EQUIPMENT
8934,2024,14,CORSAIR,ELECTRICAL SYSTEM
8935,2024,14,CORSAIR,BACK OVER PREVENTION
8936,2024,14,CORSAIR,EXTERIOR LIGHTING
8937,2024,2,TRAVATO,STRUCTURE
8938,2024,9,GRAND CHEROKEE,VISIBILITY
8939,2024,9,GRAND CHEROKEE,EXTERIOR LIGHTING
8940,2024,9,GRAND CHEROKEE,STEERING
8941,2024,9,GRAND CHEROKEE,BACK OVER PREVENTION
8942,2024,9,GRAND CHEROKEE,AIR BAGS
8943,2024,9,GRAND CHEROKEE,CHILD SEAT
8944,2024,9,GRAND CHEROKEE,ELECTRICAL SYSTEM
8945,2024,9,GRAND CHEROKEE,AIR BAGS
8946,2024,9,GRAND CHEROKEE,ENGINE AND ENGINE COOLING
8947,2024,9,GRAND CHEROKEE,BACK OVER PREVENTION
8948,2024,9,GRAND CHEROKEE,SEATS
8949,2024,9,GRAND CHEROKEE,ELECTRICAL SYSTEM
8950,2024,9,GRAND CHEROKEE,ELECTRICAL SYSTEM
8951,2024,8951,VOLTERRA,EQUIPMENT
8952,2024,858,3500,STEERING
8953,2024,858,3500,AIR BAGS
8954,2021,1197,TELLURIDE,EQUIPMENT
8955,2021,146,PASSPORT,VISIBILITY
8956,2021,146,PASSPORT,BACK OVER PREVENTION
8957,2021,146,PASSPORT,SERVICE BRAKES
8958,2021,146,PASSPORT,AIR BAGS
8959,2021,146,PASSPORT,FUEL SYSTEM
8960,2021,1157,VOLTAGE,EQUIPMENT
8961,2021,1157,VOLTAGE,EQUIPMENT
8962,2021,1157,VOLTAGE,SUSPENSION
8963,2021,1,PANAMERA TURBO S,SEAT BELTS
8964,2021,1,PANAMERA TURBO S,SUSPENSION
8965,2021,1,PANAMERA TURBO S,ELECTRICAL SYSTEM
8966,2021,119,SANDPIPER,STRUCTURE
8967,2021,145,FXLRS,SUSPENSION
8968,2021,145,FXLRS,SUSPENSION
8969,2021,77,BRONCO,FORWARD COLLISION AVOIDANCE
8970,2021,77,BRONCO,AIR BAGS
8971,2021,77,BRONCO,LATCHES/LOCKS/LINKAGES
8972,2021,77,BRONCO,BACK OVER PREVENTION
8973,2021,77,BRONCO,AIR BAGS
8974,2021,77,BRONCO,BACK OVER PREVENTION
8975,2021,77,BRONCO,SEAT BELTS
8976,2021,77,BRONCO,BACK OVER PREVENTION
8977,2021,77,BRONCO,ENGINE AND ENGINE COOLING
8978,2021,77,BRONCO,SUSPENSION
8979,2021,77,BRONCO,BACK OVER PREVENTION
8980,2021,77,BRONCO,BACK OVER PREVENTION
8981,2021,77,BRONCO,FUEL SYSTEM
8982,2021,77,BRONCO,EQUIPMENT
8983,2021,77,BRONCO,SEATS
8984,2021,119,IMPRESSION,EXTERIOR LIGHTING
8985,2021,119,IMPRESSION,EQUIPMENT
8986,2021,119,IMPRESSION,EQUIPMENT
8987,2021,37,JETTA,SEATS
8988,2021,37,JETTA,AIR BAGS
8989,2021,37,JETTA,BACK OVER PREVENTION
8990,2021,37,JETTA,BACK OVER PREVENTION
8991,2021,1,CAYENNE GTS,SEATS
8992,2021,1,CAYENNE GTS,ENGINE
8993,2021,17,SPORTAGE,SERVICE BRAKES
8994,2021,17,SPORTAGE,TRAILER HITCHES
8995,2021,146,CIVIC,SERVICE BRAKES
8996,2021,146,CIVIC,AIR BAGS
8997,2021,146,CIVIC,FUEL SYSTEM
8998,2021,908,CORNERSTONE,STEERING
8999,2021,908,CORNERSTONE,ELECTRICAL SYSTEM
9000,2021,908,CORNERSTONE,STRUCTURE
9001,2021,908,CORNERSTONE,ELECTRICAL SYSTEM
9002,2021,908,CORNERSTONE,ENGINE
9003,2021,908,CORNERSTONE,SEATS
9004,2021,77,ESCAPE,ELECTRICAL SYSTEM
9005,2021,77,ESCAPE,FUEL SYSTEM
9006,2021,77,ESCAPE,SERVICE BRAKES
9007,2021,77,ESCAPE,ELECTRICAL SYSTEM
9008,2021,77,ESCAPE,ENGINE AND ENGINE COOLING
9009,2021,77,ESCAPE,ENGINE AND ENGINE COOLING
9010,2021,77,ESCAPE,FUEL SYSTEM
9011,2021,77,ESCAPE,ENGINE
9012,2021,77,ESCAPE,POWER TRAIN
9013,2021,77,ESCAPE,EQUIPMENT
9014,2021,77,ESCAPE,ELECTRICAL SYSTEM
9015,2021,77,ESCAPE,FUEL SYSTEM
9016,2021,77,ESCAPE,ENGINE
9017,2021,77,ESCAPE,BACK OVER PREVENTION
9018,2021,77,ESCAPE,FUEL SYSTEM
9019,2021,77,ESCAPE,EQUIPMENT
9020,2021,6186,DE,EQUIPMENT
9021,2021,17,SOUL,ENGINE
9022,2021,17,SOUL,ENGINE AND ENGINE COOLING
9023,2021,17,SELTOS,ENGINE
9024,2021,17,SELTOS,ENGINE AND ENGINE COOLING
9025,2021,3,FOUR WINDS,ELECTRONIC STABILITY CONTROL (ESC)
9026,2021,3,FOUR WINDS,VISIBILITY
9027,2021,3,FOUR WINDS,ELECTRICAL SYSTEM
9028,2021,3,FOUR WINDS,AIR BAGS
9029,2021,3,FOUR WINDS,POWER TRAIN
9030,2021,3,FOUR WINDS,ELECTRICAL SYSTEM
9031,2021,3,FOUR WINDS,ELECTRICAL SYSTEM
9032,2021,3,FOUR WINDS,SEAT BELTS
9033,2021,3,FOUR WINDS,EQUIPMENT
9034,2021,908,ACCOLADE,STEERING
9035,2021,908,ACCOLADE,STEERING
9036,2021,908,ACCOLADE,TIRES
9037,2021,908,ACCOLADE,VISIBILITY
9038,2021,1995,SLINGSHOT S,BACK OVER PREVENTION
9039,2021,263,4700,EQUIPMENT
9040,2021,263,4700,ELECTRICAL SYSTEM
9041,2021,263,4700,EQUIPMENT
9042,2021,263,4700,FUEL SYSTEM
9043,2021,263,4700,STEERING
9044,2021,263,4700,TIRES
9045,2021,263,4700,SERVICE BRAKES
9046,2021,263,4700,POWER TRAIN
9047,2021,263,4700,FUEL SYSTEM
9048,2021,263,4700,SUSPENSION
9049,2021,263,4700,ELECTRICAL SYSTEM
9050,2021,263,4700,STEERING
9051,2021,263,4700,SUSPENSION
9052,2021,263,4700,EQUIPMENT
9053,2021,15,SUPRA,SEAT BELTS
9054,2021,15,SUPRA,FUEL SYSTEM
9055,2021,15,SUPRA,ENGINE
9056,2021,15,SUPRA,ELECTRICAL SYSTEM
9057,2021,77,BRONCO SPORT,SUSPENSION
9058,2021,77,BRONCO SPORT,SUSPENSION
9059,2021,77,BRONCO SPORT,VISIBILITY
9060,2021,77,BRONCO SPORT,FUEL SYSTEM
9061,2021,77,BRONCO SPORT,POWER TRAIN
9062,2021,77,BRONCO SPORT,SERVICE BRAKES
9063,2021,77,BRONCO SPORT,ENGINE AND ENGINE COOLING
9064,2021,77,BRONCO SPORT,FUEL SYSTEM
9065,2021,77,BRONCO SPORT,ELECTRICAL SYSTEM
9066,2021,77,BRONCO SPORT,ELECTRICAL SYSTEM
9067,2021,77,BRONCO SPORT,POWER TRAIN
9068,2021,77,BRONCO SPORT,FUEL SYSTEM
9069,2021,77,BRONCO SPORT,BACK OVER PREVENTION
9070,2021,77,BRONCO SPORT,FUEL SYSTEM
9071,2021,77,BRONCO SPORT,EQUIPMENT
9072,2021,521,CESB,ENGINE AND ENGINE COOLING
9073,2021,521,CESB,SERVICE BRAKES
9074,2021,521,CESB,SERVICE BRAKES
9075,2021,521,CESB,STRUCTURE
9076,2021,562,ARMADA,FUEL SYSTEM
9077,2021,15,SIENNA HYBRID,AIR BAGS
9078,2021,15,SIENNA HYBRID,SEATS
9079,2021,306,530E,BACK OVER PREVENTION
9080,2021,306,530E,ELECTRICAL SYSTEM
9081,2021,8,KONA,ENGINE
9082,2021,3,CHATEAU,AIR BAGS
9083,2021,3,CHATEAU,ELECTRICAL SYSTEM
9084,2021,3,CHATEAU,SEAT BELTS
9085,2021,3,CHATEAU,ELECTRICAL SYSTEM
9086,2021,3,CHATEAU,ELECTRONIC STABILITY CONTROL (ESC)
9087,2021,9087,CATALYST,STEERING
9088,2021,9087,CATALYST,PARKING BRAKE
9089,2021,9087,CATALYST,VISIBILITY
9090,2021,9087,CATALYST,ELECTRICAL SYSTEM
9091,2021,9087,CATALYST,ELECTRICAL SYSTEM
9092,2021,584,RANGE ROVER SPORT PHEV,ELECTRICAL SYSTEM
9093,2021,584,RANGE ROVER SPORT PHEV,ENGINE AND ENGINE COOLING
9094,2021,77,ECOSPORT,ENGINE AND ENGINE COOLING
9095,2021,77,ECOSPORT,POWER TRAIN
9096,2021,77,ECOSPORT,BACK OVER PREVENTION
9097,2021,288,MALLARD,EQUIPMENT
9098,2021,288,MALLARD,EQUIPMENT
9099,2021,288,MALLARD,SUSPENSION
9100,2021,288,MALLARD,EQUIPMENT
9101,2021,288,MALLARD,EQUIPMENT
9102,2021,146,ACCORD,SEAT BELTS
9103,2021,146,ACCORD,AIR BAGS
9104,2021,146,ACCORD,FUEL SYSTEM
9105,2021,99,OUTBACK,TIRES
9106,2021,99,OUTBACK,STRUCTURE
9107,2021,306,M550I,BACK OVER PREVENTION
9108,2021,306,M550I,BACK OVER PREVENTION
9109,2021,64,NORTHPOINT,TIRES
9110,2021,64,NORTHPOINT,EQUIPMENT
9111,2021,64,NORTHPOINT,SUSPENSION
9112,2021,64,NORTHPOINT,EQUIPMENT
9113,2021,64,NORTHPOINT,EQUIPMENT
9114,2021,64,NORTHPOINT,EQUIPMENT
9115,2021,145,RA1250,ELECTRICAL SYSTEM
9116,2021,13,Q60,BACK OVER PREVENTION
9117,2021,13,Q60,ENGINE AND ENGINE COOLING
9118,2021,306,X5 HYBRID,SEATS
9119,2021,99,ALPINE,EQUIPMENT
9120,2021,258,SPORTSMEN,EQUIPMENT
9121,2021,258,SPORTSMEN,EQUIPMENT
9122,2021,145,FLTRK,EXTERIOR LIGHTING
9123,2021,452,CROSSTREK,POWER TRAIN
9124,2021,119,XLR TOYHAULER,WHEELS
9125,2021,119,XLR TOYHAULER,STRUCTURE
9126,2021,119,XLR TOYHAULER,EQUIPMENT
9127,2021,119,XLR TOYHAULER,EQUIPMENT
9128,2021,17,SORENTO HYBRID,SEAT BELTS
9129,2021,17,SORENTO HYBRID,TRAILER HITCHES
9130,2021,128,CT5,AIR BAGS
9131,2021,128,CT5,AIR BAGS
9132,2021,128,CT5,EXTERIOR LIGHTING
9133,2021,128,CT5,POWER TRAIN
9134,2021,1800,S4,SEAT BELTS
9135,2021,1800,S4,TIRES
9136,2021,1800,S4,SUSPENSION
9137,2021,1800,S4,BACK OVER PREVENTION
9138,2021,1,CAYENNE S,SEATS
9139,2021,1,CAYENNE,SUSPENSION
9140,2021,1,CAYENNE,SUSPENSION
9141,2021,1,CAYENNE,STEERING
9142,2021,1,CAYENNE,SEATS
9143,2021,44,LONDON AIRE,STEERING
9144,2021,44,LONDON AIRE,EQUIPMENT
9145,2021,44,LONDON AIRE,EQUIPMENT
9146,2021,44,LONDON AIRE,ELECTRICAL SYSTEM
9147,2021,44,LONDON AIRE,STEERING
9148,2021,44,LONDON AIRE,SUSPENSION
9149,2021,44,LONDON AIRE,STEERING
9150,2021,306,X4,BACK OVER PREVENTION
9151,2021,306,X4,BACK OVER PREVENTION
9152,2021,306,X4,FUEL SYSTEM
9153,2021,306,X4,ENGINE
9154,2021,306,X4,SEATS
9155,2021,306,X4,ELECTRICAL SYSTEM
9156,2021,782,LITTLE GUY MAX,SUSPENSION
9157,2021,9157,VORTEX,EQUIPMENT
9158,2021,146,RIDGELINE,SEAT BELTS
9159,2021,146,RIDGELINE,VISIBILITY
9160,2021,146,RIDGELINE,SERVICE BRAKES
9161,2021,146,RIDGELINE,AIR BAGS
9162,2021,146,RIDGELINE,BACK OVER PREVENTION
9163,2021,15,SEQUOIA,STEERING
9164,2021,15,SEQUOIA,STEERING
9165,2021,8,ELANTRA,SEAT BELTS
9166,2021,8,ELANTRA,VISIBILITY
9167,2021,8,ELANTRA,SEATS
9168,2021,8,ELANTRA,SEAT BELTS
9169,2021,8,ELANTRA,SEAT BELTS
9170,2021,8,ELANTRA,BACK OVER PREVENTION
9171,2021,4,NOVA,ELECTRICAL SYSTEM
9172,2021,4,NOVA,EQUIPMENT
9173,2021,4,NOVA,FUEL SYSTEM
9174,2021,4,NOVA,STRUCTURE
9175,2021,1,TAYCAN TURBO S,ELECTRICAL SYSTEM
9176,2021,1,TAYCAN TURBO S,ELECTRICAL SYSTEM
9177,2021,1,TAYCAN TURBO S,ELECTRICAL SYSTEM
9178,2021,1,TAYCAN TURBO S,ELECTRICAL SYSTEM
9179,2021,1,TAYCAN TURBO S,ELECTRICAL SYSTEM
9180,2021,3,AXIS,EQUIPMENT
9181,2021,82,4500HD,EQUIPMENT
9182,2021,82,4500HD,SERVICE BRAKES
9183,2021,306,M3,SEAT BELTS
9184,2021,306,M3,SERVICE BRAKES
9185,2021,306,M3,SEAT BELTS
9186,2021,194,AMG GLC63,BACK OVER PREVENTION
9187,2021,194,AMG GLC63,SEATS
9188,2021,194,AMG GLC63,ELECTRICAL SYSTEM
9189,2021,194,AMG GLC63,EXTERIOR LIGHTING
9190,2021,194,AMG GLC63,ELECTRICAL SYSTEM
9191,2021,194,AMG GLC63,FUEL SYSTEM
9192,2021,82,BLAZER,SEAT BELTS
9193,2021,14,NAVIGATOR,AIR BAGS
9194,2021,14,NAVIGATOR,VISIBILITY
9195,2021,14,NAVIGATOR,ENGINE
9196,2021,14,NAVIGATOR,EQUIPMENT
9197,2021,14,NAVIGATOR,BACK OVER PREVENTION
9198,2021,14,NAVIGATOR,EQUIPMENT
9199,2021,14,NAVIGATOR,BACK OVER PREVENTION
9200,2021,14,NAVIGATOR,FUEL SYSTEM
9201,2021,14,NAVIGATOR,VISIBILITY
9202,2021,258,STRATUS,EQUIPMENT
9203,2021,258,STRATUS,EQUIPMENT
9204,2021,258,STRATUS,EQUIPMENT
9205,2021,1014,122SD,EXTERIOR LIGHTING
9206,2021,1014,122SD,STEERING
9207,2021,1014,122SD,SUSPENSION
9208,2021,1014,122SD,STEERING
9209,2021,1014,122SD,STEERING
9210,2021,1014,122SD,SUSPENSION
9211,2021,82,BOLT EV,ELECTRICAL SYSTEM
9212,2021,82,BOLT EV,STRUCTURE
9213,2021,82,BOLT EV,STRUCTURE
9214,2021,82,BOLT EV,ELECTRICAL SYSTEM
9215,2021,82,BOLT EV,ELECTRICAL SYSTEM
9216,2021,145,RH1250S,ELECTRICAL SYSTEM
9217,2021,145,RH1250S,STEERING
9218,2021,146,HR-V,BACK OVER PREVENTION
9219,2021,146,HR-V,AIR BAGS
9220,2021,146,HR-V,BACK OVER PREVENTION
9221,2021,908,VISION,ENGINE
9222,2021,908,VISION,SUSPENSION
9223,2021,1009,GLOBETROTTER,EQUIPMENT
9224,2021,1009,GLOBETROTTER,EQUIPMENT
9225,2021,77,TRANSIT CONNECT,POWER TRAIN
9226,2021,77,TRANSIT CONNECT,SEAT BELTS
9227,2021,77,TRANSIT CONNECT,POWER TRAIN
9228,2021,77,TRANSIT CONNECT,BACK OVER PREVENTION
9229,2021,452,OUTBACK,POWER TRAIN
9230,2021,452,OUTBACK,POWER TRAIN
9231,2021,452,OUTBACK,POWER TRAIN
9232,2021,452,OUTBACK,AIR BAGS
9233,2021,584,DISCOVERY SPORT,SEAT BELTS
9234,2021,82,SILVERADO 2500,TIRES
9235,2021,82,SILVERADO 2500,SERVICE BRAKES
9236,2021,82,SILVERADO 2500,SEAT BELTS
9237,2021,82,SILVERADO 2500,SEAT BELTS
9238,2021,82,SILVERADO 2500,LATCHES/LOCKS/LINKAGES
9239,2021,82,SILVERADO 2500,POWER TRAIN
9240,2021,16,ENCLAVE,AIR BAGS
9241,2021,16,ENCLAVE,AIR BAGS
9242,2021,17,NIRO,POWER TRAIN
9243,2021,13,QX50,SUSPENSION
9244,2021,13,QX50,ENGINE AND ENGINE COOLING
9245,2021,130,ROCKET 3 R,SERVICE BRAKES
9246,2021,130,ROCKET 3 R,SERVICE BRAKES
9247,2021,1800,SQ5,SEAT BELTS
9248,2021,1800,SQ5,TIRES
9249,2021,1800,SQ5,ELECTRICAL SYSTEM
9250,2021,1800,SQ5,SUSPENSION
9251,2021,1800,SQ5,BACK OVER PREVENTION
9252,2021,110,GV80,SEAT BELTS
9253,2021,110,GV80,FUEL SYSTEM
9254,2021,110,GV80,SEAT BELTS
9255,2021,110,GV80,FUEL SYSTEM
9256,2021,562,ALTIMA,STEERING
9257,2021,562,ALTIMA,BACK OVER PREVENTION
9258,2021,599,PACIFICA,SEATS
9259,2021,599,PACIFICA,ELECTRICAL SYSTEM
9260,2021,599,PACIFICA,BACK OVER PREVENTION
9261,2021,599,PACIFICA,AIR BAGS
9262,2021,15,MIRAI,ELECTRONIC STABILITY CONTROL (ESC)
9263,2021,21,PHAETON,ELECTRICAL SYSTEM
9264,2021,21,PHAETON,SEAT BELTS
9265,2021,21,PHAETON,FUEL SYSTEM
9266,2021,21,PHAETON,TIRES
9267,2021,21,PHAETON,FUEL SYSTEM
9268,2021,21,PHAETON,STRUCTURE
9269,2021,21,PHAETON,EQUIPMENT
9270,2021,2,MICRO MINNIE,SUSPENSION
9271,2021,2,MICRO MINNIE,EQUIPMENT
9272,2021,2,MICRO MINNIE,EQUIPMENT
9273,2021,2,MICRO MINNIE,STRUCTURE
9274,2021,9274,ALUMA,STRUCTURE
9275,2021,31,TRANSCEND,EQUIPMENT
9276,2021,1102,PARADIGM,ELECTRICAL SYSTEM
9277,2021,562,FRONTIER,POWER TRAIN
9278,2021,562,FRONTIER,POWER TRAIN
9279,2021,9,GRAND CHEROKEE L,AIR BAGS
9280,2021,9,GRAND CHEROKEE L,EQUIPMENT
9281,2021,1800,A7,SEAT BELTS
9282,2021,1800,A7,TIRES
9283,2021,1800,A7,AIR BAGS
9284,2021,1800,A7,SUSPENSION
9285,2021,1800,A7,ELECTRICAL SYSTEM
9286,2021,1800,A7,BACK OVER PREVENTION
9287,2021,1800,A7,ELECTRICAL SYSTEM
9288,2021,1800,A7,SERVICE BRAKES
9289,2021,1800,A7,ELECTRICAL SYSTEM
9290,2021,1800,A7,ELECTRICAL SYSTEM
9291,2021,1014,CASCADIA,STEERING
9292,2021,1014,CASCADIA,SERVICE BRAKES
9293,2021,1014,CASCADIA,EXTERIOR LIGHTING
9294,2021,1014,CASCADIA,ELECTRICAL SYSTEM
9295,2021,1014,CASCADIA,STEERING
9296,2021,1014,CASCADIA,SERVICE BRAKES
9297,2021,1014,CASCADIA,EXTERIOR LIGHTING
9298,2021,1014,CASCADIA,POWER TRAIN
9299,2021,1014,CASCADIA,FUEL SYSTEM
9300,2021,1014,CASCADIA,ENGINE
9301,2021,1014,CASCADIA,POWER TRAIN
9302,2021,1014,CASCADIA,EXTERIOR LIGHTING
9303,2021,1014,CASCADIA,STEERING
9304,2021,1014,CASCADIA,SUSPENSION
9305,2021,1014,CASCADIA,TIRES
9306,2021,1014,CASCADIA,SERVICE BRAKES
9307,2021,1014,CASCADIA,WHEELS
9308,2021,1014,CASCADIA,ELECTRONIC STABILITY CONTROL (ESC)
9309,2021,1014,CASCADIA,EXTERIOR LIGHTING
9310,2021,1014,CASCADIA,ELECTRONIC STABILITY CONTROL (ESC)
9311,2021,2019,RS 660,ENGINE
9312,2021,119,IBEX,SUSPENSION
9313,2021,119,IBEX,EQUIPMENT
9314,2021,77,F-750,FUEL SYSTEM
9315,2021,77,F-750,POWER TRAIN
9316,2021,77,F-750,FUEL SYSTEM
9317,2021,64,SENECA,STEERING
9318,2021,64,SENECA,STEERING
9319,2021,64,SENECA,TIRES
9320,2021,64,SENECA,VISIBILITY
9321,2021,77,F-59,SUSPENSION
9322,2021,77,F-59,STEERING
9323,2021,77,F-59,FUEL SYSTEM
9324,2021,2,VIEW,EQUIPMENT
9325,2021,2,VIEW,STRUCTURE
9326,2021,2,VIEW,EQUIPMENT
9327,2021,2,VIEW,STRUCTURE
9328,2021,2,VIEW,ELECTRICAL SYSTEM
9329,2021,2,VIEW,STRUCTURE
9330,2021,746,COUNTRYMAN,SEAT BELTS
9331,2021,746,COUNTRYMAN,ELECTRICAL SYSTEM
9332,2021,1681,LADDER AND PLATFORM,STRUCTURE
9333,2021,1800,RS 6 AVANT,ELECTRICAL SYSTEM
9334,2021,146,CRF300L,EXTERIOR LIGHTING
9335,2021,3,RIZE,EQUIPMENT
9336,2021,3,RIZE,FUEL SYSTEM
9337,2021,3,RIZE,EQUIPMENT
9338,2021,119,SURVEYOR,EQUIPMENT
9339,2021,119,FR3,ELECTRICAL SYSTEM
9340,2021,119,FR3,EQUIPMENT
9341,2021,119,FR3,EQUIPMENT
9342,2021,99,CARBON,FUEL SYSTEM
9343,2021,119,FORESTER,SERVICE BRAKES
9344,2021,119,FORESTER,AIR BAGS
9345,2021,119,FORESTER,EQUIPMENT
9346,2021,119,FORESTER,EQUIPMENT
9347,2021,119,FORESTER,FUEL SYSTEM
9348,2021,37,GOLF,BACK OVER PREVENTION
9349,2021,1800,S8,BACK OVER PREVENTION
9350,2021,1800,S8,SEAT BELTS
9351,2021,1800,S8,TIRES
9352,2021,1800,S8,ENGINE AND ENGINE COOLING
9353,2021,1800,S8,SUSPENSION
9354,2021,1800,S8,BACK OVER PREVENTION
9355,2021,1800,S8,ELECTRICAL SYSTEM
9356,2021,3,SEQUENCE,SEAT BELTS
9357,2021,3,SEQUENCE,FUEL SYSTEM
9358,2021,15,SIENNA,ELECTRONIC STABILITY CONTROL (ESC)
9359,2021,146,ODYSSEY,FUEL SYSTEM
9360,2021,146,ODYSSEY,VISIBILITY
9361,2021,146,ODYSSEY,BACK OVER PREVENTION
9362,2021,146,ODYSSEY,AIR BAGS
9363,2021,146,ODYSSEY,FUEL SYSTEM
9364,2021,99,BULLET,EQUIPMENT
9365,2021,99,BULLET,STRUCTURE
9366,2021,99,BULLET,ELECTRICAL SYSTEM
9367,2021,15,HIGHLANDER,STRUCTURE
9368,2021,15,HIGHLANDER,AIR BAGS
9369,2021,15,HIGHLANDER,TIRES
9370,2021,13,QX80,FUEL SYSTEM
9371,2021,13,QX80,BACK OVER PREVENTION
9372,2021,1726,INVICTA,EQUIPMENT
9373,2021,1726,INVICTA,SUSPENSION
9374,2021,1726,INVICTA,EQUIPMENT
9375,2021,1726,INVICTA,STRUCTURE
9376,2021,1800,A4 ALLROAD,TIRES
9377,2021,9,CHEROKEE,POWER TRAIN
9378,2021,9,CHEROKEE,SUSPENSION
9379,2021,9,CHEROKEE,AIR BAGS
9380,2021,119,GEORGETOWN,EQUIPMENT
9381,2021,119,GEORGETOWN,EQUIPMENT
9382,2021,119,GEORGETOWN,EQUIPMENT
9383,2021,119,GEORGETOWN,EQUIPMENT
9384,2021,596,SPYDER RT,EXTERIOR LIGHTING
9385,2021,8,PALISADE,SERVICE BRAKES
9386,2021,8,PALISADE,VISIBILITY
9387,2021,8,PALISADE,TRAILER HITCHES
9388,2021,8,PALISADE,VISIBILITY/WIPER
9389,2021,8,PALISADE,SEAT BELTS
9390,2021,31,REFLECTION,EQUIPMENT
9391,2021,2,ADVENTURER,EQUIPMENT
9392,2021,2,ADVENTURER,LATCHES/LOCKS/LINKAGES
9393,2021,110,G80,FUEL SYSTEM
9394,2021,110,G80,SEAT BELTS
9395,2021,110,G80,FUEL SYSTEM
9396,2021,575,ALTA,EQUIPMENT
9397,2021,575,ALTA,EQUIPMENT
9398,2021,858,5500,ELECTRICAL SYSTEM
9399,2021,858,5500,WHEELS
9400,2021,858,5500,ELECTRICAL SYSTEM
9401,2021,858,5500,ELECTRICAL SYSTEM
9402,2021,858,5500,AIR BAGS
9403,2021,64,EAGLE,EQUIPMENT
9404,2021,64,EAGLE,STRUCTURE
9405,2021,64,EAGLE,EQUIPMENT
9406,2021,37,ID.4,STEERING
9407,2021,37,ID.4,SEAT BELTS
9408,2021,37,ID.4,SEAT BELTS
9409,2021,37,ID.4,EXTERIOR LIGHTING
9410,2021,37,ID.4,ELECTRICAL SYSTEM
9411,2021,37,ID.4,AIR BAGS
9412,2021,37,ID.4,ELECTRICAL SYSTEM
9413,2021,37,ID.4,STRUCTURE
9414,2021,37,ID.4,BACK OVER PREVENTION
9415,2021,37,ID.4,STRUCTURE
9416,2021,37,ID.4,POWER TRAIN
9417,2021,1357,CX-3,BACK OVER PREVENTION
9418,2021,7605,CARGO TRAILER,TRAILER HITCHES
9419,2021,7605,CARGO TRAILER,EQUIPMENT
9420,2021,14,CORSAIR,BACK OVER PREVENTION
9421,2021,14,CORSAIR,FUEL SYSTEM
9422,2021,14,CORSAIR,POWER TRAIN
9423,2021,14,CORSAIR,ELECTRICAL SYSTEM
9424,2021,14,CORSAIR,ENGINE AND ENGINE COOLING
9425,2021,14,CORSAIR,SEAT BELTS
9426,2021,14,CORSAIR,BACK OVER PREVENTION
9427,2021,14,CORSAIR,BACK OVER PREVENTION
9428,2021,14,CORSAIR,ENGINE
9429,2021,14,CORSAIR,POWER TRAIN
9430,2021,14,CORSAIR,EQUIPMENT
9431,2021,14,CORSAIR,ELECTRICAL SYSTEM
9432,2021,14,CORSAIR,BACK OVER PREVENTION
9433,2021,14,CORSAIR,POWER TRAIN
9434,2021,14,CORSAIR,BACK OVER PREVENTION
9435,2021,14,CORSAIR,SEAT BELTS
9436,2021,14,CORSAIR,ENGINE
9437,2021,14,CORSAIR,BACK OVER PREVENTION
9438,2021,14,CORSAIR,BACK OVER PREVENTION
9439,2021,14,CORSAIR,EQUIPMENT
9440,2021,15,RAV4 PRIME,EXTERIOR LIGHTING
9441,2021,15,RAV4 PRIME,ELECTRONIC STABILITY CONTROL (ESC)
9442,2021,15,RAV4 PRIME,ELECTRICAL SYSTEM
9443,2021,15,RAV4 PRIME,ELECTRICAL SYSTEM
9444,2021,64,MELBOURNE,STRUCTURE
9445,2021,64,MELBOURNE,ELECTRICAL SYSTEM
9446,2021,64,MELBOURNE,EQUIPMENT
9447,2021,64,MELBOURNE,SUSPENSION
9448,2021,64,MELBOURNE,POWER TRAIN
9449,2021,64,MELBOURNE,ELECTRICAL SYSTEM
9450,2021,64,MELBOURNE,VISIBILITY
9451,2021,15,AVALON HYBRID,AIR BAGS
9452,2021,17,RIO,SERVICE BRAKES
9453,2021,17,RIO,STEERING
9454,2021,64,ALANTE,ENGINE
9455,2021,64,ALANTE,EQUIPMENT
9456,2021,64,ALANTE,SUSPENSION
9457,2021,17,K5,AIR BAGS
9458,2021,17,K5,FUEL SYSTEM
9459,2021,17,K5,LANE DEPARTURE
9460,2021,17,K5,POWER TRAIN
9461,2021,17,K5,AIR BAGS
9462,2021,3,WINDSPORT,ELECTRICAL SYSTEM
9463,2021,3,WINDSPORT,EQUIPMENT
9464,2021,584,RANGE ROVER SPORT,SEAT BELTS
9465,2021,584,RANGE ROVER SPORT,TIRES
9466,2021,584,RANGE ROVER SPORT,ELECTRICAL SYSTEM
9467,2021,584,RANGE ROVER SPORT,ENGINE AND ENGINE COOLING
9468,2021,584,RANGE ROVER SPORT,BACK OVER PREVENTION
9469,2021,584,RANGE ROVER SPORT,BACK OVER PREVENTION
9470,2021,1800,E-TRON,SEAT BELTS
9471,2021,1800,E-TRON,SERVICE BRAKES
9472,2021,1800,E-TRON,STRUCTURE
9473,2021,1800,E-TRON,SERVICE BRAKES
9474,2021,1800,E-TRON,BACK OVER PREVENTION
9475,2021,1800,E-TRON,EQUIPMENT
9476,2021,1800,E-TRON,ELECTRICAL SYSTEM
9477,2021,1800,E-TRON,ELECTRICAL SYSTEM
9478,2021,21,WAYFARER,TRAILER HITCHES
9479,2021,21,WAYFARER,EQUIPMENT
9480,2021,119,OZARK,EQUIPMENT
9481,2021,119,OZARK,EQUIPMENT
9482,2021,99,ARCADIA,STRUCTURE
9483,2021,9,GRAND CHEROKEE,EXTERIOR LIGHTING
9484,2021,9,GRAND CHEROKEE,EXTERIOR LIGHTING
9485,2021,9,GRAND CHEROKEE,VISIBILITY
9486,2021,9,GRAND CHEROKEE,AIR BAGS
9487,2021,9,GRAND CHEROKEE,CHILD SEAT
9488,2021,9,GRAND CHEROKEE,ENGINE AND ENGINE COOLING
9489,2021,9,GRAND CHEROKEE,EXTERIOR LIGHTING
9490,2021,9,GRAND CHEROKEE,STEERING
9491,2021,9,GRAND CHEROKEE,SUSPENSION
9492,2021,9,GRAND CHEROKEE,BACK OVER PREVENTION
9493,2021,9,GRAND CHEROKEE,SUSPENSION
9494,2021,9,GRAND CHEROKEE,BACK OVER PREVENTION
9495,2021,145,FLHC,SUSPENSION
9496,2021,145,FLHC,SUSPENSION
9497,2021,99,AVALANCHE,EQUIPMENT
9498,2021,119,CHEROKEE WOLF PACK,EQUIPMENT
9499,2021,1,PANAMERA GTS,SEAT BELTS
9500,2021,1,PANAMERA GTS,SUSPENSION
9501,2021,1,PANAMERA GTS,ELECTRICAL SYSTEM
9502,2021,1579,ISATA,SERVICE BRAKES
9503,2021,1579,ISATA,AIR BAGS
9504,2021,1579,ISATA,ELECTRICAL SYSTEM
9505,2021,1579,ISATA,EQUIPMENT
9506,2021,1579,ISATA,EQUIPMENT
9507,2021,1579,ISATA,EQUIPMENT
9508,2021,1579,ISATA,EQUIPMENT
9509,2021,119,ROCKWOOD,EQUIPMENT
9510,2021,119,ROCKWOOD,STRUCTURE
9511,2021,119,ROCKWOOD,EQUIPMENT
9512,2021,146,INSIGHT,ELECTRICAL SYSTEM
9513,2021,146,INSIGHT,AIR BAGS
9514,2021,1800,S7,SEAT BELTS
9515,2021,1800,S7,TIRES
9516,2021,1800,S7,AIR BAGS
9517,2021,1800,S7,SUSPENSION
9518,2021,1800,S7,ELECTRICAL SYSTEM
9519,2021,1800,S7,BACK OVER PREVENTION
9520,2021,1800,S7,ELECTRICAL SYSTEM
9521,2021,1800,S7,SERVICE BRAKES
9522,2021,1800,S7,ELECTRICAL SYSTEM
9523,2021,15,VENZA,ELECTRONIC STABILITY CONTROL (ESC)
9524,2021,452,WRX,EXTERIOR LIGHTING
9525,2021,110,G70,SERVICE BRAKES
9526,2021,110,G70,FUEL SYSTEM
9527,2021,110,G70,ENGINE AND ENGINE COOLING
9528,2021,110,G70,FUEL SYSTEM
9529,2021,306,M340I,SEAT BELTS
9530,2021,306,M340I,ELECTRICAL SYSTEM
9531,2021,306,M340I,BACK OVER PREVENTION
9532,2021,306,M340I,SEAT BELTS
9533,2021,306,M340I,SEATS
9534,2021,306,M340I,SEAT BELTS
9535,2021,8,SONATA,FUEL SYSTEM
9536,2021,8,SONATA,VISIBILITY
9537,2021,8,SONATA,POWER TRAIN
9538,2021,1800,A4,SEAT BELTS
9539,2021,1800,A4,TIRES
9540,2021,1800,A4,SUSPENSION
9541,2021,1800,A4,BACK OVER PREVENTION
9542,2021,3383,HIMALAYAN,SERVICE BRAKES
9543,2021,77,F-450 SD,VISIBILITY
9544,2021,77,F-450 SD,FUEL SYSTEM
9545,2021,77,F-450 SD,POWER TRAIN
9546,2021,77,F-450 SD,TRAILER HITCHES
9547,2021,77,F-450 SD,VISIBILITY
9548,2021,77,F-450 SD,EQUIPMENT
9549,2021,77,F-450 SD,FUEL SYSTEM
9550,2021,77,F-450 SD,BACK OVER PREVENTION
9551,2021,77,F-450 SD,FUEL SYSTEM
9552,2021,77,F-450 SD,STEERING
9553,2021,77,F-450 SD,BACK OVER PREVENTION
9554,2021,194,AMG G63,SEAT BELTS
9555,2021,194,AMG G63,LATCHES/LOCKS/LINKAGES
9556,2021,194,AMG G63,SEATS
9557,2021,194,AMG G63,AIR BAGS
9558,2021,194,AMG G63,ELECTRICAL SYSTEM
9559,2021,194,AMG G63,ELECTRICAL SYSTEM
9560,2021,194,AMG G63,FUEL SYSTEM
9561,2021,194,AMG G63,LATCHES/LOCKS/LINKAGES
9562,2021,4946,TRAVEL TRAILER,EQUIPMENT
9563,2021,4946,TRAVEL TRAILER,EQUIPMENT
9564,2021,8,ACCENT,SERVICE BRAKES
9565,2021,8,ACCENT,SEAT BELTS
9566,2021,8,ACCENT,STEERING
9567,2021,8,ACCENT,SEAT BELTS
9568,2021,21,ALLEGRO,SEAT BELTS
9569,2021,21,ALLEGRO,FUEL SYSTEM
9570,2021,21,ALLEGRO,ELECTRICAL SYSTEM
9571,2021,21,ALLEGRO,STRUCTURE
9572,2021,21,ALLEGRO,EQUIPMENT
9573,2021,98,TERRAIN,TIRES
9574,2021,98,TERRAIN,CHILD SEAT
9575,2021,119,COACHMEN,EXTERIOR LIGHTING
9576,2021,9576,BIGHORN,TIRES
9577,2021,9576,BIGHORN,STRUCTURE
9578,2021,9576,BIGHORN,SUSPENSION
9579,2021,37,PASSAT,WHEELS
9580,2021,2019,TUONO 660,ENGINE
9581,2021,98,YUKON XL,STEERING
9582,2021,98,YUKON XL,POWER TRAIN
9583,2021,98,YUKON XL,SEAT BELTS
9584,2021,98,YUKON XL,SEAT BELTS
9585,2021,98,YUKON XL,SEATS
9586,2021,98,YUKON XL,FUEL SYSTEM
9587,2021,98,YUKON XL,AIR BAGS
9588,2021,98,YUKON XL,SEAT BELTS
9589,2021,98,YUKON XL,SEAT BELTS
9590,2021,98,YUKON XL,EXTERIOR LIGHTING
9591,2021,98,YUKON XL,POWER TRAIN
9592,2021,98,YUKON XL,ENGINE AND ENGINE COOLING
9593,2021,64,JAY FEATHER,EQUIPMENT
9594,2021,64,JAY FEATHER,EQUIPMENT
9595,2021,64,JAY FEATHER,TIRES
9596,2021,64,JAY FEATHER,EQUIPMENT
9597,2021,1995,SLINGSHOT,WHEELS
9598,2021,1,MACAN,SUSPENSION
9599,2021,452,ASCENT,ELECTRICAL SYSTEM
9600,2021,8,TUCSON,SERVICE BRAKES
9601,2021,98,SIERRA 1500,SEAT BELTS
9602,2021,98,SIERRA 1500,SEAT BELTS
9603,2021,98,SIERRA 1500,TIRES
9604,2021,98,SIERRA 1500,TIRES
9605,2021,98,SIERRA 1500,POWER TRAIN
9606,2021,98,SIERRA 1500,ENGINE AND ENGINE COOLING
9607,2021,16,ENVISION,AIR BAGS
9608,2021,16,ENVISION,EXTERIOR LIGHTING
9609,2021,64,PRECEPT,ENGINE
9610,2021,64,PRECEPT,EQUIPMENT
9611,2021,64,PRECEPT,EQUIPMENT
9612,2021,64,PRECEPT,SUSPENSION
9613,2021,98,YUKON,STEERING
9614,2021,98,YUKON,POWER TRAIN
9615,2021,98,YUKON,SERVICE BRAKES
9616,2021,98,YUKON,SEAT BELTS
9617,2021,98,YUKON,FUEL SYSTEM
9618,2021,98,YUKON,SEATS
9619,2021,98,YUKON,FUEL SYSTEM
9620,2021,98,YUKON,AIR BAGS
9621,2021,98,YUKON,SEAT BELTS
9622,2021,98,YUKON,SEAT BELTS
9623,2021,98,YUKON,EXTERIOR LIGHTING
9624,2021,98,YUKON,POWER TRAIN
9625,2021,98,YUKON,ENGINE AND ENGINE COOLING
9626,2021,1,CAYENNE E-HYBRID,SEATS
9627,2021,1,CAYENNE E-HYBRID,ELECTRICAL SYSTEM
9628,2021,110,G90,ENGINE AND ENGINE COOLING
9629,2021,31,MOMENTUM,EQUIPMENT
9630,2021,31,MOMENTUM,EQUIPMENT
9631,2021,31,MOMENTUM,SUSPENSION
9632,2021,1245,PUMA,EQUIPMENT
9633,2021,1800,A6 ALLROAD,SEAT BELTS
9634,2021,1800,A6 ALLROAD,TIRES
9635,2021,1800,A6 ALLROAD,AIR BAGS
9636,2021,1800,A6 ALLROAD,EQUIPMENT
9637,2021,1800,A6 ALLROAD,ELECTRICAL SYSTEM
9638,2021,1800,A6 ALLROAD,SERVICE BRAKES
9639,2021,1800,A6 ALLROAD,ELECTRICAL SYSTEM
9640,2021,858,PROMASTER CITY,SEAT BELTS
9641,2021,858,PROMASTER CITY,SERVICE BRAKES
9642,2021,858,PROMASTER CITY,EXTERIOR LIGHTING
9643,2021,119,AURORA,EQUIPMENT
9644,2021,119,AURORA,ELECTRICAL SYSTEM
9645,2021,119,AURORA,EQUIPMENT
9646,2021,194,AMG GLC43,BACK OVER PREVENTION
9647,2021,194,AMG GLC43,SEATS
9648,2021,194,AMG GLC43,ELECTRICAL SYSTEM
9649,2021,194,AMG GLC43,EXTERIOR LIGHTING
9650,2021,194,AMG GLC43,ELECTRICAL SYSTEM
9651,2021,194,AMG GLC43,FUEL SYSTEM
9652,2021,194,AMG GLC43,EXTERIOR LIGHTING
9653,2021,858,PROMASTER,SEAT BELTS
9654,2021,858,PROMASTER,POWER TRAIN
9655,2021,858,PROMASTER,ELECTRICAL SYSTEM
9656,2021,858,PROMASTER,ELECTRONIC STABILITY CONTROL (ESC)
9657,2021,858,PROMASTER,STRUCTURE
9658,2021,858,PROMASTER,BACK OVER PREVENTION
9659,2021,858,PROMASTER,ENGINE AND ENGINE COOLING
9660,2021,3,OUTLAW,STRUCTURE
9661,2021,15,AVALON,AIR BAGS
9662,2021,15,AVALON,AIR BAGS
9663,2021,1232,POLESTAR 2,ELECTRICAL SYSTEM
9664,2021,1232,POLESTAR 2,EQUIPMENT
9665,2021,1232,POLESTAR 2,BACK OVER PREVENTION
9666,2021,1232,POLESTAR 2,SERVICE BRAKES
9667,2021,1232,POLESTAR 2,BACK OVER PREVENTION
9668,2021,119,COLUMBUS,SEATS
9669,2021,119,COLUMBUS,EQUIPMENT
9670,2021,119,COLUMBUS,EQUIPMENT
9671,2021,119,COLUMBUS,EQUIPMENT
9672,2021,1800,Q7,SEAT BELTS
9673,2021,1800,Q7,TIRES
9674,2021,1800,Q7,ELECTRICAL SYSTEM
9675,2021,1800,Q7,SUSPENSION
9676,2021,1800,Q7,AIR BAGS
9677,2021,1800,Q7,FUEL SYSTEM
9678,2021,1800,Q7,BACK OVER PREVENTION
9679,2021,1800,Q7,ELECTRICAL SYSTEM
9680,2021,8,VELOSTER,ENGINE
9681,2021,467,690 ENDURO R,TIRES
9682,2021,99,MONTANA HIGH COUNTRY,EQUIPMENT
9683,2021,99,MONTANA HIGH COUNTRY,EQUIPMENT
9684,2021,99,CROSSROADS REDWOOD,SUSPENSION
9685,2021,145,FLHXS,EXTERIOR LIGHTING
9686,2021,145,FLHTK,EXTERIOR LIGHTING
9687,2021,1157,COLEMAN,EQUIPMENT
9688,2021,1157,COLEMAN,SUSPENSION
9689,2021,1,PANAMERA,SEAT BELTS
9690,2021,1,PANAMERA,SUSPENSION
9691,2021,1,PANAMERA,ELECTRICAL SYSTEM
9692,2021,1,CAYENNE TURBO S E-HYBRID,ELECTRICAL SYSTEM
9693,2021,193,SCOUT,FUEL SYSTEM
9694,2021,119,SABRE,EQUIPMENT
9695,2021,194,AMG GLB35,BACK OVER PREVENTION
9696,2021,194,AMG GLB35,AIR BAGS
9697,2021,194,AMG GLB35,STRUCTURE
9698,2021,194,AMG GLB35,SUSPENSION
9699,2021,194,AMG GLB35,ELECTRICAL SYSTEM
9700,2021,194,AMG GLB35,BACK OVER PREVENTION
9701,2021,194,AMG GLB35,ELECTRICAL SYSTEM
9702,2021,77,F-350 SD,VISIBILITY
9703,2021,77,F-350 SD,STEERING
9704,2021,77,F-350 SD,FUEL SYSTEM
9705,2021,77,F-350 SD,POWER TRAIN
9706,2021,77,F-350 SD,POWER TRAIN
9707,2021,77,F-350 SD,TRAILER HITCHES
9708,2021,77,F-350 SD,STRUCTURE
9709,2021,77,F-350 SD,VISIBILITY
9710,2021,77,F-350 SD,EQUIPMENT
9711,2021,77,F-350 SD,FUEL SYSTEM
9712,2021,77,F-350 SD,BACK OVER PREVENTION
9713,2021,77,F-350 SD,FUEL SYSTEM
9714,2021,77,F-350 SD,STEERING
9715,2021,77,F-350 SD,BACK OVER PREVENTION
9716,2021,15,RAV4,AIR BAGS
9717,2021,82,SILVERADO 4500,SERVICE BRAKES
9718,2021,119,SUNSEEKER,SERVICE BRAKES
9719,2021,119,SUNSEEKER,AIR BAGS
9720,2021,119,SUNSEEKER,EQUIPMENT
9721,2021,119,SUNSEEKER,FUEL SYSTEM
9722,2021,669,MV,FUEL SYSTEM
9723,2021,669,MV,ENGINE AND ENGINE COOLING
9724,2021,669,MV,FUEL SYSTEM
9725,2021,669,MV,EXTERIOR LIGHTING
9726,2021,669,MV,SERVICE BRAKES
9727,2021,669,MV,ELECTRICAL SYSTEM
9728,2021,669,MV,ELECTRICAL SYSTEM
9729,2021,669,MV,SERVICE BRAKES
9730,2021,669,MV,SERVICE BRAKES
9731,2021,669,MV,EXTERIOR LIGHTING
9732,2021,669,MV,ELECTRICAL SYSTEM
9733,2021,669,MV,SERVICE BRAKES
9734,2021,669,MV,SERVICE BRAKES
9735,2021,1102,VALOR,ELECTRICAL SYSTEM
9736,2021,258,SPORTTREK,EQUIPMENT
9737,2021,258,SPORTTREK,EQUIPMENT
9738,2021,82,CAMARO,SEAT BELTS
9739,2021,82,CAMARO,POWER TRAIN
9740,2021,82,CAMARO,AIR BAGS
9741,2021,82,CAMARO,POWER TRAIN
9742,2021,2,REVEL,ELECTRICAL SYSTEM
9743,2021,2,REVEL,EQUIPMENT
9744,2021,2,REVEL,STRUCTURE
9745,2021,2,REVEL,ELECTRICAL SYSTEM
9746,2021,2,REVEL,ELECTRICAL SYSTEM
9747,2021,375,567,POWER TRAIN
9748,2021,375,567,SERVICE BRAKES
9749,2021,375,567,FUEL SYSTEM
9750,2021,375,567,ELECTRICAL SYSTEM
9751,2021,375,567,SERVICE BRAKES
9752,2021,375,567,ENGINE
9753,2021,375,567,FUEL SYSTEM
9754,2021,375,567,POWER TRAIN
9755,2021,375,567,SERVICE BRAKES
9756,2021,258,SPORTSMEN LE,EQUIPMENT
9757,2021,9757,LX,EQUIPMENT
9758,2021,9758,FUV,ELECTRICAL SYSTEM
9759,2021,9758,FUV,STEERING
9760,2021,9758,FUV,SEAT BELTS
9761,2021,9758,FUV,ELECTRICAL SYSTEM
9762,2021,9758,FUV,SERVICE BRAKES
9763,2021,9758,FUV,ELECTRICAL SYSTEM
9764,2021,9758,FUV,ELECTRICAL SYSTEM
9765,2021,8,ELANTRA HYBRID,BACK OVER PREVENTION
9766,2021,660,VILANO,EQUIPMENT
9767,2021,145,FLTRXS,EXTERIOR LIGHTING
9768,2021,119,SALEM,EQUIPMENT
9769,2021,119,SALEM,EQUIPMENT
9770,2021,119,SALEM,TRAILER HITCHES
9771,2021,119,SALEM,EQUIPMENT
9772,2021,119,SALEM,EQUIPMENT
9773,2021,119,SALEM,EXTERIOR LIGHTING
9774,2021,119,SALEM,EQUIPMENT
9775,2021,119,SALEM,STRUCTURE
9776,2021,119,SALEM,EQUIPMENT
9777,2021,119,SALEM,ELECTRICAL SYSTEM
9778,2021,77,EXPEDITION,AIR BAGS
9779,2021,77,EXPEDITION,VISIBILITY
9780,2021,77,EXPEDITION,ENGINE
9781,2021,77,EXPEDITION,EQUIPMENT
9782,2021,77,EXPEDITION,EQUIPMENT
9783,2021,77,EXPEDITION,BACK OVER PREVENTION
9784,2021,77,EXPEDITION,BACK OVER PREVENTION
9785,2021,77,EXPEDITION,VISIBILITY
9786,2021,306,X7,ELECTRICAL SYSTEM
9787,2021,306,X7,BACK OVER PREVENTION
9788,2021,306,X7,SEATS
9789,2021,306,X7,EXTERIOR LIGHTING
9790,2021,306,X7,SERVICE BRAKES
9791,2021,306,X7,STEERING
9792,2021,306,X7,EQUIPMENT
9793,2021,306,X7,VISIBILITY
9794,2021,306,X7,SEATS
9795,2021,375,389,POWER TRAIN
9796,2021,375,389,SERVICE BRAKES
9797,2021,375,389,SERVICE BRAKES
9798,2021,375,389,ENGINE
9799,2021,375,389,POWER TRAIN
9800,2021,375,389,SERVICE BRAKES
9801,2021,3,OMNI,EQUIPMENT
9802,2021,3,OMNI,EQUIPMENT
9803,2021,5095,18RB,EQUIPMENT
9804,2021,5095,18RB,EQUIPMENT
9805,2021,31,SOLITUDE,EQUIPMENT
9806,2021,31,SOLITUDE,EQUIPMENT
9807,2021,31,SOLITUDE,SUSPENSION
9808,2021,31,SOLITUDE,EQUIPMENT
9809,2021,618,DISCOVERY,EQUIPMENT
9810,2021,618,DISCOVERY,SUSPENSION
9811,2021,48,S2RV,STEERING
9812,2021,48,S2RV,VISIBILITY
9813,2021,9758,ROADSTER,ELECTRICAL SYSTEM
9814,2021,9758,ROADSTER,STEERING
9815,2021,9758,ROADSTER,ELECTRICAL SYSTEM
9816,2021,9758,ROADSTER,SERVICE BRAKES
9817,2021,9758,ROADSTER,ELECTRICAL SYSTEM
9818,2021,9758,ROADSTER,ELECTRICAL SYSTEM
9819,2021,44,BAY STAR SPORT,EQUIPMENT
9820,2021,44,BAY STAR SPORT,EQUIPMENT
9821,2021,44,BAY STAR SPORT,SEATS
9822,2021,44,BAY STAR SPORT,SEAT BELTS
9823,2021,82,TRAILBLAZER,SEATS
9824,2021,82,TRAILBLAZER,TIRES
9825,2021,82,TRAILBLAZER,SERVICE BRAKES
9826,2021,82,TRAILBLAZER,EQUIPMENT
9827,2021,15,CAMRY,AIR BAGS
9828,2021,1800,SQ8,SEAT BELTS
9829,2021,1800,SQ8,TIRES
9830,2021,1800,SQ8,ENGINE
9831,2021,1800,SQ8,BACK OVER PREVENTION
9832,2021,1800,SQ8,ELECTRICAL SYSTEM
9833,2021,306,X6,ELECTRICAL SYSTEM
9834,2021,306,X6,BACK OVER PREVENTION
9835,2021,306,X6,EXTERIOR LIGHTING
9836,2021,306,X6,SERVICE BRAKES
9837,2021,306,X6,TIRES
9838,2021,306,X6,STEERING
9839,2021,306,X6,VISIBILITY
9840,2021,1357,CX-30,STRUCTURE
9841,2021,1357,CX-30,TIRES
9842,2021,306,330E,SEAT BELTS
9843,2021,306,330E,BACK OVER PREVENTION
9844,2021,306,330E,SEAT BELTS
9845,2021,306,330E,ELECTRICAL SYSTEM
9846,2021,306,330E,ELECTRICAL SYSTEM
9847,2021,146,PILOT,ELECTRICAL SYSTEM
9848,2021,146,PILOT,BACK OVER PREVENTION
9849,2021,146,PILOT,TIRES
9850,2021,146,PILOT,VISIBILITY
9851,2021,146,PILOT,BACK OVER PREVENTION
9852,2021,146,PILOT,SERVICE BRAKES
9853,2021,146,PILOT,AIR BAGS
9854,2021,146,PILOT,FUEL SYSTEM
9855,2021,82,EQUINOX,SEAT BELTS
9856,2021,82,EQUINOX,TIRES
9857,2021,82,EQUINOX,FUEL SYSTEM
9858,2021,82,EQUINOX,CHILD SEAT
9859,2021,306,X5,SERVICE BRAKES
9860,2021,306,X5,ELECTRICAL SYSTEM
9861,2021,306,X5,BACK OVER PREVENTION
9862,2021,306,X5,SEATS
9863,2021,306,X5,EXTERIOR LIGHTING
9864,2021,306,X5,SERVICE BRAKES
9865,2021,306,X5,TIRES
9866,2021,306,X5,STEERING
9867,2021,306,X5,SUSPENSION
9868,2021,306,X5,ELECTRICAL SYSTEM
9869,2021,306,X5,ELECTRICAL SYSTEM
9870,2021,306,X5,VISIBILITY
9871,2021,155,RDX,POWER TRAIN
9872,2021,155,RDX,AIR BAGS
9873,2021,3,VEGAS,EQUIPMENT
9874,2021,15,C-HR,FORWARD COLLISION AVOIDANCE
9875,2021,44,BAY STAR,EQUIPMENT
9876,2021,44,BAY STAR,SEATS
9877,2021,44,BAY STAR,EQUIPMENT
9878,2021,44,BAY STAR,LATCHES/LOCKS/LINKAGES
9879,2021,44,BAY STAR,SEAT BELTS
9880,2021,429,MODEL 3,ELECTRICAL SYSTEM
9881,2021,429,MODEL 3,AIR BAGS
9882,2021,429,MODEL 3,SUSPENSION
9883,2021,429,MODEL 3,ELECTRICAL SYSTEM
9884,2021,429,MODEL 3,SERVICE BRAKES
9885,2021,429,MODEL 3,FORWARD COLLISION AVOIDANCE
9886,2021,429,MODEL 3,ELECTRICAL SYSTEM
9887,2021,429,MODEL 3,ELECTRICAL SYSTEM
9888,2021,429,MODEL 3,ELECTRICAL SYSTEM
9889,2021,429,MODEL 3,ELECTRICAL SYSTEM
9890,2021,429,MODEL 3,FORWARD COLLISION AVOIDANCE
9891,2021,429,MODEL 3,VISIBILITY
9892,2021,429,MODEL 3,SEAT BELTS
9893,2021,429,MODEL 3,STEERING
9894,2021,429,MODEL 3,ELECTRICAL SYSTEM
9895,2021,429,MODEL 3,ELECTRICAL SYSTEM
9896,2021,429,MODEL 3,FORWARD COLLISION AVOIDANCE
9897,2021,429,MODEL 3,SEAT BELTS
9898,2021,429,MODEL 3,LATCHES/LOCKS/LINKAGES
9899,2021,429,MODEL 3,TIRES
9900,2021,37,ATLAS CROSS SPORT,WHEELS
9901,2021,37,ATLAS CROSS SPORT,WHEELS
9902,2021,37,ATLAS CROSS SPORT,VISIBILITY
9903,2021,37,ATLAS CROSS SPORT,TIRES
9904,2021,37,ATLAS CROSS SPORT,STEERING
9905,2021,37,ATLAS CROSS SPORT,BACK OVER PREVENTION
9906,2021,37,ATLAS CROSS SPORT,STEERING
9907,2021,37,ATLAS CROSS SPORT,ELECTRICAL SYSTEM
9908,2021,37,ATLAS CROSS SPORT,EQUIPMENT
9909,2021,37,ATLAS CROSS SPORT,AIR BAGS
9910,2021,37,ATLAS CROSS SPORT,FUEL SYSTEM
9911,2021,37,ATLAS CROSS SPORT,BACK OVER PREVENTION
9912,2021,37,ATLAS CROSS SPORT,TIRES
9913,2021,37,ATLAS CROSS SPORT,AIR BAGS
9914,2021,82,COLORADO,SEAT BELTS
9915,2021,1357,MAZDA3,TIRES
9916,2021,146,CRF1100 AFRICA TWIN,ENGINE AND ENGINE COOLING
9917,2021,77,F-650,FUEL SYSTEM
9918,2021,77,F-650,POWER TRAIN
9919,2021,77,F-650,FUEL SYSTEM
9920,2021,1009,BASECAMP,TIRES
9921,2021,1009,BASECAMP,EQUIPMENT
9922,2021,1009,BASECAMP,VISIBILITY
9923,2021,1009,BASECAMP,EQUIPMENT
9924,2021,1009,BASECAMP,ELECTRICAL SYSTEM
9925,2021,1009,BASECAMP,STRUCTURE
9926,2021,1497,VNR,STEERING
9927,2021,1497,VNR,SERVICE BRAKES
9928,2021,1497,VNR,WHEELS
9929,2021,1497,VNR,SERVICE BRAKES
9930,2021,1497,VNR,STEERING
9931,2021,1497,VNR,EQUIPMENT
9932,2021,1497,VNR,EQUIPMENT ADAPTIVE/MOBILITY
9933,2021,1497,VNR,ELECTRICAL SYSTEM
9934,2021,1497,VNR,SEATS
9935,2021,128,CT4,AIR BAGS
9936,2021,128,CT4,AIR BAGS
9937,2021,128,CT4,EXTERIOR LIGHTING
9938,2021,128,CT4,POWER TRAIN
9939,2021,2,NAVION,EQUIPMENT
9940,2021,2,NAVION,EQUIPMENT
9941,2021,2,NAVION,STRUCTURE
9942,2021,2,NAVION,ELECTRICAL SYSTEM
9943,2021,2,NAVION,STRUCTURE
9944,2021,858,1500,BACK OVER PREVENTION
9945,2021,858,1500,BACK OVER PREVENTION
9946,2021,858,1500,TIRES
9947,2021,858,1500,AIR BAGS
9948,2021,858,1500,SERVICE BRAKES
9949,2021,858,1500,BACK OVER PREVENTION
9950,2021,858,1500,FUEL SYSTEM
9951,2021,858,1500,STRUCTURE
9952,2021,858,1500,BACK OVER PREVENTION
9953,2021,858,1500,POWER TRAIN
9954,2021,858,1500,SERVICE BRAKES
9955,2021,858,1500,VISIBILITY
9956,2021,858,1500,AIR BAGS
9957,2021,858,1500,AIR BAGS
9958,2021,99,RAPTOR,TIRES
9959,2021,99,RAPTOR,FUEL SYSTEM
9960,2021,146,CMX500,EXTERIOR LIGHTING
9961,2021,2812,VINTAGE CRUISER,EQUIPMENT
9962,2021,194,AMG CLA45,BACK OVER PREVENTION
9963,2021,194,AMG CLA45,ELECTRICAL SYSTEM
9964,2021,194,AMG CLA45,BACK OVER PREVENTION
9965,2021,194,AMG CLA45,ELECTRICAL SYSTEM
9966,2021,77,EXPLORER,SUSPENSION
9967,2021,77,EXPLORER,ENGINE
9968,2021,77,EXPLORER,BACK OVER PREVENTION
9969,2021,77,EXPLORER,AIR BAGS
9970,2021,77,EXPLORER,BACK OVER PREVENTION
9971,2021,77,EXPLORER,POWER TRAIN
9972,2021,77,EXPLORER,POWER TRAIN
9973,2021,77,EXPLORER,BACK OVER PREVENTION
9974,2021,77,EXPLORER,BACK OVER PREVENTION
9975,2021,77,EXPLORER,ELECTRICAL SYSTEM
9976,2021,77,EXPLORER,POWER TRAIN
9977,2021,77,EXPLORER,ENGINE
9978,2021,77,EXPLORER,ENGINE AND ENGINE COOLING
9979,2021,77,EXPLORER,EQUIPMENT
9980,2021,77,EXPLORER,SEAT BELTS
9981,2021,77,EXPLORER,BACK OVER PREVENTION
9982,2021,77,EXPLORER,POWER TRAIN
9983,2021,77,EXPLORER,SEATS
9984,2021,77,EXPLORER,BACK OVER PREVENTION
9985,2021,77,EXPLORER,FUEL SYSTEM
9986,2021,77,EXPLORER,EQUIPMENT
9987,2021,15,TUNDRA,EXTERIOR LIGHTING
9988,2021,15,TUNDRA,STEERING
9989,2021,15,TUNDRA,STEERING
9990,2021,1800,A6,SEAT BELTS
9991,2021,1800,A6,TIRES
9992,2021,1800,A6,AIR BAGS
9993,2021,1800,A6,ELECTRICAL SYSTEM
9994,2021,1800,A6,SUSPENSION
9995,2021,1800,A6,ELECTRICAL SYSTEM
9996,2021,1800,A6,BACK OVER PREVENTION
9997,2021,1800,A6,ELECTRICAL SYSTEM
9998,2021,1800,A6,SERVICE BRAKES
9999,2021,1800,A6,ELECTRICAL SYSTEM
10000,2021,467,890 ADVENTURE R,TIRES
10001,2021,288,CYCLONE,TIRES
10002,2021,288,CYCLONE,EQUIPMENT
10003,2021,288,CYCLONE,ELECTRICAL SYSTEM
10004,2021,1014,BUSINESS CLASS M2,ELECTRICAL SYSTEM
10005,2021,1014,BUSINESS CLASS M2,SERVICE BRAKES
10006,2021,1014,BUSINESS CLASS M2,ENGINE AND ENGINE COOLING
10007,2021,1014,BUSINESS CLASS M2,EXTERIOR LIGHTING
10008,2021,1014,BUSINESS CLASS M2,FUEL SYSTEM
10009,2021,1014,BUSINESS CLASS M2,STEERING
10010,2021,1014,BUSINESS CLASS M2,SERVICE BRAKES
10011,2021,1014,BUSINESS CLASS M2,STEERING
10012,2021,1014,BUSINESS CLASS M2,SUSPENSION
10013,2021,1014,BUSINESS CLASS M2,SERVICE BRAKES
10014,2021,1014,BUSINESS CLASS M2,SERVICE BRAKES
10015,2021,1014,BUSINESS CLASS M2,WHEELS
10016,2021,1014,BUSINESS CLASS M2,ELECTRONIC STABILITY CONTROL (ESC)
10017,2021,1014,BUSINESS CLASS M2,SUSPENSION
10018,2021,5614,PLATEAU,ELECTRICAL SYSTEM
10019,2021,5614,PLATEAU,ELECTRICAL SYSTEM
10020,2021,2,EKKO,SEAT BELTS
10021,2021,2,EKKO,EQUIPMENT
10022,2021,2,EKKO,ELECTRICAL SYSTEM
10023,2021,2,EKKO,LANE DEPARTURE
10024,2021,2,EKKO,EQUIPMENT
10025,2021,193,CHALLENGER LIMITED,EXTERIOR LIGHTING
10026,2021,77,MUSTANG,AIR BAGS
10027,2021,77,MUSTANG,AIR BAGS
10028,2021,77,MUSTANG,ELECTRICAL SYSTEM
10029,2021,77,MUSTANG,BACK OVER PREVENTION
10030,2021,77,MUSTANG,FUEL SYSTEM
10031,2021,77,MUSTANG,ELECTRICAL SYSTEM
10032,2021,98,SIERRA 2500,TIRES
10033,2021,98,SIERRA 2500,SERVICE BRAKES
10034,2021,98,SIERRA 2500,SEAT BELTS
10035,2021,98,SIERRA 2500,SEAT BELTS
10036,2021,98,SIERRA 2500,LATCHES/LOCKS/LINKAGES
10037,2021,98,SIERRA 2500,POWER TRAIN
10038,2021,1800,SQ7,SEAT BELTS
10039,2021,1800,SQ7,TIRES
10040,2021,1800,SQ7,ENGINE
10041,2021,1800,SQ7,BACK OVER PREVENTION
10042,2021,1800,SQ7,ELECTRICAL SYSTEM
10043,2021,1800,RS 7,ELECTRICAL SYSTEM
10044,2021,82,SILVERADO 3500,SERVICE BRAKES
10045,2021,82,SILVERADO 3500,SEAT BELTS
10046,2021,82,SILVERADO 3500,SEAT BELTS
10047,2021,82,SILVERADO 3500,LATCHES/LOCKS/LINKAGES
10048,2021,82,SILVERADO 3500,POWER TRAIN
10049,2021,194,AMG C43,SEATS
10050,2021,194,AMG C43,SEATS
10051,2021,194,AMG C43,ELECTRICAL SYSTEM
10052,2021,194,AMG C43,BACK OVER PREVENTION
10053,2021,194,AMG C43,ELECTRICAL SYSTEM
10054,2021,194,AMG C43,FUEL SYSTEM
10055,2021,92,CHARGER,VISIBILITY
10056,2021,92,CHARGER,AIR BAGS
10057,2021,306,R 1250 RS,EQUIPMENT
10058,2021,92,DURANGO,STRUCTURE
10059,2021,92,DURANGO,AIR BAGS
10060,2021,92,DURANGO,SERVICE BRAKES
10061,2021,92,DURANGO,STEERING
10062,2021,92,DURANGO,ENGINE AND ENGINE COOLING
10063,2021,92,DURANGO,STRUCTURE
10064,2021,92,DURANGO,BACK OVER PREVENTION
10065,2021,1,911 TURBO S,AIR BAGS
10066,2021,37,GLI,BACK OVER PREVENTION
10067,2021,1,911 CARRERA,SERVICE BRAKES
10068,2021,9,GLADIATOR,POWER TRAIN
10069,2021,9,GLADIATOR,BACK OVER PREVENTION
10070,2021,9,GLADIATOR,FUEL SYSTEM
10071,2021,9,GLADIATOR,POWER TRAIN
10072,2021,9,GLADIATOR,FUEL SYSTEM
10073,2021,9,GLADIATOR,POWER TRAIN
10074,2021,9,GLADIATOR,ELECTRICAL SYSTEM
10075,2021,92,CHALLENGER,ELECTRICAL SYSTEM
10076,2021,92,CHALLENGER,VISIBILITY
10077,2021,323,VISION,SEATS
10078,2021,323,VISION,PARKING BRAKE
10079,2021,323,VISION,ELECTRONIC STABILITY CONTROL (ESC)
10080,2021,323,VISION,SEAT BELTS
10081,2021,323,VISION,STEERING
10082,2021,323,VISION,FUEL SYSTEM
10083,2021,323,VISION,PARKING BRAKE
10084,2021,323,VISION,STEERING
10085,2021,323,VISION,ELECTRICAL SYSTEM
10086,2021,323,VISION,STEERING
10087,2021,323,VISION,SERVICE BRAKES
10088,2021,323,VISION,SEAT BELTS
10089,2021,323,VISION,ELECTRICAL SYSTEM
10090,2021,323,VISION,STRUCTURE
10091,2021,323,VISION,SEAT BELTS
10092,2021,323,VISION,STEERING
10093,2021,323,VISION,PARKING BRAKE
10094,2021,323,VISION,ELECTRICAL SYSTEM
10095,2021,323,VISION,ELECTRICAL SYSTEM
10096,2021,323,VISION,FUEL SYSTEM
10097,2021,323,VISION,FUEL SYSTEM
10098,2021,323,VISION,FUEL SYSTEM
10099,2021,323,VISION,POWER TRAIN
10100,2021,323,VISION,SERVICE BRAKES
10101,2021,323,VISION,ELECTRICAL SYSTEM
10102,2021,323,VISION,SEATS
10103,2021,323,VISION,FUEL SYSTEM
10104,2021,323,VISION,STRUCTURE
10105,2021,323,VISION,FUEL SYSTEM
10106,2021,323,VISION,FUEL SYSTEM
10107,2021,323,VISION,EQUIPMENT
10108,2021,323,VISION,EQUIPMENT
10109,2021,323,VISION,PARKING BRAKE
10110,2021,15,VENZA HYBRID,EXTERIOR LIGHTING
10111,2021,1800,RS Q8,SEAT BELTS
10112,2021,1800,RS Q8,TIRES
10113,2021,1800,RS Q8,SUSPENSION
10114,2021,1800,RS Q8,ENGINE
10115,2021,1800,RS Q8,BACK OVER PREVENTION
10116,2021,1800,RS Q8,ELECTRICAL SYSTEM
10117,2021,193,SCOUT BOBBER,FUEL SYSTEM
10118,2021,258,DURANGO GOLD,EQUIPMENT
10119,2021,258,DURANGO GOLD,EQUIPMENT
10120,2021,2,FORZA,EXTERIOR LIGHTING
10121,2021,2,FORZA,LATCHES/LOCKS/LINKAGES
10122,2021,8,SANTA FE,FUEL SYSTEM
10123,2021,8,SANTA FE,VISIBILITY
10124,2021,8,SANTA FE,AIR BAGS
10125,2021,8,SANTA FE,FUEL SYSTEM
10126,2021,8,SANTA FE,POWER TRAIN
10127,2021,8,SANTA FE,TRAILER HITCHES
10128,2021,8,SANTA FE,BACK OVER PREVENTION
10129,2021,21,ALLEGRO RED,SEAT BELTS
10130,2021,21,ALLEGRO RED,STRUCTURE
10131,2021,21,ALLEGRO RED,EQUIPMENT
10132,2021,146,GL1800,ENGINE AND ENGINE COOLING
10133,2021,146,GL1800,FUEL SYSTEM
10134,2021,146,GL1800,ENGINE AND ENGINE COOLING
10135,2021,2033,ZION SRT,ELECTRICAL SYSTEM
10136,2021,2033,ZION SRT,EQUIPMENT
10137,2021,2033,ZION SRT,EQUIPMENT
10138,2021,2033,ZION SRT,EQUIPMENT
10139,2021,2033,ZION SRT,EQUIPMENT
10140,2021,2033,ZION SRT,EQUIPMENT
10141,2021,82,CORVETTE,AIR BAGS
10142,2021,82,CORVETTE,POWER TRAIN
10143,2021,660,BEACON,EQUIPMENT
10144,2021,660,BEACON,STRUCTURE
10145,2021,77,F-750 SD,STRUCTURE
10146,2021,258,SPREE,EQUIPMENT
10147,2021,5614,ASCENT,ELECTRICAL SYSTEM
10148,2021,5095,24TB,EQUIPMENT
10149,2021,5095,24TB,EQUIPMENT
10150,2021,858,2500,ELECTRICAL SYSTEM
10151,2021,858,2500,AIR BAGS
10152,2021,858,2500,ELECTRICAL SYSTEM
10153,2021,858,2500,SERVICE BRAKES
10154,2021,858,2500,POWER TRAIN
10155,2021,858,2500,STRUCTURE
10156,2021,858,2500,ELECTRICAL SYSTEM
10157,2021,858,2500,AIR BAGS
10158,2021,618,BOUNDER,EQUIPMENT
10159,2021,618,BOUNDER,EQUIPMENT
10160,2021,618,BOUNDER,EQUIPMENT
10161,2021,618,BOUNDER,SUSPENSION
10162,2021,618,BOUNDER,EQUIPMENT
10163,2021,618,BOUNDER,TRAILER HITCHES
10164,2021,8,VELOSTER N,POWER TRAIN
10165,2021,8,VELOSTER N,FUEL SYSTEM
10166,2021,3,DELANO,AIR BAGS
10167,2021,145,XL883N,EXTERIOR LIGHTING
10168,2021,145,XL883N,SERVICE BRAKES
10169,2021,77,F-550 SD,VISIBILITY
10170,2021,77,F-550 SD,FUEL SYSTEM
10171,2021,77,F-550 SD,POWER TRAIN
10172,2021,77,F-550 SD,VISIBILITY
10173,2021,77,F-550 SD,EQUIPMENT
10174,2021,77,F-550 SD,FUEL SYSTEM
10175,2021,77,F-550 SD,BACK OVER PREVENTION
10176,2021,77,F-550 SD,FUEL SYSTEM
10177,2021,77,EDGE,POWER TRAIN
10178,2021,77,EDGE,SEAT BELTS
10179,2021,77,EDGE,BACK OVER PREVENTION
10180,2021,77,EDGE,ENGINE AND ENGINE COOLING
10181,2021,77,EDGE,BACK OVER PREVENTION
10182,2021,77,EDGE,BACK OVER PREVENTION
10183,2021,1906,VALENCIA,EQUIPMENT
10184,2021,119,WILDWOOD,EQUIPMENT
10185,2021,119,WILDWOOD,EQUIPMENT
10186,2021,119,WILDWOOD,TRAILER HITCHES
10187,2021,119,WILDWOOD,EQUIPMENT
10188,2021,119,WILDWOOD,EQUIPMENT
10189,2021,119,WILDWOOD,EXTERIOR LIGHTING
10190,2021,119,WILDWOOD,EQUIPMENT
10191,2021,119,WILDWOOD,STRUCTURE
10192,2021,119,WILDWOOD,EQUIPMENT
10193,2021,119,WILDWOOD,ELECTRICAL SYSTEM
10194,2021,119,SIERRA,STRUCTURE
10195,2021,146,CR-V,SEAT BELTS
10196,2021,146,CR-V,AIR BAGS
10197,2021,146,CR-V,FUEL SYSTEM
10198,2021,3474,XPEDITOR,FUEL SYSTEM
10199,2021,3474,XPEDITOR,ELECTRICAL SYSTEM
10200,2021,3474,XPEDITOR,ENGINE
10201,2021,3474,XPEDITOR,EXTERIOR LIGHTING
10202,2021,3474,XPEDITOR,ENGINE
10203,2021,3474,XPEDITOR,STEERING
10204,2021,3474,XPEDITOR,SEAT BELTS
10205,2021,3474,XPEDITOR,PARKING BRAKE
10206,2021,3474,XPEDITOR,SUSPENSION
10207,2021,3474,XPEDITOR,ELECTRICAL SYSTEM
10208,2021,3474,XPEDITOR,SERVICE BRAKES
10209,2021,3474,XPEDITOR,EXTERIOR LIGHTING
10210,2021,3474,XPEDITOR,ELECTRICAL SYSTEM
10211,2021,3474,XPEDITOR,STEERING
10212,2021,3474,XPEDITOR,EXTERIOR LIGHTING
10213,2021,3474,XPEDITOR,ELECTRICAL SYSTEM
10214,2021,3474,XPEDITOR,ELECTRICAL SYSTEM
10215,2021,3474,XPEDITOR,LATCHES/LOCKS/LINKAGES
10216,2021,3474,XPEDITOR,ELECTRICAL SYSTEM
10217,2021,3474,XPEDITOR,PARKING BRAKE
10218,2021,3474,XPEDITOR,SERVICE BRAKES
10219,2021,375,579,SERVICE BRAKES
10220,2021,375,579,ELECTRICAL SYSTEM
10221,2021,375,579,SERVICE BRAKES
10222,2021,375,579,ENGINE
10223,2021,375,579,SERVICE BRAKES
10224,2021,375,579,ELECTRICAL SYSTEM
10225,2021,375,579,FUEL SYSTEM
10226,2021,375,579,POWER TRAIN
10227,2021,375,579,SERVICE BRAKES
10228,2021,37,ATLAS,BACK OVER PREVENTION
10229,2021,37,ATLAS,STEERING
10230,2021,37,ATLAS,WHEELS
10231,2021,37,ATLAS,WHEELS
10232,2021,37,ATLAS,VISIBILITY
10233,2021,37,ATLAS,SEATS
10234,2021,37,ATLAS,EXTERIOR LIGHTING
10235,2021,37,ATLAS,TIRES
10236,2021,37,ATLAS,STEERING
10237,2021,37,ATLAS,ELECTRICAL SYSTEM
10238,2021,37,ATLAS,EQUIPMENT
10239,2021,37,ATLAS,AIR BAGS
10240,2021,37,ATLAS,FUEL SYSTEM
10241,2021,37,ATLAS,BACK OVER PREVENTION
10242,2021,37,ATLAS,TIRES
10243,2021,37,ATLAS,AIR BAGS
10244,2021,37,ATLAS,AIR BAGS
10245,2021,64,REDHAWK,EQUIPMENT
10246,2021,64,REDHAWK,STEERING
10247,2021,64,REDHAWK,STEERING
10248,2021,37,TIGUAN,SEATS
10249,2021,37,TIGUAN,BACK OVER PREVENTION
10250,2021,37,TIGUAN,SUSPENSION
10251,2021,37,TIGUAN,STRUCTURE
10252,2021,37,TIGUAN,BACK OVER PREVENTION
10253,2021,15,HIGHLANDER HYBRID,ELECTRONIC STABILITY CONTROL (ESC)
10254,2021,15,HIGHLANDER HYBRID,STRUCTURE
10255,2021,15,HIGHLANDER HYBRID,AIR BAGS
10256,2021,44,DUTCH STAR,EQUIPMENT
10257,2021,44,DUTCH STAR,ELECTRICAL SYSTEM
10258,2021,44,DUTCH STAR,STEERING
10259,2021,44,DUTCH STAR,EQUIPMENT
10260,2021,44,DUTCH STAR,SERVICE BRAKES
10261,2021,44,DUTCH STAR,FUEL SYSTEM
10262,2021,44,DUTCH STAR,FUEL SYSTEM
10263,2021,44,DUTCH STAR,FUEL SYSTEM
10264,2021,44,DUTCH STAR,FUEL SYSTEM
10265,2021,44,DUTCH STAR,EXTERIOR LIGHTING
10266,2021,44,DUTCH STAR,SUSPENSION
10267,2021,44,DUTCH STAR,STEERING
10268,2021,44,DUTCH STAR,SEATS
10269,2021,618,FORTIS,EQUIPMENT
10270,2021,618,FORTIS,SUSPENSION
10271,2021,618,FORTIS,EQUIPMENT
10272,2021,618,FORTIS,STRUCTURE
10273,2021,155,TLX,AIR BAGS
10274,2021,155,TLX,FUEL SYSTEM
10275,2021,155,TLX,SERVICE BRAKES
10276,2021,562,LEAF,EQUIPMENT
10277,2021,562,LEAF,VEHICLE SPEED CONTROL
10278,2021,562,LEAF,BACK OVER PREVENTION
10279,2021,562,LEAF,ELECTRICAL SYSTEM
10280,2021,119,BERKSHIRE,ELECTRICAL SYSTEM
10281,2021,119,BERKSHIRE,EQUIPMENT
10282,2021,119,BERKSHIRE,EXTERIOR LIGHTING
10283,2021,119,BERKSHIRE,EQUIPMENT
10284,2021,119,BERKSHIRE,TIRES
10285,2021,119,BERKSHIRE,EQUIPMENT
10286,2021,119,BERKSHIRE,ELECTRICAL SYSTEM
10287,2021,119,BERKSHIRE,EQUIPMENT
10288,2021,77,F-53,SUSPENSION
10289,2021,79,MESA RIDGE XLT,EQUIPMENT
10290,2021,16,ENCORE GX,SERVICE BRAKES
10291,2021,16,ENCORE GX,EQUIPMENT
10292,2021,1,PANAMERA 4S E-HYBRID,SUSPENSION
10293,2021,1,PANAMERA 4S E-HYBRID,ELECTRICAL SYSTEM
10294,2021,31,IMAGINE,STRUCTURE
10295,2021,31,IMAGINE,POWER TRAIN
10296,2021,31,IMAGINE,EQUIPMENT
10297,2021,599,VOYAGER,SEATS
10298,2021,599,VOYAGER,AIR BAGS
10299,2021,1357,CX-9,SEATS
10300,2021,8,NEXO,FUEL SYSTEM
10301,2021,8,NEXO,FUEL SYSTEM
10302,2021,130,ROCKET 3 GT,SERVICE BRAKES
10303,2021,130,ROCKET 3 GT,SERVICE BRAKES
10304,2021,1800,S5,SEAT BELTS
10305,2021,1800,S5,TIRES
10306,2021,1800,S5,EXTERIOR LIGHTING
10307,2021,1800,S5,SUSPENSION
10308,2021,1800,S5,BACK OVER PREVENTION
10309,2021,98,SIERRA 3500,SERVICE BRAKES
10310,2021,98,SIERRA 3500,SEAT BELTS
10311,2021,98,SIERRA 3500,SEAT BELTS
10312,2021,98,SIERRA 3500,LATCHES/LOCKS/LINKAGES
10313,2021,98,SIERRA 3500,POWER TRAIN
10314,2021,467,890 ADVENTURE R RALLY,TIRES
10315,2021,10315,STRADA,EQUIPMENT
10316,2021,1419,T880,POWER TRAIN
10317,2021,1419,T880,FUEL SYSTEM
10318,2021,1419,T880,ELECTRICAL SYSTEM
10319,2021,1419,T880,SERVICE BRAKES
10320,2021,1419,T880,ENGINE
10321,2021,1419,T880,SERVICE BRAKES
10322,2021,1419,T880,POWER TRAIN
10323,2021,1419,T880,SERVICE BRAKES
10324,2021,1995,SLINGSHOT R,BACK OVER PREVENTION
10325,2021,17,SORENTO,FUEL SYSTEM
10326,2021,17,SORENTO,TRAILER HITCHES
10327,2021,17,SORENTO,POWER TRAIN
10328,2021,17,SORENTO,ELECTRICAL SYSTEM
10329,2021,1800,Q3,SEAT BELTS
10330,2021,1800,Q3,FUEL SYSTEM
10331,2021,3,HURRICANE,EQUIPMENT
10332,2021,64,JAY FLIGHT SLX,EQUIPMENT
10333,2021,64,JAY FLIGHT SLX,EQUIPMENT
10334,2021,64,JAY FLIGHT SLX,EQUIPMENT
10335,2021,44,ESSEX,STEERING
10336,2021,44,ESSEX,EQUIPMENT
10337,2021,44,ESSEX,ELECTRICAL SYSTEM
10338,2021,44,ESSEX,EQUIPMENT
10339,2021,44,ESSEX,SUSPENSION
10340,2021,44,ESSEX,STEERING
10341,2021,64,SENECA PRESTIGE,STEERING
10342,2021,64,SENECA PRESTIGE,STEERING
10343,2021,64,SENECA PRESTIGE,TIRES
10344,2021,64,SENECA PRESTIGE,VISIBILITY
10345,2021,150,STELVIO,FUEL SYSTEM
10346,2021,150,STELVIO,SERVICE BRAKES
10347,2021,150,STELVIO,AIR BAGS
10348,2021,150,STELVIO,EQUIPMENT
10349,2021,150,STELVIO,AIR BAGS
10350,2021,150,STELVIO,BACK OVER PREVENTION
10351,2021,908,ASPIRE,ELECTRICAL SYSTEM
10352,2021,908,ASPIRE,FUEL SYSTEM
10353,2021,908,ASPIRE,FUEL SYSTEM
10354,2021,908,ASPIRE,STRUCTURE
10355,2021,908,ASPIRE,ELECTRICAL SYSTEM
10356,2021,908,ASPIRE,ENGINE
10357,2021,908,ASPIRE,SEATS
10358,2021,98,CANYON,SEAT BELTS
10359,2021,98,CANYON,EQUIPMENT
10360,2021,1497,VN,SEATS
10361,2021,1497,VN,ELECTRICAL SYSTEM
10362,2021,1357,MX-5,AIR BAGS
10363,2021,1564,ES,AIR BAGS
10364,2021,119,CEDAR CREEK,EQUIPMENT
10365,2021,119,CEDAR CREEK,EQUIPMENT
10366,2021,15,COROLLA,AIR BAGS
10367,2021,194,AMG CLS53,SEAT BELTS
10368,2021,194,AMG CLS53,BACK OVER PREVENTION
10369,2021,194,AMG CLS53,SEATS
10370,2021,194,AMG CLS53,AIR BAGS
10371,2021,194,AMG CLS53,STEERING
10372,2021,194,AMG CLS53,ELECTRICAL SYSTEM
10373,2021,194,AMG CLS53,ELECTRICAL SYSTEM
10374,2021,194,AMG CLS53,ELECTRICAL SYSTEM
10375,2021,194,AMG CLS53,ELECTRICAL SYSTEM
10376,2021,194,AMG CLS53,ELECTRICAL SYSTEM
10377,2021,145,XL1200NS,EXTERIOR LIGHTING
10378,2021,145,XL1200NS,SERVICE BRAKES
10379,2021,99,MONTANA,TIRES
10380,2021,99,MONTANA,EQUIPMENT
10381,2021,306,R 1250 RT,EQUIPMENT
10382,2021,306,R 1250 RT,POWER TRAIN
10383,2021,44,KOUNTRY STAR,EQUIPMENT
10384,2021,44,KOUNTRY STAR,STEERING
10385,2021,44,KOUNTRY STAR,SERVICE BRAKES
10386,2021,44,KOUNTRY STAR,EXTERIOR LIGHTING
10387,2021,44,KOUNTRY STAR,SEATS
10388,2021,44,KOUNTRY STAR,STEERING
10389,2021,64,GREYHAWK,EQUIPMENT
10390,2021,64,GREYHAWK,STEERING
10391,2021,64,GREYHAWK,STEERING
10392,2021,15,CAMRY HYBRID,AIR BAGS
10393,2021,6186,UC,SUSPENSION
10394,2021,119,VENGEANCE,EQUIPMENT
10395,2021,119,VENGEANCE,EQUIPMENT
10396,2021,3,SCOPE,EQUIPMENT
10397,2021,3,SCOPE,FUEL SYSTEM
10398,2021,3,SCOPE,EQUIPMENT
10399,2021,1014,M2,STEERING
10400,2021,1014,M2,VISIBILITY
10401,2021,1800,A5,SEAT BELTS
10402,2021,1800,A5,TIRES
10403,2021,1800,A5,EXTERIOR LIGHTING
10404,2021,1800,A5,SUSPENSION
10405,2021,1800,A5,BACK OVER PREVENTION
10406,2021,146,REBEL 1100,ENGINE AND ENGINE COOLING
10407,2021,1228,CRUSADER,TIRES
10408,2021,1228,CRUSADER,EQUIPMENT
10409,2021,599,300,VISIBILITY
10410,2021,599,300,AIR BAGS
10411,2021,908,ODYSSEY,EQUIPMENT
10412,2021,908,ODYSSEY,STEERING
10413,2021,908,ODYSSEY,STEERING
10414,2021,596,RYKER,ELECTRICAL SYSTEM
10415,2021,596,RYKER,FUEL SYSTEM
10416,2021,618,SOUTHWIND,EQUIPMENT
10417,2021,618,SOUTHWIND,EQUIPMENT
10418,2021,618,SOUTHWIND,EQUIPMENT
10419,2021,618,SOUTHWIND,SUSPENSION
10420,2021,618,SOUTHWIND,EQUIPMENT
10421,2021,618,SOUTHWIND,TRAILER HITCHES
10422,2021,562,SENTRA,STEERING
10423,2021,562,SENTRA,STEERING
10424,2021,562,SENTRA,BACK OVER PREVENTION
10425,2021,64,JAY FLIGHT,EQUIPMENT
10426,2021,64,JAY FLIGHT,EQUIPMENT
10427,2021,64,JAY FLIGHT,EQUIPMENT
10428,2021,119,FLAGSTAFF,STRUCTURE
10429,2021,119,FLAGSTAFF,EQUIPMENT
10430,2021,3,MAGNITUDE,EQUIPMENT
10431,2021,3,MAGNITUDE,EQUIPMENT
10432,2021,1009,INTERSTATE NINETEEN,ELECTRICAL SYSTEM
10433,2021,1009,INTERSTATE NINETEEN,EQUIPMENT
10434,2021,13,Q50,SUSPENSION
10435,2021,13,Q50,BACK OVER PREVENTION
10436,2021,13,Q50,ENGINE AND ENGINE COOLING
10437,2021,421,QUATTROPORTE,FUEL SYSTEM
10438,2021,421,QUATTROPORTE,SEAT BELTS
10439,2021,421,QUATTROPORTE,TIRES
10440,2021,421,QUATTROPORTE,FUEL SYSTEM
10441,2021,421,QUATTROPORTE,BACK OVER PREVENTION
10442,2021,17,FORTE,AIR BAGS
10443,2021,17,FORTE,STEERING
10444,2021,2253,SCRAMBLER,EXTERIOR LIGHTING
10445,2021,2253,SCRAMBLER,ELECTRICAL SYSTEM
10446,2021,99,FUZION,FUEL SYSTEM
10447,2021,99,FUZION,ELECTRICAL SYSTEM
10448,2021,99,FUZION,EQUIPMENT
10449,2021,99,FUZION,FUEL SYSTEM
10450,2021,1649,XV1900,EXTERIOR LIGHTING
10451,2021,77,F53,SUSPENSION
10452,2021,64,MELBOURNE PRESTIGE,STRUCTURE
10453,2021,64,MELBOURNE PRESTIGE,ELECTRICAL SYSTEM
10454,2021,64,MELBOURNE PRESTIGE,EQUIPMENT
10455,2021,64,MELBOURNE PRESTIGE,SUSPENSION
10456,2021,64,MELBOURNE PRESTIGE,POWER TRAIN
10457,2021,64,MELBOURNE PRESTIGE,ELECTRICAL SYSTEM
10458,2021,64,MELBOURNE PRESTIGE,VISIBILITY
10459,2021,128,ESCALADE,SEAT BELTS
10460,2021,128,ESCALADE,FUEL SYSTEM
10461,2021,128,ESCALADE,POWER TRAIN
10462,2021,128,ESCALADE,AIR BAGS
10463,2021,128,ESCALADE,SEAT BELTS
10464,2021,128,ESCALADE,SEAT BELTS
10465,2021,128,ESCALADE,EXTERIOR LIGHTING
10466,2021,128,ESCALADE,POWER TRAIN
10467,2021,128,ESCALADE,ENGINE AND ENGINE COOLING
10468,2021,128,ESCALADE,FUEL SYSTEM
10469,2021,44,VENTANA,ELECTRICAL SYSTEM
10470,2021,44,VENTANA,STEERING
10471,2021,44,VENTANA,EQUIPMENT
10472,2021,44,VENTANA,SERVICE BRAKES
10473,2021,44,VENTANA,STEERING
10474,2021,44,VENTANA,FUEL SYSTEM
10475,2021,44,VENTANA,FUEL SYSTEM
10476,2021,44,VENTANA,SERVICE BRAKES
10477,2021,44,VENTANA,FUEL SYSTEM
10478,2021,44,VENTANA,FUEL SYSTEM
10479,2021,44,VENTANA,SEATS
10480,2021,44,VENTANA,STEERING
10481,2021,4,SPORTSCOACH,EQUIPMENT
10482,2021,4,SPORTSCOACH,EQUIPMENT
10483,2021,4,SPORTSCOACH,EQUIPMENT
10484,2021,4,SPORTSCOACH,EQUIPMENT
10485,2021,82,TAHOE,STEERING
10486,2021,82,TAHOE,SERVICE BRAKES
10487,2021,82,TAHOE,POWER TRAIN
10488,2021,82,TAHOE,SEAT BELTS
10489,2021,82,TAHOE,SEAT BELTS
10490,2021,82,TAHOE,FUEL SYSTEM
10491,2021,82,TAHOE,SEATS
10492,2021,82,TAHOE,FUEL SYSTEM
10493,2021,82,TAHOE,SEAT BELTS
10494,2021,82,TAHOE,AIR BAGS
10495,2021,82,TAHOE,SEAT BELTS
10496,2021,82,TAHOE,SEAT BELTS
10497,2021,82,TAHOE,EXTERIOR LIGHTING
10498,2021,82,TAHOE,POWER TRAIN
10499,2021,82,TAHOE,ENGINE AND ENGINE COOLING
10500,2021,82,TAHOE,FUEL SYSTEM
10501,2021,452,LEGACY,POWER TRAIN
10502,2021,452,LEGACY,POWER TRAIN
10503,2021,452,LEGACY,AIR BAGS
10504,2021,128,XT6,FUEL SYSTEM
10505,2021,128,XT6,BACK OVER PREVENTION
10506,2021,15,4RUNNER,EQUIPMENT
10507,2021,17,TELLURIDE,AIR BAGS
10508,2021,17,TELLURIDE,TRAILER HITCHES
10509,2021,17,TELLURIDE,POWER TRAIN
10510,2021,17,TELLURIDE,SEATS
10511,2021,17,STINGER,ELECTRICAL SYSTEM
10512,2021,17,STINGER,FUEL SYSTEM
10513,2021,17,STINGER,SERVICE BRAKES
10514,2021,17,STINGER,FUEL SYSTEM
10515,2021,17,STINGER,ENGINE AND ENGINE COOLING
10516,2021,119,VIBE,EQUIPMENT
10517,2021,119,VIBE,EQUIPMENT
10518,2021,306,X3,BACK OVER PREVENTION
10519,2021,306,X3,BACK OVER PREVENTION
10520,2021,306,X3,FUEL SYSTEM
10521,2021,306,X3,ELECTRICAL SYSTEM
10522,2021,306,X3,ELECTRICAL SYSTEM
10523,2021,306,X3,SEATS
10524,2021,306,X3,STRUCTURE
10525,2021,306,X3,STRUCTURE
10526,2021,306,X3,ELECTRICAL SYSTEM
10527,2021,48,MT45,STEERING
10528,2021,8,VENUE,SEAT BELTS
10529,2021,8,VENUE,SEAT BELTS
10530,2021,82,SUBURBAN,STEERING
10531,2021,82,SUBURBAN,POWER TRAIN
10532,2021,82,SUBURBAN,SEAT BELTS
10533,2021,82,SUBURBAN,SEAT BELTS
10534,2021,82,SUBURBAN,SEATS
10535,2021,82,SUBURBAN,FUEL SYSTEM
10536,2021,82,SUBURBAN,AIR BAGS
10537,2021,82,SUBURBAN,SEAT BELTS
10538,2021,82,SUBURBAN,SEAT BELTS
10539,2021,82,SUBURBAN,EXTERIOR LIGHTING
10540,2021,82,SUBURBAN,POWER TRAIN
10541,2021,82,SUBURBAN,ENGINE AND ENGINE COOLING
10542,2021,562,ROGUE SPORT,SEAT BELTS
10543,2021,562,ROGUE SPORT,STRUCTURE
10544,2021,562,ROGUE SPORT,ELECTRICAL SYSTEM
10545,2021,128,ESCALADE ESV,STEERING
10546,2021,128,ESCALADE ESV,POWER TRAIN
10547,2021,128,ESCALADE ESV,SEAT BELTS
10548,2021,128,ESCALADE ESV,FUEL SYSTEM
10549,2021,128,ESCALADE ESV,AIR BAGS
10550,2021,128,ESCALADE ESV,SEAT BELTS
10551,2021,128,ESCALADE ESV,SEAT BELTS
10552,2021,128,ESCALADE ESV,EXTERIOR LIGHTING
10553,2021,128,ESCALADE ESV,POWER TRAIN
10554,2021,128,ESCALADE ESV,ENGINE AND ENGINE COOLING
10555,2021,119,WORK AND PLAY,EXTERIOR LIGHTING
10556,2021,82,TRAVERSE,POWER TRAIN
10557,2021,82,TRAVERSE,AIR BAGS
10558,2021,82,TRAVERSE,AIR BAGS
10559,2021,584,RANGE ROVER VELAR,SEAT BELTS
10560,2021,1726,ARMADA,EQUIPMENT
10561,2021,1726,ARMADA,SUSPENSION
10562,2021,77,E-450,ENGINE
10563,2021,77,E-450,SERVICE BRAKES
10564,2021,77,E-450,POWER TRAIN
10565,2021,77,E-450,STEERING
10566,2021,77,E-450,STEERING
10567,2021,1,TAYCAN,SUSPENSION
10568,2021,1,TAYCAN,SEAT BELTS
10569,2021,1,TAYCAN,SERVICE BRAKES
10570,2021,1,TAYCAN,SUSPENSION
10571,2021,1,TAYCAN,EXTERIOR LIGHTING
10572,2021,1,TAYCAN,ENGINE AND ENGINE COOLING
10573,2021,1,TAYCAN,SUSPENSION
10574,2021,1,TAYCAN,SEAT BELTS
10575,2021,1,TAYCAN,SEATS
10576,2021,1,TAYCAN,POWER TRAIN
10577,2021,1,TAYCAN,SUSPENSION
10578,2021,1,TAYCAN,ELECTRICAL SYSTEM
10579,2021,1,TAYCAN,SERVICE BRAKES
10580,2021,1,TAYCAN,ELECTRICAL SYSTEM
10581,2021,1,TAYCAN,ELECTRICAL SYSTEM
10582,2021,1,TAYCAN,ELECTRICAL SYSTEM
10583,2021,1,TAYCAN,ELECTRICAL SYSTEM
10584,2021,1,TAYCAN,SERVICE BRAKES
10585,2021,1,TAYCAN,ELECTRICAL SYSTEM
10586,2021,1,TAYCAN,ELECTRICAL SYSTEM
10587,2021,306,M440I,SEAT BELTS
10588,2021,306,M440I,ELECTRICAL SYSTEM
10589,2021,306,M440I,BACK OVER PREVENTION
10590,2021,306,M440I,AIR BAGS
10591,2021,306,M440I,SEAT BELTS
10592,2021,119,STEALTH,EQUIPMENT
10593,2021,14,NAUTILUS,ENGINE AND ENGINE COOLING
10594,2021,14,NAUTILUS,BACK OVER PREVENTION
10595,2021,82,SILVERADO 1500,SEAT BELTS
10596,2021,82,SILVERADO 1500,SEAT BELTS
10597,2021,82,SILVERADO 1500,TIRES
10598,2021,82,SILVERADO 1500,AIR BAGS
10599,2021,82,SILVERADO 1500,TIRES
10600,2021,82,SILVERADO 1500,POWER TRAIN
10601,2021,82,SILVERADO 1500,ENGINE AND ENGINE COOLING
10602,2021,306,R 1250 GS,EQUIPMENT
10603,2021,306,R 1250 GS,POWER TRAIN
10604,2021,584,DISCOVERY,ELECTRICAL SYSTEM
10605,2021,584,DISCOVERY,SEAT BELTS
10606,2021,2,TRAVATO,ELECTRICAL SYSTEM
10607,2021,2,TRAVATO,SEAT BELTS
10608,2021,2,TRAVATO,STRUCTURE
10609,2021,2,TRAVATO,EQUIPMENT
10610,2021,2,TRAVATO,FUEL SYSTEM
10611,2021,2,TRAVATO,STRUCTURE
10612,2021,3,ACE,VISIBILITY
10613,2021,2,SOLIS,SEAT BELTS
10614,2021,2,SOLIS,EQUIPMENT
10615,2021,2,SOLIS,FUEL SYSTEM
10616,2021,14,AVIATOR,SUSPENSION
10617,2021,14,AVIATOR,ENGINE
10618,2021,14,AVIATOR,BACK OVER PREVENTION
10619,2021,14,AVIATOR,BACK OVER PREVENTION
10620,2021,14,AVIATOR,STEERING
10621,2021,14,AVIATOR,AIR BAGS
10622,2021,14,AVIATOR,VISIBILITY
10623,2021,14,AVIATOR,SEAT BELTS
10624,2021,14,AVIATOR,BACK OVER PREVENTION
10625,2021,14,AVIATOR,BACK OVER PREVENTION
10626,2021,14,AVIATOR,BACK OVER PREVENTION
10627,2021,14,AVIATOR,ELECTRICAL SYSTEM
10628,2021,14,AVIATOR,BACK OVER PREVENTION
10629,2021,14,AVIATOR,ENGINE AND ENGINE COOLING
10630,2021,14,AVIATOR,EQUIPMENT
10631,2021,14,AVIATOR,SEAT BELTS
10632,2021,14,AVIATOR,BACK OVER PREVENTION
10633,2021,14,AVIATOR,SEAT BELTS
10634,2021,14,AVIATOR,ELECTRICAL SYSTEM
10635,2021,14,AVIATOR,SEATS
10636,2021,14,AVIATOR,STRUCTURE
10637,2021,14,AVIATOR,BACK OVER PREVENTION
10638,2021,14,AVIATOR,FUEL SYSTEM
10639,2021,99,SPRINGDALE,EQUIPMENT
10640,2021,119,CARDINAL,EQUIPMENT
10641,2021,119,CARDINAL,EQUIPMENT
10642,2021,119,CARDINAL,EQUIPMENT
10643,2021,119,CARDINAL,TIRES
10644,2021,119,CARDINAL,EQUIPMENT
10645,2021,119,CARDINAL,EQUIPMENT
10646,2021,306,M4,SEAT BELTS
10647,2021,306,M4,SERVICE BRAKES
10648,2021,10648,HORSE TRAILER,EQUIPMENT
10649,2021,258,SONIC,EQUIPMENT
10650,2021,258,SONIC,EQUIPMENT
10651,2021,258,SONIC,EQUIPMENT
10652,2021,562,KICKS,STEERING
10653,2021,562,KICKS,STEERING
10654,2021,4,CLIPPER,EQUIPMENT
10655,2021,194,AMG E53,SEAT BELTS
10656,2021,194,AMG E53,SEATS
10657,2021,194,AMG E53,BACK OVER PREVENTION
10658,2021,194,AMG E53,SEATS
10659,2021,194,AMG E53,SEATS
10660,2021,194,AMG E53,AIR BAGS
10661,2021,194,AMG E53,ELECTRICAL SYSTEM
10662,2021,194,AMG E53,SEATS
10663,2021,194,AMG E53,STEERING
10664,2021,194,AMG E53,ELECTRICAL SYSTEM
10665,2021,194,AMG E53,ELECTRICAL SYSTEM
10666,2021,194,AMG E53,ELECTRICAL SYSTEM
10667,2021,194,AMG E53,FUEL SYSTEM
10668,2021,194,AMG E53,ELECTRICAL SYSTEM
10669,2021,194,AMG E53,ELECTRICAL SYSTEM
10670,2021,15,RAV4 HYBRID,AIR BAGS
10671,2021,4300,CONTINENTAL GT,EQUIPMENT
10672,2021,4300,CONTINENTAL GT,SEATS
10673,2021,4300,CONTINENTAL GT,SEAT BELTS
10674,2021,1228,AVENGER,TRAILER HITCHES
10675,2021,1228,AVENGER,EQUIPMENT
10676,2021,1800,Q5,SEAT BELTS
10677,2021,1800,Q5,TIRES
10678,2021,1800,Q5,ELECTRICAL SYSTEM
10679,2021,1800,Q5,SUSPENSION
10680,2021,1800,Q5,BACK OVER PREVENTION
10681,2021,1800,Q5,ENGINE AND ENGINE COOLING
10682,2021,1800,Q5,ELECTRICAL SYSTEM
10683,2021,1800,Q5,ELECTRICAL SYSTEM
10684,2021,669,LT,SERVICE BRAKES
10685,2021,669,LT,PARKING BRAKE
10686,2021,669,LT,ENGINE
10687,2021,669,LT,ENGINE
10688,2021,669,LT,ENGINE
10689,2021,669,LT,ELECTRICAL SYSTEM
10690,2021,669,LT,ELECTRICAL SYSTEM
10691,2021,669,LT,ENGINE
10692,2021,669,LT,ENGINE AND ENGINE COOLING
10693,2021,669,LT,SERVICE BRAKES
10694,2021,669,LT,EXTERIOR LIGHTING
10695,2021,669,LT,ELECTRICAL SYSTEM
10696,2021,82,SILVERADO 6500,SERVICE BRAKES
10697,2021,1800,Q8,SEAT BELTS
10698,2021,1800,Q8,TIRES
10699,2021,1800,Q8,SUSPENSION
10700,2021,1800,Q8,FUEL SYSTEM
10701,2021,1800,Q8,BACK OVER PREVENTION
10702,2021,1800,Q8,ELECTRICAL SYSTEM
10703,2021,77,E-350,ENGINE
10704,2021,77,E-350,SERVICE BRAKES
10705,2021,77,E-350,POWER TRAIN
10706,2021,77,E-350,STEERING
10707,2021,77,E-350,STEERING
10708,2021,10708,SOLO G3,ELECTRICAL SYSTEM
10709,2021,1800,A5 CABRIOLET,SEAT BELTS
10710,2021,1800,A5 CABRIOLET,TIRES
10711,2021,1800,A5 CABRIOLET,BACK OVER PREVENTION
10712,2021,1564,LS,AIR BAGS
10713,2021,119,PALOMINO,EQUIPMENT
10714,2021,467,1290 SUPER DUKE R,ELECTRICAL SYSTEM
10715,2021,858,3500,ELECTRICAL SYSTEM
10716,2021,858,3500,AIR BAGS
10717,2021,858,3500,WHEELS
10718,2021,858,3500,ELECTRICAL SYSTEM
10719,2021,858,3500,SERVICE BRAKES
10720,2021,858,3500,POWER TRAIN
10721,2021,858,3500,STRUCTURE
10722,2021,858,3500,ELECTRICAL SYSTEM
10723,2021,858,3500,AIR BAGS
10724,2021,575,SILVER LAKE,EQUIPMENT
10725,2021,575,SILVER LAKE,EQUIPMENT
10726,2021,44,NEW AIRE,ELECTRICAL SYSTEM
10727,2021,44,NEW AIRE,STEERING
10728,2021,44,NEW AIRE,EQUIPMENT
10729,2021,44,NEW AIRE,SERVICE BRAKES
10730,2021,44,NEW AIRE,FUEL SYSTEM
10731,2021,44,NEW AIRE,FUEL SYSTEM
10732,2021,44,NEW AIRE,FUEL SYSTEM
10733,2021,44,NEW AIRE,FUEL SYSTEM
10734,2021,44,NEW AIRE,STEERING
10735,2021,44,NEW AIRE,SEATS
10736,2021,8,SANTA FE HYBRID,SEAT BELTS
10737,2021,8,SANTA FE HYBRID,TRAILER HITCHES
10738,2021,8,SANTA FE HYBRID,BACK OVER PREVENTION
10739,2021,99,COUGAR,EQUIPMENT
10740,2021,99,COUGAR,EQUIPMENT
10741,2021,99,COUGAR,EQUIPMENT
10742,2021,99,COUGAR,ELECTRICAL SYSTEM
10743,2021,99,COUGAR,STRUCTURE
10744,2021,99,COUGAR,ELECTRICAL SYSTEM
10745,2021,99,COUGAR,STRUCTURE
10746,2021,306,X1,SEAT BELTS
10747,2021,4,SPIRIT,EQUIPMENT
10748,2021,79,MESA RIDGE,EQUIPMENT
10749,2021,79,MESA RIDGE,EQUIPMENT
10750,2021,79,MESA RIDGE,EQUIPMENT
10751,2021,128,XT4,SEAT BELTS
10752,2021,99,HIDEOUT,EQUIPMENT
10753,2021,119,CHEROKEE,EQUIPMENT
10754,2021,119,CHEROKEE,ELECTRICAL SYSTEM
10755,2021,119,CHEROKEE,EQUIPMENT
10756,2021,1800,A8,BACK OVER PREVENTION
10757,2021,1800,A8,SEAT BELTS
10758,2021,1800,A8,TIRES
10759,2021,1800,A8,ENGINE AND ENGINE COOLING
10760,2021,1800,A8,SUSPENSION
10761,2021,1800,A8,BACK OVER PREVENTION
10762,2021,1800,A8,EQUIPMENT
10763,2021,1800,A8,ELECTRICAL SYSTEM
10764,2021,1800,A8,ELECTRICAL SYSTEM
10765,2021,146,ACCORD HYBRID,SEAT BELTS
10766,2021,146,ACCORD HYBRID,AIR BAGS
10767,2021,1009,FLYING CLOUD,EQUIPMENT
10768,2021,1009,FLYING CLOUD,EQUIPMENT
10769,2021,3,ARIA,TIRES
10770,2021,3,ARIA,STRUCTURE
10771,2021,77,F-650 SD,STRUCTURE
10772,2021,306,S 1000 XR,ELECTRICAL SYSTEM
10773,2021,98,ACADIA,FUEL SYSTEM
10774,2021,98,ACADIA,BACK OVER PREVENTION
10775,2021,4,FREEDOM EXPRESS,EQUIPMENT
10776,2021,452,IMPREZA,SUSPENSION
10777,2021,452,IMPREZA,POWER TRAIN
10778,2021,562,VERSA,EXTERIOR LIGHTING
10779,2021,562,VERSA,STEERING
10780,2021,562,VERSA,STEERING
10781,2021,9,WRANGLER,POWER TRAIN
10782,2021,9,WRANGLER,BACK OVER PREVENTION
10783,2021,9,WRANGLER,SEAT BELTS
10784,2021,9,WRANGLER,FUEL SYSTEM
10785,2021,9,WRANGLER,ENGINE
10786,2021,9,WRANGLER,POWER TRAIN
10787,2021,9,WRANGLER,STRUCTURE
10788,2021,9,WRANGLER,FUEL SYSTEM
10789,2021,9,WRANGLER,ELECTRICAL SYSTEM
10790,2021,9,WRANGLER,VISIBILITY
10791,2021,9,WRANGLER,POWER TRAIN
10792,2021,9,WRANGLER,ELECTRICAL SYSTEM
10793,2021,9,WRANGLER,BACK OVER PREVENTION
10794,2021,9,WRANGLER,ELECTRICAL SYSTEM
10795,2021,562,ROGUE,FUEL SYSTEM
10796,2021,562,ROGUE,SERVICE BRAKES
10797,2021,562,ROGUE,WHEELS
10798,2021,562,ROGUE,FUEL SYSTEM
10799,2021,562,ROGUE,SEATS
10800,2021,562,ROGUE,BACK OVER PREVENTION
10801,2021,562,ROGUE,SEAT BELTS
10802,2021,562,ROGUE,BACK OVER PREVENTION
10803,2021,562,ROGUE,SERVICE BRAKES
10804,2021,562,ROGUE,ENGINE AND ENGINE COOLING
10805,2021,9,RENEGADE,AIR BAGS
10806,2021,9,RENEGADE,EXTERIOR LIGHTING
10807,2021,128,XT5,FUEL SYSTEM
10808,2021,128,XT5,BACK OVER PREVENTION
10809,2021,1419,W900,POWER TRAIN
10810,2021,1419,W900,ENGINE
10811,2021,1419,W900,SEAT BELTS
10812,2021,21,ALLEGRO BREEZE,SEAT BELTS
10813,2021,21,ALLEGRO BREEZE,ELECTRICAL SYSTEM
10814,2021,21,ALLEGRO BREEZE,EQUIPMENT
10815,2021,21,ALLEGRO BREEZE,EQUIPMENT
10816,2021,1726,VACATIONER,EQUIPMENT
10817,2021,1726,VACATIONER,EQUIPMENT
10818,2021,1726,VACATIONER,EQUIPMENT
10819,2021,1726,VACATIONER,SUSPENSION
10820,2021,1726,VACATIONER,EQUIPMENT
10821,2021,1726,VACATIONER,TRAILER HITCHES
10822,2021,82,MALIBU,SEAT BELTS
10823,2021,82,MALIBU,SEATS
10824,2021,119,PUMA,EQUIPMENT
10825,2021,119,PUMA,EQUIPMENT
10826,2021,119,PUMA,EQUIPMENT
10827,2021,1419,T440,FUEL SYSTEM
10828,2021,1419,T440,FUEL SYSTEM
10829,2021,1419,T440,SERVICE BRAKES
10830,2021,1419,T440,SERVICE BRAKES
10831,2021,262,OUTLANDER SPORT,POWER TRAIN
10832,2021,2253,MULTISTRADA,ENGINE
10833,2021,145,RA1250S,ELECTRICAL SYSTEM
10834,2021,146,CR-V HYBRID,ELECTRICAL SYSTEM
10835,2021,146,CR-V HYBRID,AIR BAGS
10836,2021,908,ESTEEM,EQUIPMENT
10837,2021,908,ESTEEM,STEERING
10838,2021,908,ESTEEM,STEERING
10839,2021,146,CRF1100,ELECTRICAL SYSTEM
10840,2021,306,M5,BACK OVER PREVENTION
10841,2021,4,APEX,EQUIPMENT
10842,2021,505,ANTHEM (AN),WHEELS
10843,2021,505,ANTHEM (AN),ELECTRONIC STABILITY CONTROL (ESC)
10844,2021,505,ANTHEM (AN),STEERING
10845,2021,505,ANTHEM (AN),SERVICE BRAKES
10846,2021,505,ANTHEM (AN),SEAT BELTS
10847,2021,429,MODEL S,ELECTRICAL SYSTEM
10848,2021,429,MODEL S,AIR BAGS
10849,2021,429,MODEL S,ELECTRICAL SYSTEM
10850,2021,429,MODEL S,LATCHES/LOCKS/LINKAGES
10851,2021,429,MODEL S,FORWARD COLLISION AVOIDANCE
10852,2021,429,MODEL S,ELECTRICAL SYSTEM
10853,2021,429,MODEL S,ELECTRICAL SYSTEM
10854,2021,429,MODEL S,AIR BAGS
10855,2021,429,MODEL S,ELECTRICAL SYSTEM
10856,2021,429,MODEL S,BACK OVER PREVENTION
10857,2021,429,MODEL S,VISIBILITY
10858,2021,429,MODEL S,VISIBILITY
10859,2021,429,MODEL S,STEERING
10860,2021,429,MODEL S,STEERING
10861,2021,429,MODEL S,SEAT BELTS
10862,2021,429,MODEL S,STEERING
10863,2021,429,MODEL S,ELECTRICAL SYSTEM
10864,2021,429,MODEL S,ELECTRICAL SYSTEM
10865,2021,429,MODEL S,FORWARD COLLISION AVOIDANCE
10866,2021,429,MODEL S,SEAT BELTS
10867,2021,429,MODEL S,LATCHES/LOCKS/LINKAGES
10868,2021,429,MODEL S,AIR BAGS
10869,2021,429,MODEL S,AIR BAGS
10870,2020,77,F53,SUSPENSION
10871,2020,452,ASCENT,POWER TRAIN
10872,2020,452,ASCENT,STEERING
10873,2020,452,ASCENT,FUEL SYSTEM
10874,2020,452,ASCENT,ELECTRICAL SYSTEM
10875,2020,505,GRANITE (GR),VISIBILITY
10876,2020,505,GRANITE (GR),STEERING
10877,2020,505,GRANITE (GR),ELECTRONIC STABILITY CONTROL (ESC)
10878,2020,505,GRANITE (GR),EXTERIOR LIGHTING
10879,2020,505,GRANITE (GR),TIRES
10880,2020,505,GRANITE (GR),SERVICE BRAKES
10881,2020,505,GRANITE (GR),SEAT BELTS
10882,2020,1497,V60CC,FORWARD COLLISION AVOIDANCE
10883,2020,1497,V60CC,ELECTRICAL SYSTEM
10884,2020,1497,V60CC,STEERING
10885,2020,194,SPRINTER (VS30),SERVICE BRAKES
10886,2020,194,SPRINTER (VS30),AIR BAGS
10887,2020,194,SPRINTER (VS30),VISIBILITY
10888,2020,37,TIGUAN,SEATS
10889,2020,37,TIGUAN,SEAT BELTS
10890,2020,37,TIGUAN,STRUCTURE
10891,2020,82,TAHOE,TIRES
10892,2020,82,TAHOE,FUEL SYSTEM
10893,2020,82,TAHOE,SERVICE BRAKES
10894,2020,13,QX80,FUEL SYSTEM
10895,2020,145,FLTRXS,EXTERIOR LIGHTING
10896,2020,119,BERKSHIRE,SERVICE BRAKES
10897,2020,119,BERKSHIRE,TIRES
10898,2020,119,BERKSHIRE,EQUIPMENT
10899,2020,119,BERKSHIRE,EQUIPMENT
10900,2020,119,BERKSHIRE,EXTERIOR LIGHTING
10901,2020,1,CAYENNE TURBO S E-HYBRID,ELECTRICAL SYSTEM
10902,2020,452,LEGACY,BACK OVER PREVENTION
10903,2020,452,LEGACY,POWER TRAIN
10904,2020,452,LEGACY,FUEL SYSTEM
10905,2020,452,LEGACY,SERVICE BRAKES
10906,2020,452,LEGACY,POWER TRAIN
10907,2020,452,LEGACY,AIR BAGS
10908,2020,92,DURANGO,BACK OVER PREVENTION
10909,2020,92,DURANGO,AIR BAGS
10910,2020,596,RYKER,WHEELS
10911,2020,596,RYKER,WHEELS
10912,2020,596,RYKER,ELECTRICAL SYSTEM
10913,2020,596,RYKER,FUEL SYSTEM
10914,2020,858,1500,VISIBILITY
10915,2020,858,1500,SEAT BELTS
10916,2020,858,1500,BACK OVER PREVENTION
10917,2020,858,1500,AIR BAGS
10918,2020,858,1500,VISIBILITY
10919,2020,858,1500,AIR BAGS
10920,2020,858,1500,AIR BAGS
10921,2020,858,1500,VEHICLE SPEED CONTROL
10922,2020,858,1500,BACK OVER PREVENTION
10923,2020,858,1500,FUEL SYSTEM
10924,2020,858,1500,STRUCTURE
10925,2020,858,1500,VISIBILITY
10926,2020,858,1500,AIR BAGS
10927,2020,17,SEDONA,ELECTRICAL SYSTEM
10928,2020,1800,S5,TIRES
10929,2020,1800,S5,SUSPENSION
10930,2020,1800,S5,SEATS
10931,2020,1800,S5,EXTERIOR LIGHTING
10932,2020,9,WRANGLER,BACK OVER PREVENTION
10933,2020,9,WRANGLER,SUSPENSION
10934,2020,9,WRANGLER,FUEL SYSTEM
10935,2020,9,WRANGLER,POWER TRAIN
10936,2020,9,WRANGLER,POWER TRAIN
10937,2020,9,WRANGLER,BACK OVER PREVENTION
10938,2020,9,WRANGLER,FUEL SYSTEM
10939,2020,9,WRANGLER,POWER TRAIN
10940,2020,9,WRANGLER,STRUCTURE
10941,2020,9,WRANGLER,ELECTRICAL SYSTEM
10942,2020,9,WRANGLER,BACK OVER PREVENTION
10943,2020,9,WRANGLER,ELECTRICAL SYSTEM
10944,2020,1800,A7,TIRES
10945,2020,1800,A7,AIR BAGS
10946,2020,1800,A7,SUSPENSION
10947,2020,1800,A7,AIR BAGS
10948,2020,1800,A7,ELECTRICAL SYSTEM
10949,2020,1800,A7,ELECTRICAL SYSTEM
10950,2020,1800,A7,SERVICE BRAKES
10951,2020,92,CHARGER,BACK OVER PREVENTION
10952,2020,92,CHARGER,VISIBILITY
10953,2020,92,CHARGER,AIR BAGS
10954,2020,1497,V90CC,FORWARD COLLISION AVOIDANCE
10955,2020,1497,V90CC,ELECTRICAL SYSTEM
10956,2020,77,F-250 SD,VISIBILITY
10957,2020,77,F-250 SD,STEERING
10958,2020,77,F-250 SD,POWER TRAIN
10959,2020,77,F-250 SD,TIRES
10960,2020,77,F-250 SD,BACK OVER PREVENTION
10961,2020,77,F-250 SD,STRUCTURE
10962,2020,77,F-250 SD,VISIBILITY
10963,2020,77,F-250 SD,POWER TRAIN
10964,2020,77,F-250 SD,BACK OVER PREVENTION
10965,2020,77,F-250 SD,EQUIPMENT
10966,2020,77,F-250 SD,FUEL SYSTEM
10967,2020,77,F-250 SD,BACK OVER PREVENTION
10968,2020,77,F-250 SD,STEERING
10969,2020,77,F-250 SD,BACK OVER PREVENTION
10970,2020,77,ECOSPORT,AIR BAGS
10971,2020,77,ECOSPORT,ENGINE AND ENGINE COOLING
10972,2020,77,ECOSPORT,BACK OVER PREVENTION
10973,2020,584,DEFENDER,EXTERIOR LIGHTING
10974,2020,584,DEFENDER,EQUIPMENT
10975,2020,584,DEFENDER,POWER TRAIN
10976,2020,584,DEFENDER,ENGINE AND ENGINE COOLING
10977,2020,584,DEFENDER,EQUIPMENT
10978,2020,908,VISION,ENGINE
10979,2020,908,VISION,VISIBILITY
10980,2020,1,CAYENNE S,SEATS
10981,2020,82,TRAVERSE,TIRES
10982,2020,82,TRAVERSE,POWER TRAIN
10983,2020,82,TRAVERSE,FUEL SYSTEM
10984,2020,82,TRAVERSE,TIRES
10985,2020,82,TRAVERSE,AIR BAGS
10986,2020,82,TRAVERSE,POWER TRAIN
10987,2020,82,TRAVERSE,STRUCTURE
10988,2020,82,TRAVERSE,AIR BAGS
10989,2020,306,X1,AIR BAGS
10990,2020,562,ROGUE SPORT,ELECTRICAL SYSTEM
10991,2020,194,SPRINTER 4500,SERVICE BRAKES
10992,2020,194,SPRINTER 4500,SERVICE BRAKES
10993,2020,194,SPRINTER 4500,ELECTRICAL SYSTEM
10994,2020,194,SPRINTER 4500,ELECTRICAL SYSTEM
10995,2020,194,SPRINTER 4500,ELECTRICAL SYSTEM
10996,2020,194,SPRINTER 4500,STEERING
10997,2020,194,SPRINTER 4500,FUEL SYSTEM
10998,2020,194,SPRINTER 4500,ELECTRICAL SYSTEM
10999,2020,194,SPRINTER 4500,ELECTRICAL SYSTEM
11000,2020,194,SPRINTER 4500,LATCHES/LOCKS/LINKAGES
11001,2020,194,SPRINTER 4500,SERVICE BRAKES
11002,2020,194,SPRINTER 4500,BACK OVER PREVENTION
11003,2020,194,SPRINTER 4500,STRUCTURE
11004,2020,194,SPRINTER 4500,STEERING
11005,2020,194,SPRINTER 4500,BACK OVER PREVENTION
11006,2020,194,SPRINTER 4500,ELECTRICAL SYSTEM
11007,2020,194,SPRINTER 4500,POWER TRAIN
11008,2020,194,SPRINTER 4500,ELECTRICAL SYSTEM
11009,2020,194,SPRINTER 4500,STRUCTURE
11010,2020,194,SPRINTER 4500,STRUCTURE
11011,2020,194,SPRINTER 4500,STRUCTURE
11012,2020,194,SPRINTER 4500,ELECTRICAL SYSTEM
11013,2020,306,M5,BACK OVER PREVENTION
11014,2020,306,M5,POWER TRAIN
11015,2020,306,M5,BACK OVER PREVENTION
11016,2020,1800,A8,TIRES
11017,2020,1800,A8,ENGINE AND ENGINE COOLING
11018,2020,1800,A8,SUSPENSION
11019,2020,1800,A8,ELECTRICAL SYSTEM
11020,2020,3,PALAZZO,TIRES
11021,2020,3,PALAZZO,EQUIPMENT
11022,2020,3,PALAZZO,EQUIPMENT
11023,2020,82,EQUINOX,POWER TRAIN
11024,2020,82,EQUINOX,FUEL SYSTEM
11025,2020,82,EQUINOX,SERVICE BRAKES
11026,2020,82,EQUINOX,CHILD SEAT
11027,2020,145,FLHCS,SUSPENSION
11028,2020,145,FLHCS,SUSPENSION
11029,2020,1726,INVICTA,EQUIPMENT
11030,2020,1726,INVICTA,SUSPENSION
11031,2020,1726,INVICTA,STRUCTURE
11032,2020,584,RANGE ROVER SPORT,EXTERIOR LIGHTING
11033,2020,584,RANGE ROVER SPORT,TIRES
11034,2020,584,RANGE ROVER SPORT,ELECTRICAL SYSTEM
11035,2020,584,RANGE ROVER SPORT,ENGINE AND ENGINE COOLING
11036,2020,584,RANGE ROVER SPORT,BACK OVER PREVENTION
11037,2020,584,RANGE ROVER SPORT,BACK OVER PREVENTION
11038,2020,746,COOPER,AIR BAGS
11039,2020,746,COOPER,STRUCTURE
11040,2020,119,SABRE,ELECTRICAL SYSTEM
11041,2020,2,FORZA,EXTERIOR LIGHTING
11042,2020,2,FORZA,LATCHES/LOCKS/LINKAGES
11043,2020,618,FORTIS,EQUIPMENT
11044,2020,618,FORTIS,SUSPENSION
11045,2020,618,FORTIS,STRUCTURE
11046,2020,21,ALLEGRO BUS,SEAT BELTS
11047,2020,21,ALLEGRO BUS,EQUIPMENT
11048,2020,4,CHAPARRAL LITE,ELECTRICAL SYSTEM
11049,2020,4,CHAPARRAL LITE,EQUIPMENT
11050,2020,15,CAMRY,FUEL SYSTEM
11051,2020,15,CAMRY,ENGINE AND ENGINE COOLING
11052,2020,15,CAMRY,AIR BAGS
11053,2020,110,G80,SERVICE BRAKES
11054,2020,110,G80,ENGINE AND ENGINE COOLING
11055,2020,306,S 1000 XR,SERVICE BRAKES
11056,2020,306,S 1000 XR,ELECTRICAL SYSTEM
11057,2020,3364,TRIUMPH,EQUIPMENT
11058,2020,306,M4,AIR BAGS
11059,2020,306,M4,FUEL SYSTEM
11060,2020,21,ALLEGRO RED,SEAT BELTS
11061,2020,21,ALLEGRO RED,STRUCTURE
11062,2020,746,COOPER S CLUBMAN,AIR BAGS
11063,2020,783,K2,SUSPENSION
11064,2020,783,K2,STEERING
11065,2020,783,K2,SERVICE BRAKES
11066,2020,783,K2,ELECTRICAL SYSTEM
11067,2020,783,K2,FUEL SYSTEM
11068,2020,1800,S4,TIRES
11069,2020,1800,S4,SUSPENSION
11070,2020,1800,S4,SEATS
11071,2020,145,FLTRK,EXTERIOR LIGHTING
11072,2020,15,TACOMA,FUEL SYSTEM
11073,2020,746,COUNTRYMAN,ELECTRICAL SYSTEM
11074,2020,746,COUNTRYMAN,ELECTRICAL SYSTEM
11075,2020,2,ADVENTURER,ELECTRICAL SYSTEM
11076,2020,2,ADVENTURER,ELECTRICAL SYSTEM
11077,2020,2,ADVENTURER,LATCHES/LOCKS/LINKAGES
11078,2020,3,TUSCANY,EXTERIOR LIGHTING
11079,2020,3,TUSCANY,TIRES
11080,2020,44,VENTANA,ELECTRICAL SYSTEM
11081,2020,44,VENTANA,EXTERIOR LIGHTING
11082,2020,44,VENTANA,EQUIPMENT
11083,2020,44,VENTANA,FUEL SYSTEM
11084,2020,44,VENTANA,FUEL SYSTEM
11085,2020,44,VENTANA,EQUIPMENT
11086,2020,44,VENTANA,SEATS
11087,2020,258,CAMPLITE,EQUIPMENT
11088,2020,31,SOLITUDE,EQUIPMENT
11089,2020,31,SOLITUDE,EQUIPMENT
11090,2020,31,SOLITUDE,EQUIPMENT
11091,2020,11091,WONDER,ELECTRICAL SYSTEM
11092,2020,11091,WONDER,ELECTRICAL SYSTEM
11093,2020,11091,WONDER,EQUIPMENT
11094,2020,11091,WONDER,ELECTRICAL SYSTEM
11095,2020,11091,WONDER,EQUIPMENT
11096,2020,11091,WONDER,EQUIPMENT
11097,2020,11091,WONDER,STRUCTURE
11098,2020,11091,WONDER,STRUCTURE
11099,2020,15,YARIS,FUEL SYSTEM
11100,2020,288,CYCLONE,EQUIPMENT
11101,2020,288,CYCLONE,ELECTRICAL SYSTEM
11102,2020,99,ALPINE,VISIBILITY
11103,2020,258,SPORTSMEN,EQUIPMENT
11104,2020,258,SPORTSMEN,EQUIPMENT
11105,2020,1419,T170,ELECTRONIC STABILITY CONTROL (ESC)
11106,2020,15,4RUNNER,EQUIPMENT
11107,2020,145,FLHTCUTG,TRACTION CONTROL SYSTEM
11108,2020,145,FLHTCUTG,EXTERIOR LIGHTING
11109,2020,119,PALOMINO,EQUIPMENT
11110,2020,146,PASSPORT,ELECTRICAL SYSTEM
11111,2020,146,PASSPORT,BACK OVER PREVENTION
11112,2020,146,PASSPORT,EQUIPMENT
11113,2020,146,PASSPORT,TIRES
11114,2020,146,PASSPORT,VISIBILITY
11115,2020,146,PASSPORT,BACK OVER PREVENTION
11116,2020,146,PASSPORT,FUEL SYSTEM
11117,2020,146,PASSPORT,AIR BAGS
11118,2020,322,124 SPIDER,AIR BAGS
11119,2020,618,DISCOVERY LXE,ELECTRICAL SYSTEM
11120,2020,155,ILX,FUEL SYSTEM
11121,2020,99,COUGAR,EQUIPMENT
11122,2020,99,COUGAR,EQUIPMENT
11123,2020,99,COUGAR,EQUIPMENT
11124,2020,99,COUGAR,EQUIPMENT
11125,2020,99,COUGAR,ELECTRICAL SYSTEM
11126,2020,99,COUGAR,STRUCTURE
11127,2020,99,COUGAR,EQUIPMENT
11128,2020,99,COUGAR,STRUCTURE
11129,2020,145,FLHXS,EXTERIOR LIGHTING
11130,2020,3,MIRAMAR,STRUCTURE
11131,2020,3,MIRAMAR,EQUIPMENT
11132,2020,13,Q60,SEAT BELTS
11133,2020,375,365,POWER TRAIN
11134,2020,375,365,ELECTRICAL SYSTEM
11135,2020,375,365,FUEL SYSTEM
11136,2020,375,365,STEERING
11137,2020,467,790 ADVENTURE R,SERVICE BRAKES
11138,2020,467,790 ADVENTURE R,SERVICE BRAKES
11139,2020,37,ATLAS CROSS SPORT,VISIBILITY
11140,2020,37,ATLAS CROSS SPORT,EXTERIOR LIGHTING
11141,2020,37,ATLAS CROSS SPORT,SEATS
11142,2020,37,ATLAS CROSS SPORT,STEERING
11143,2020,37,ATLAS CROSS SPORT,TIRES
11144,2020,37,ATLAS CROSS SPORT,STEERING
11145,2020,37,ATLAS CROSS SPORT,EQUIPMENT
11146,2020,37,ATLAS CROSS SPORT,AIR BAGS
11147,2020,37,ATLAS CROSS SPORT,TIRES
11148,2020,37,ATLAS CROSS SPORT,AIR BAGS
11149,2020,37,ATLAS CROSS SPORT,AIR BAGS
11150,2020,119,SALEM,EQUIPMENT
11151,2020,119,SALEM,SERVICE BRAKES
11152,2020,119,SALEM,EQUIPMENT
11153,2020,119,SALEM,TRAILER HITCHES
11154,2020,119,SALEM,EQUIPMENT
11155,2020,119,SALEM,EQUIPMENT
11156,2020,119,SALEM,ELECTRICAL SYSTEM
11157,2020,14,MKZ,BACK OVER PREVENTION
11158,2020,9,CHEROKEE,BACK OVER PREVENTION
11159,2020,9,CHEROKEE,STEERING
11160,2020,146,ACCORD,ELECTRICAL SYSTEM
11161,2020,146,ACCORD,FUEL SYSTEM
11162,2020,146,ACCORD,FUEL SYSTEM
11163,2020,146,ACCORD,AIR BAGS
11164,2020,423,SVARTPILEN 701,POWER TRAIN
11165,2020,423,SVARTPILEN 701,FUEL SYSTEM
11166,2020,423,SVARTPILEN 701,STRUCTURE
11167,2020,1969,V85 TT,EQUIPMENT
11168,2020,1969,V85 TT,POWER TRAIN
11169,2020,1,MACAN S,SEAT BELTS
11170,2020,11170,UNITY,ELECTRICAL SYSTEM
11171,2020,11170,UNITY,EQUIPMENT
11172,2020,11170,UNITY,EQUIPMENT
11173,2020,11170,UNITY,EQUIPMENT
11174,2020,11170,UNITY,EQUIPMENT
11175,2020,11170,UNITY,EQUIPMENT
11176,2020,11170,UNITY,STRUCTURE
11177,2020,11170,UNITY,EQUIPMENT
11178,2020,8,NEXO,ELECTRICAL SYSTEM
11179,2020,8,NEXO,SERVICE BRAKES
11180,2020,8,NEXO,FUEL SYSTEM
11181,2020,8,NEXO,FUEL SYSTEM
11182,2020,21,WAYFARER,TRAILER HITCHES
11183,2020,21,WAYFARER,EQUIPMENT
11184,2020,21,WAYFARER,WHEELS
11185,2020,119,GEORGETOWN,EQUIPMENT
11186,2020,119,GEORGETOWN,TRAILER HITCHES
11187,2020,119,GEORGETOWN,EQUIPMENT
11188,2020,119,GEORGETOWN,EQUIPMENT
11189,2020,119,GEORGETOWN,TRAILER HITCHES
11190,2020,119,GEORGETOWN,EQUIPMENT
11191,2020,4,CLIPPER,EQUIPMENT
11192,2020,2253,HYPERMOTARD,ELECTRICAL SYSTEM
11193,2020,1357,CX-3,BACK OVER PREVENTION
11194,2020,374,MOBILE SUITE,SERVICE BRAKES
11195,2020,64,EAGLE HT,EQUIPMENT
11196,2020,64,EAGLE HT,VISIBILITY
11197,2020,64,EAGLE HT,TRAILER HITCHES
11198,2020,1357,MX-5,AIR BAGS
11199,2020,669,LONESTAR,ENGINE
11200,2020,669,LONESTAR,ELECTRICAL SYSTEM
11201,2020,8,SANTA FE,VISIBILITY
11202,2020,8,SANTA FE,TRAILER HITCHES
11203,2020,119,R-POD,EQUIPMENT
11204,2020,119,R-POD,ELECTRICAL SYSTEM
11205,2020,119,R-POD,EQUIPMENT
11206,2020,64,EAGLE,EQUIPMENT
11207,2020,64,EAGLE,VISIBILITY
11208,2020,64,EAGLE,EQUIPMENT
11209,2020,306,M8,BACK OVER PREVENTION
11210,2020,306,M8,SERVICE BRAKES
11211,2020,306,M8,POWER TRAIN
11212,2020,1497,VN,SEATS
11213,2020,1497,VN,ELECTRICAL SYSTEM
11214,2020,9,RENEGADE,SERVICE BRAKES
11215,2020,9,RENEGADE,BACK OVER PREVENTION
11216,2020,9,RENEGADE,AIR BAGS
11217,2020,669,CV,EQUIPMENT
11218,2020,669,CV,ELECTRICAL SYSTEM
11219,2020,669,CV,PARKING BRAKE
11220,2020,669,CV,PARKING BRAKE
11221,2020,669,CV,PARKING BRAKE
11222,2020,82,CAMARO,FUEL SYSTEM
11223,2020,82,CAMARO,AIR BAGS
11224,2020,82,CAMARO,POWER TRAIN
11225,2020,4,VIKING,EQUIPMENT
11226,2020,467,790 ADVENTURE R RALLY,SERVICE BRAKES
11227,2020,1564,ES,AIR BAGS
11228,2020,8,VELOSTER N,FUEL SYSTEM
11229,2020,1,911 CARRERA S,STRUCTURE
11230,2020,8,ELANTRA,ENGINE
11231,2020,8,ELANTRA,WHEELS
11232,2020,8,ELANTRA,SUSPENSION
11233,2020,64,JAY FLIGHT SLX,EQUIPMENT
11234,2020,64,JAY FLIGHT SLX,EQUIPMENT
11235,2020,128,CT5,AIR BAGS
11236,2020,128,CT5,SERVICE BRAKES
11237,2020,128,CT5,EXTERIOR LIGHTING
11238,2020,128,CT5,POWER TRAIN
11239,2020,17,SPORTAGE,SERVICE BRAKES
11240,2020,17,SPORTAGE,TRAILER HITCHES
11241,2020,669,HV,ENGINE
11242,2020,669,HV,FUEL SYSTEM
11243,2020,669,HV,ENGINE AND ENGINE COOLING
11244,2020,669,HV,WHEELS
11245,2020,669,HV,SERVICE BRAKES
11246,2020,669,HV,FUEL SYSTEM
11247,2020,669,HV,FUEL SYSTEM
11248,2020,669,HV,ENGINE
11249,2020,669,HV,ELECTRICAL SYSTEM
11250,2020,119,CHEROKEE,TRAILER HITCHES
11251,2020,119,CHEROKEE,ELECTRICAL SYSTEM
11252,2020,119,CHEROKEE,EQUIPMENT
11253,2020,119,CHEROKEE,ELECTRICAL SYSTEM
11254,2020,119,CHEROKEE,EQUIPMENT
11255,2020,119,CHEROKEE,EQUIPMENT
11256,2020,119,CHEROKEE,STRUCTURE
11257,2020,263,4700,EQUIPMENT
11258,2020,263,4700,ELECTRICAL SYSTEM
11259,2020,263,4700,STEERING
11260,2020,263,4700,EQUIPMENT
11261,2020,263,4700,FUEL SYSTEM
11262,2020,263,4700,TIRES
11263,2020,263,4700,FUEL SYSTEM
11264,2020,263,4700,SUSPENSION
11265,2020,263,4700,ELECTRICAL SYSTEM
11266,2020,263,4700,SERVICE BRAKES
11267,2020,263,4700,EQUIPMENT
11268,2020,263,4700,WHEELS
11269,2020,1800,A4 ALLROAD,TIRES
11270,2020,15,COROLLA,FUEL SYSTEM
11271,2020,15,COROLLA,SEAT BELTS
11272,2020,15,COROLLA,AIR BAGS
11273,2020,660,BEACON,EQUIPMENT
11274,2020,14,NAUTILUS,BACK OVER PREVENTION
11275,2020,14,NAUTILUS,POWER TRAIN
11276,2020,14,NAUTILUS,SEATS
11277,2020,14,NAUTILUS,BACK OVER PREVENTION
11278,2020,194,SPRINTER 3500,SERVICE BRAKES
11279,2020,194,SPRINTER 3500,SERVICE BRAKES
11280,2020,194,SPRINTER 3500,ELECTRICAL SYSTEM
11281,2020,194,SPRINTER 3500,ELECTRICAL SYSTEM
11282,2020,194,SPRINTER 3500,ELECTRICAL SYSTEM
11283,2020,194,SPRINTER 3500,STEERING
11284,2020,194,SPRINTER 3500,FUEL SYSTEM
11285,2020,194,SPRINTER 3500,ELECTRICAL SYSTEM
11286,2020,194,SPRINTER 3500,ELECTRICAL SYSTEM
11287,2020,194,SPRINTER 3500,SERVICE BRAKES
11288,2020,194,SPRINTER 3500,LATCHES/LOCKS/LINKAGES
11289,2020,194,SPRINTER 3500,BACK OVER PREVENTION
11290,2020,194,SPRINTER 3500,STEERING
11291,2020,194,SPRINTER 3500,STRUCTURE
11292,2020,194,SPRINTER 3500,BACK OVER PREVENTION
11293,2020,194,SPRINTER 3500,ELECTRICAL SYSTEM
11294,2020,194,SPRINTER 3500,POWER TRAIN
11295,2020,194,SPRINTER 3500,ELECTRICAL SYSTEM
11296,2020,194,SPRINTER 3500,STRUCTURE
11297,2020,194,SPRINTER 3500,STRUCTURE
11298,2020,194,SPRINTER 3500,STRUCTURE
11299,2020,194,SPRINTER 3500,ELECTRICAL SYSTEM
11300,2020,4,LEPRECHAUN,EQUIPMENT
11301,2020,15,RAV4,FUEL SYSTEM
11302,2020,15,RAV4,AIR BAGS
11303,2020,15,RAV4,ENGINE AND ENGINE COOLING
11304,2020,15,RAV4,STEERING
11305,2020,15,RAV4,SUSPENSION
11306,2020,15,RAV4,AIR BAGS
11307,2020,908,ASPIRE,ELECTRICAL SYSTEM
11308,2020,908,ASPIRE,FUEL SYSTEM
11309,2020,908,ASPIRE,STRUCTURE
11310,2020,908,ASPIRE,STEERING
11311,2020,908,ASPIRE,SEATS
11312,2020,8,PALISADE,AIR BAGS
11313,2020,8,PALISADE,VISIBILITY
11314,2020,8,PALISADE,TRAILER HITCHES
11315,2020,8,PALISADE,SEAT BELTS
11316,2020,119,XLR TOYHAULER,WHEELS
11317,2020,599,PACIFICA HYBRID,ELECTRICAL SYSTEM
11318,2020,8,KONA ELECTRIC,ELECTRICAL SYSTEM
11319,2020,8,KONA ELECTRIC,ELECTRICAL SYSTEM
11320,2020,8,KONA ELECTRIC,SERVICE BRAKES
11321,2020,306,R 1250 R,EXTERIOR LIGHTING
11322,2020,306,R 1250 R,SERVICE BRAKES
11323,2020,306,R 1250 R,SERVICE BRAKES
11324,2020,3,FOUR WINDS,AIR BAGS
11325,2020,3,FOUR WINDS,ELECTRICAL SYSTEM
11326,2020,3,FOUR WINDS,SEAT BELTS
11327,2020,3,FOUR WINDS,ELECTRICAL SYSTEM
11328,2020,3,FOUR WINDS,STRUCTURE
11329,2020,3,FOUR WINDS,ELECTRICAL SYSTEM
11330,2020,3,FOUR WINDS,POWER TRAIN
11331,2020,3,FOUR WINDS,ELECTRONIC STABILITY CONTROL (ESC)
11332,2020,3,FOUR WINDS,POWER TRAIN
11333,2020,306,M340I,SEATS
11334,2020,306,M340I,BACK OVER PREVENTION
11335,2020,306,M340I,BACK OVER PREVENTION
11336,2020,306,M340I,STRUCTURE
11337,2020,306,M340I,SEAT BELTS
11338,2020,306,M340I,STEERING
11339,2020,306,M340I,ENGINE
11340,2020,306,M340I,SEATS
11341,2020,306,M340I,SEAT BELTS
11342,2020,306,M340I,ELECTRICAL SYSTEM
11343,2020,119,VENGEANCE,EQUIPMENT
11344,2020,119,VENGEANCE,EQUIPMENT
11345,2020,2,REVEL,ELECTRICAL SYSTEM
11346,2020,2,REVEL,ELECTRICAL SYSTEM
11347,2020,16,ENCORE,SEATS
11348,2020,16,ENCORE,POWER TRAIN
11349,2020,77,FUSION,ELECTRICAL SYSTEM
11350,2020,77,FUSION,BACK OVER PREVENTION
11351,2020,77,FUSION,EQUIPMENT
11352,2020,1014,108SD,POWER TRAIN
11353,2020,1014,108SD,EQUIPMENT
11354,2020,1014,108SD,ENGINE AND ENGINE COOLING
11355,2020,1014,108SD,EQUIPMENT
11356,2020,1014,108SD,FUEL SYSTEM
11357,2020,1014,108SD,TIRES
11358,2020,1014,108SD,POWER TRAIN
11359,2020,1014,108SD,SERVICE BRAKES
11360,2020,1014,108SD,STEERING
11361,2020,1014,108SD,SUSPENSION
11362,2020,119,RIVERSTONE,SERVICE BRAKES
11363,2020,77,F-550 SD,VISIBILITY
11364,2020,77,F-550 SD,POWER TRAIN
11365,2020,77,F-550 SD,BACK OVER PREVENTION
11366,2020,77,F-550 SD,VISIBILITY
11367,2020,77,F-550 SD,POWER TRAIN
11368,2020,77,F-550 SD,EQUIPMENT
11369,2020,77,F-550 SD,FUEL SYSTEM
11370,2020,4,PURSUIT,FUEL SYSTEM
11371,2020,4,PURSUIT,EQUIPMENT
11372,2020,4,PURSUIT,EQUIPMENT
11373,2020,9757,BUSHWACKER,EQUIPMENT
11374,2020,9757,BUSHWACKER,EQUIPMENT
11375,2020,9757,BUSHWACKER,STRUCTURE
11376,2020,44,NEW AIRE,EXTERIOR LIGHTING
11377,2020,44,NEW AIRE,EQUIPMENT
11378,2020,44,NEW AIRE,FUEL SYSTEM
11379,2020,44,NEW AIRE,SEATS
11380,2020,11380,2-CAR CARRIER,EXTERIOR LIGHTING
11381,2020,98,SIERRA 2500,LATCHES/LOCKS/LINKAGES
11382,2020,98,SIERRA 2500,TIRES
11383,2020,98,SIERRA 2500,SEAT BELTS
11384,2020,98,SIERRA 2500,AIR BAGS
11385,2020,98,SIERRA 2500,SEAT BELTS
11386,2020,98,SIERRA 2500,STRUCTURE
11387,2020,98,SIERRA 2500,LATCHES/LOCKS/LINKAGES
11388,2020,98,SIERRA 2500,POWER TRAIN
11389,2020,306,Z4,EXTERIOR LIGHTING
11390,2020,306,Z4,BACK OVER PREVENTION
11391,2020,306,Z4,FUEL SYSTEM
11392,2020,306,Z4,ENGINE
11393,2020,306,Z4,EXTERIOR LIGHTING
11394,2020,306,Z4,ELECTRICAL SYSTEM
11395,2020,9576,BIGHORN,STRUCTURE
11396,2020,9576,BIGHORN,SUSPENSION
11397,2020,584,DISCOVERY,ELECTRICAL SYSTEM
11398,2020,584,DISCOVERY,SEAT BELTS
11399,2020,584,DISCOVERY,SEATS
11400,2020,584,DISCOVERY,EXTERIOR LIGHTING
11401,2020,584,DISCOVERY,ELECTRICAL SYSTEM
11402,2020,584,DISCOVERY,ELECTRICAL SYSTEM
11403,2020,82,SILVERADO 1500,TIRES
11404,2020,82,SILVERADO 1500,ELECTRICAL SYSTEM
11405,2020,82,SILVERADO 1500,SEAT BELTS
11406,2020,82,SILVERADO 1500,TIRES
11407,2020,82,SILVERADO 1500,AIR BAGS
11408,2020,82,SILVERADO 1500,SEAT BELTS
11409,2020,82,SILVERADO 1500,FUEL SYSTEM
11410,2020,82,SILVERADO 1500,TIRES
11411,2020,82,SILVERADO 1500,POWER TRAIN
11412,2020,82,SILVERADO 1500,SERVICE BRAKES
11413,2020,82,SILVERADO 1500,POWER TRAIN
11414,2020,119,SURVEYOR,EQUIPMENT
11415,2020,119,SURVEYOR,EQUIPMENT
11416,2020,119,SURVEYOR,EQUIPMENT
11417,2020,119,SURVEYOR,EQUIPMENT
11418,2020,1014,BUSINESS CLASS M2,ELECTRICAL SYSTEM
11419,2020,1014,BUSINESS CLASS M2,POWER TRAIN
11420,2020,1014,BUSINESS CLASS M2,ENGINE AND ENGINE COOLING
11421,2020,1014,BUSINESS CLASS M2,EXTERIOR LIGHTING
11422,2020,1014,BUSINESS CLASS M2,FUEL SYSTEM
11423,2020,1014,BUSINESS CLASS M2,POWER TRAIN
11424,2020,1014,BUSINESS CLASS M2,SERVICE BRAKES
11425,2020,1014,BUSINESS CLASS M2,SERVICE BRAKES
11426,2020,1014,BUSINESS CLASS M2,SERVICE BRAKES
11427,2020,1014,BUSINESS CLASS M2,WHEELS
11428,2020,1014,BUSINESS CLASS M2,ENGINE AND ENGINE COOLING
11429,2020,1014,BUSINESS CLASS M2,SUSPENSION
11430,2020,306,X7,STEERING
11431,2020,306,X7,EXTERIOR LIGHTING
11432,2020,306,X7,BACK OVER PREVENTION
11433,2020,306,X7,BACK OVER PREVENTION
11434,2020,306,X7,EXTERIOR LIGHTING
11435,2020,306,X7,SERVICE BRAKES
11436,2020,306,X7,POWER TRAIN
11437,2020,306,X7,SUSPENSION
11438,2020,306,X7,VISIBILITY
11439,2020,306,X7,SEATS
11440,2020,306,X7,ELECTRICAL SYSTEM
11441,2020,306,X7,ELECTRICAL SYSTEM
11442,2020,8,IONIQ ELECTRIC,ELECTRICAL SYSTEM
11443,2020,155,TLX,FUEL SYSTEM
11444,2020,155,TLX,ENGINE AND ENGINE COOLING
11445,2020,155,TLX,FUEL SYSTEM
11446,2020,155,TLX,AIR BAGS
11447,2020,119,XLR,TIRES
11448,2020,467,790 ADVENTURE,SERVICE BRAKES
11449,2020,467,790 ADVENTURE,SERVICE BRAKES
11450,2020,77,EDGE,POWER TRAIN
11451,2020,77,EDGE,BACK OVER PREVENTION
11452,2020,77,EDGE,POWER TRAIN
11453,2020,77,EDGE,BACK OVER PREVENTION
11454,2020,146,HR-V,BACK OVER PREVENTION
11455,2020,146,HR-V,FUEL SYSTEM
11456,2020,146,HR-V,AIR BAGS
11457,2020,146,HR-V,BACK OVER PREVENTION
11458,2020,599,300,VISIBILITY
11459,2020,599,300,AIR BAGS
11460,2020,783,GLADIATOR,PARKING BRAKE
11461,2020,783,GLADIATOR,STEERING
11462,2020,783,GLADIATOR,SERVICE BRAKES
11463,2020,783,GLADIATOR,PARKING BRAKE
11464,2020,783,GLADIATOR,SERVICE BRAKES
11465,2020,783,GLADIATOR,EQUIPMENT
11466,2020,783,GLADIATOR,PARKING BRAKE
11467,2020,1,CAYENNE,POWER TRAIN
11468,2020,1,CAYENNE,SEATS
11469,2020,1,CAYENNE,ELECTRICAL SYSTEM
11470,2020,44,BAY STAR,EQUIPMENT
11471,2020,44,BAY STAR,EQUIPMENT
11472,2020,44,BAY STAR,SEATS
11473,2020,44,BAY STAR,SEAT BELTS
11474,2020,8,SONATA,ELECTRICAL SYSTEM
11475,2020,8,SONATA,EQUIPMENT
11476,2020,8,SONATA,LATCHES/LOCKS/LINKAGES
11477,2020,146,GL1800,ENGINE AND ENGINE COOLING
11478,2020,146,GL1800,FUEL SYSTEM
11479,2020,146,GL1800,ENGINE AND ENGINE COOLING
11480,2020,562,MAXIMA,VISIBILITY
11481,2020,79,HIGHLANDER,EQUIPMENT
11482,2020,562,SENTRA,STEERING
11483,2020,562,SENTRA,EXTERIOR LIGHTING
11484,2020,562,SENTRA,STEERING
11485,2020,562,SENTRA,BACK OVER PREVENTION
11486,2020,8,KONA,ENGINE
11487,2020,8,KONA,EQUIPMENT
11488,2020,8,VELOSTER,ENGINE
11489,2020,288,PIONEER,EQUIPMENT
11490,2020,288,PIONEER,ELECTRICAL SYSTEM
11491,2020,288,TRAIL RUNNER,EQUIPMENT
11492,2020,288,TRAIL RUNNER,EQUIPMENT
11493,2020,1800,A6,TIRES
11494,2020,1800,A6,AIR BAGS
11495,2020,1800,A6,SUSPENSION
11496,2020,1800,A6,ELECTRICAL SYSTEM
11497,2020,1800,A6,AIR BAGS
11498,2020,1800,A6,ELECTRICAL SYSTEM
11499,2020,1800,A6,ELECTRICAL SYSTEM
11500,2020,1800,A6,SERVICE BRAKES
11501,2020,119,ROCKWOOD,EQUIPMENT
11502,2020,99,HIDEOUT,EQUIPMENT
11503,2020,99,HIDEOUT,SUSPENSION
11504,2020,99,HIDEOUT,TIRES
11505,2020,99,HIDEOUT,EQUIPMENT
11506,2020,99,HIDEOUT,EQUIPMENT
11507,2020,64,MELBOURNE,STRUCTURE
11508,2020,64,MELBOURNE,ELECTRICAL SYSTEM
11509,2020,64,MELBOURNE,VISIBILITY
11510,2020,64,MELBOURNE,EQUIPMENT
11511,2020,64,MELBOURNE,POWER TRAIN
11512,2020,64,MELBOURNE,ELECTRICAL SYSTEM
11513,2020,64,MELBOURNE,VISIBILITY
11514,2020,92,CHALLENGER,VISIBILITY
11515,2020,145,FLRT,TRACTION CONTROL SYSTEM
11516,2020,145,FLRT,EXTERIOR LIGHTING
11517,2020,1800,SQ5,TIRES
11518,2020,1800,SQ5,ELECTRICAL SYSTEM
11519,2020,1800,SQ5,SUSPENSION
11520,2020,1800,SQ5,SEATS
11521,2020,306,X2,AIR BAGS
11522,2020,77,F-59,SUSPENSION
11523,2020,77,F-59,STEERING
11524,2020,128,XT4,TIRES
11525,2020,128,XT4,POWER TRAIN
11526,2020,128,XT4,SEAT BELTS
11527,2020,128,XT4,SERVICE BRAKES
11528,2020,128,XT4,BACK OVER PREVENTION
11529,2020,1357,CX-9,SEATS
11530,2020,64,JAY FLIGHT,EQUIPMENT
11531,2020,64,JAY FLIGHT,VISIBILITY
11532,2020,64,JAY FLIGHT,EQUIPMENT
11533,2020,596,SPYDER RT,SERVICE BRAKES
11534,2020,596,SPYDER RT,EXTERIOR LIGHTING
11535,2020,14,NAVIGATOR,SEATS
11536,2020,14,NAVIGATOR,ELECTRICAL SYSTEM
11537,2020,14,NAVIGATOR,VISIBILITY
11538,2020,14,NAVIGATOR,EQUIPMENT
11539,2020,14,NAVIGATOR,BACK OVER PREVENTION
11540,2020,14,NAVIGATOR,SEAT BELTS
11541,2020,14,NAVIGATOR,EQUIPMENT
11542,2020,14,NAVIGATOR,SEAT BELTS
11543,2020,14,NAVIGATOR,ELECTRICAL SYSTEM
11544,2020,14,NAVIGATOR,BACK OVER PREVENTION
11545,2020,14,NAVIGATOR,ENGINE
11546,2020,11546,REALM,STRUCTURE
11547,2020,11546,REALM,SERVICE BRAKES
11548,2020,618,SOUTHWIND,EQUIPMENT
11549,2020,618,SOUTHWIND,EQUIPMENT
11550,2020,618,SOUTHWIND,EQUIPMENT
11551,2020,618,SOUTHWIND,SUSPENSION
11552,2020,618,SOUTHWIND,TRAILER HITCHES
11553,2020,17,RIO,SERVICE BRAKES
11554,2020,146,PILOT,BACK OVER PREVENTION
11555,2020,146,PILOT,ELECTRICAL SYSTEM
11556,2020,146,PILOT,EQUIPMENT
11557,2020,146,PILOT,TIRES
11558,2020,146,PILOT,STRUCTURE
11559,2020,146,PILOT,VISIBILITY
11560,2020,146,PILOT,BACK OVER PREVENTION
11561,2020,146,PILOT,FUEL SYSTEM
11562,2020,146,PILOT,AIR BAGS
11563,2020,584,RANGE ROVER VELAR,SEAT BELTS
11564,2020,584,RANGE ROVER VELAR,EXTERIOR LIGHTING
11565,2020,193,CHALLENGER,ENGINE
11566,2020,193,CHALLENGER,EXTERIOR LIGHTING
11567,2020,15,RAV4 HYBRID,AIR BAGS
11568,2020,15,RAV4 HYBRID,ENGINE AND ENGINE COOLING
11569,2020,15,RAV4 HYBRID,STEERING
11570,2020,15,RAV4 HYBRID,SUSPENSION
11571,2020,15,RAV4 HYBRID,AIR BAGS
11572,2020,3,MAGNITUDE,EQUIPMENT
11573,2020,3,MAGNITUDE,EQUIPMENT
11574,2020,3,MAGNITUDE,VISIBILITY
11575,2020,3,MAGNITUDE,EQUIPMENT
11576,2020,3,MAGNITUDE,SEATS
11577,2020,3,MAGNITUDE,ELECTRICAL SYSTEM
11578,2020,31,TRANSCEND,EQUIPMENT
11579,2020,31,TRANSCEND,EQUIPMENT
11580,2020,11580,FREIGHTLINER M2,FUEL SYSTEM
11581,2020,44,KOUNTRY STAR,SERVICE BRAKES
11582,2020,44,KOUNTRY STAR,EXTERIOR LIGHTING
11583,2020,44,KOUNTRY STAR,EQUIPMENT
11584,2020,44,KOUNTRY STAR,EQUIPMENT
11585,2020,44,KOUNTRY STAR,SEATS
11586,2020,452,IMPREZA,FUEL SYSTEM
11587,2020,130,ROCKET 3 TFC,SERVICE BRAKES
11588,2020,130,ROCKET 3 TFC,SERVICE BRAKES
11589,2020,98,ACADIA,TIRES
11590,2020,98,ACADIA,FUEL SYSTEM
11591,2020,98,ACADIA,TIRES
11592,2020,98,ACADIA,AIR BAGS
11593,2020,98,ACADIA,POWER TRAIN
11594,2020,98,ACADIA,BACK OVER PREVENTION
11595,2020,1800,E-TRON,SERVICE BRAKES
11596,2020,1800,E-TRON,ELECTRICAL SYSTEM
11597,2020,1800,E-TRON,ELECTRICAL SYSTEM
11598,2020,323,ALL AMERICAN,SEATS
11599,2020,323,ALL AMERICAN,SEAT BELTS
11600,2020,323,ALL AMERICAN,FUEL SYSTEM
11601,2020,323,ALL AMERICAN,ELECTRICAL SYSTEM
11602,2020,323,ALL AMERICAN,SEAT BELTS
11603,2020,323,ALL AMERICAN,STRUCTURE
11604,2020,323,ALL AMERICAN,SERVICE BRAKES
11605,2020,323,ALL AMERICAN,SEATS
11606,2020,323,ALL AMERICAN,PARKING BRAKE
11607,2020,323,ALL AMERICAN,STEERING
11608,2020,323,ALL AMERICAN,ELECTRICAL SYSTEM
11609,2020,323,ALL AMERICAN,SERVICE BRAKES
11610,2020,323,ALL AMERICAN,FUEL SYSTEM
11611,2020,323,ALL AMERICAN,SEAT BELTS
11612,2020,323,ALL AMERICAN,ELECTRICAL SYSTEM
11613,2020,323,ALL AMERICAN,STRUCTURE
11614,2020,323,ALL AMERICAN,STRUCTURE
11615,2020,323,ALL AMERICAN,ELECTRICAL SYSTEM
11616,2020,323,ALL AMERICAN,POWER TRAIN
11617,2020,323,ALL AMERICAN,STRUCTURE
11618,2020,323,ALL AMERICAN,SEATS
11619,2020,323,ALL AMERICAN,STRUCTURE
11620,2020,323,ALL AMERICAN,EQUIPMENT
11621,2020,323,ALL AMERICAN,EQUIPMENT
11622,2020,64,NORTHPOINT,VISIBILITY
11623,2020,64,NORTHPOINT,SUSPENSION
11624,2020,64,NORTHPOINT,EQUIPMENT
11625,2020,64,NORTHPOINT,EQUIPMENT
11626,2020,858,4500,ENGINE AND ENGINE COOLING
11627,2020,858,4500,VISIBILITY
11628,2020,858,4500,SERVICE BRAKES
11629,2020,858,4500,FUEL SYSTEM
11630,2020,858,4500,WHEELS
11631,2020,858,4500,ENGINE AND ENGINE COOLING
11632,2020,858,4500,SUSPENSION
11633,2020,858,4500,SUSPENSION
11634,2020,858,4500,SERVICE BRAKES
11635,2020,858,4500,SERVICE BRAKES
11636,2020,77,TRANSIT CONNECT,AIR BAGS
11637,2020,77,TRANSIT CONNECT,ENGINE AND ENGINE COOLING
11638,2020,77,TRANSIT CONNECT,POWER TRAIN
11639,2020,77,TRANSIT CONNECT,POWER TRAIN
11640,2020,77,TRANSIT CONNECT,VISIBILITY
11641,2020,77,TRANSIT CONNECT,POWER TRAIN
11642,2020,77,TRANSIT CONNECT,POWER TRAIN
11643,2020,77,TRANSIT CONNECT,BACK OVER PREVENTION
11644,2020,1800,A3,AIR BAGS
11645,2020,1800,A3,TIRES
11646,2020,1800,A3,FUEL SYSTEM
11647,2020,44,KING AIRE,STEERING
11648,2020,44,KING AIRE,ELECTRICAL SYSTEM
11649,2020,44,KING AIRE,EQUIPMENT
11650,2020,44,KING AIRE,SUSPENSION
11651,2020,44,KING AIRE,EQUIPMENT
11652,2020,44,KING AIRE,STRUCTURE
11653,2020,1800,S6,TIRES
11654,2020,1800,S6,AIR BAGS
11655,2020,1800,S6,SUSPENSION
11656,2020,1800,S6,ELECTRICAL SYSTEM
11657,2020,1800,S6,ELECTRICAL SYSTEM
11658,2020,2,NAVION,EQUIPMENT
11659,2020,2,NAVION,EQUIPMENT
11660,2020,2,NAVION,STRUCTURE
11661,2020,2,NAVION,ELECTRICAL SYSTEM
11662,2020,2,NAVION,STRUCTURE
11663,2020,908,ACCOLADE,VISIBILITY
11664,2020,908,ACCOLADE,TIRES
11665,2020,146,CRF1100 AFRICA TWIN,ENGINE AND ENGINE COOLING
11666,2020,6791,INTREPID,EQUIPMENT
11667,2020,1,MACAN,EXTERIOR LIGHTING
11668,2020,1,MACAN,SEAT BELTS
11669,2020,562,TITAN XD,EXTERIOR LIGHTING
11670,2020,429,MODEL 3,ELECTRICAL SYSTEM
11671,2020,429,MODEL 3,AIR BAGS
11672,2020,429,MODEL 3,SUSPENSION
11673,2020,429,MODEL 3,ELECTRICAL SYSTEM
11674,2020,429,MODEL 3,SEAT BELTS
11675,2020,429,MODEL 3,ELECTRICAL SYSTEM
11676,2020,429,MODEL 3,SERVICE BRAKES
11677,2020,429,MODEL 3,FORWARD COLLISION AVOIDANCE
11678,2020,429,MODEL 3,ELECTRICAL SYSTEM
11679,2020,429,MODEL 3,BACK OVER PREVENTION
11680,2020,429,MODEL 3,ELECTRICAL SYSTEM
11681,2020,429,MODEL 3,ELECTRICAL SYSTEM
11682,2020,429,MODEL 3,VISIBILITY
11683,2020,429,MODEL 3,SEAT BELTS
11684,2020,429,MODEL 3,STEERING
11685,2020,429,MODEL 3,ELECTRICAL SYSTEM
11686,2020,429,MODEL 3,ELECTRICAL SYSTEM
11687,2020,429,MODEL 3,FORWARD COLLISION AVOIDANCE
11688,2020,429,MODEL 3,SEAT BELTS
11689,2020,429,MODEL 3,TIRES
11690,2020,11690,ATTITUDE,EQUIPMENT
11691,2020,11691,C12,EQUIPMENT
11692,2020,1649,XV1900,EXTERIOR LIGHTING
11693,2020,3,CHALLENGER,EQUIPMENT
11694,2020,2179,600LT,ENGINE AND ENGINE COOLING
11695,2020,2179,600LT,SERVICE BRAKES
11696,2020,119,FLAGSTAFF,TIRES
11697,2020,119,FLAGSTAFF,TRAILER HITCHES
11698,2020,858,2500,VISIBILITY
11699,2020,858,2500,VISIBILITY
11700,2020,858,2500,BACK OVER PREVENTION
11701,2020,858,2500,POWER TRAIN
11702,2020,858,2500,FUEL SYSTEM
11703,2020,858,2500,STRUCTURE
11704,2020,858,2500,SERVICE BRAKES
11705,2020,858,2500,POWER TRAIN
11706,2020,858,2500,STRUCTURE
11707,2020,858,2500,AIR BAGS
11708,2020,1995,SLINGSHOT R,BACK OVER PREVENTION
11709,2020,130,TIGER 900,EQUIPMENT
11710,2020,2253,MONSTER 1200,SERVICE BRAKES
11711,2020,2253,MONSTER 1200,SERVICE BRAKES
11712,2020,99,MONTANA,VISIBILITY
11713,2020,467,1290 SUPER DUKE R,ELECTRICAL SYSTEM
11714,2020,467,1290 SUPER DUKE R,ELECTRICAL SYSTEM
11715,2020,1009,INTERNATIONAL,EQUIPMENT
11716,2020,1009,INTERNATIONAL,TRAILER HITCHES
11717,2020,1009,INTERNATIONAL,EQUIPMENT
11718,2020,306,X3,BACK OVER PREVENTION
11719,2020,306,X3,BACK OVER PREVENTION
11720,2020,306,X3,ELECTRICAL SYSTEM
11721,2020,306,X3,BACK OVER PREVENTION
11722,2020,306,X3,SEAT BELTS
11723,2020,306,X3,SUSPENSION
11724,2020,306,X3,ELECTRICAL SYSTEM
11725,2020,306,X3,STEERING
11726,2020,306,X3,STEERING
11727,2020,306,X3,ENGINE
11728,2020,306,X3,ELECTRICAL SYSTEM
11729,2020,306,X3,BACK OVER PREVENTION
11730,2020,306,X3,SEATS
11731,2020,306,X3,STRUCTURE
11732,2020,306,X3,STRUCTURE
11733,2020,306,X3,ELECTRICAL SYSTEM
11734,2020,11734,TYPE I,SERVICE BRAKES
11735,2020,11734,TYPE I,ELECTRICAL SYSTEM
11736,2020,11734,TYPE I,AIR BAGS
11737,2020,2,VISTA,ELECTRICAL SYSTEM
11738,2020,2,VISTA,EXTERIOR LIGHTING
11739,2020,2,VISTA,LATCHES/LOCKS/LINKAGES
11740,2020,505,ANTHEM (AN),EXTERIOR LIGHTING
11741,2020,505,ANTHEM (AN),VISIBILITY
11742,2020,505,ANTHEM (AN),STEERING
11743,2020,505,ANTHEM (AN),ELECTRONIC STABILITY CONTROL (ESC)
11744,2020,505,ANTHEM (AN),SERVICE BRAKES
11745,2020,505,ANTHEM (AN),SEAT BELTS
11746,2020,130,ROCKET 3 GT,SERVICE BRAKES
11747,2020,130,ROCKET 3 GT,SERVICE BRAKES
11748,2020,9,COMPASS,VISIBILITY
11749,2020,2,VIEW,EQUIPMENT
11750,2020,2,VIEW,STRUCTURE
11751,2020,2,VIEW,EQUIPMENT
11752,2020,2,VIEW,STRUCTURE
11753,2020,2,VIEW,ELECTRICAL SYSTEM
11754,2020,2,VIEW,STRUCTURE
11755,2020,98,TERRAIN,POWER TRAIN
11756,2020,98,TERRAIN,CHILD SEAT
11757,2020,15,C-HR,SEAT BELTS
11758,2020,2253,PANIGALE V2,EXTERIOR LIGHTING
11759,2020,15,HIGHLANDER,AIR BAGS
11760,2020,15,HIGHLANDER,FUEL SYSTEM
11761,2020,15,HIGHLANDER,STRUCTURE
11762,2020,15,HIGHLANDER,AIR BAGS
11763,2020,98,YUKON,TIRES
11764,2020,98,YUKON,FUEL SYSTEM
11765,2020,98,YUKON,SERVICE BRAKES
11766,2020,5095,18RB,EQUIPMENT
11767,2020,2,TRAVATO,ELECTRICAL SYSTEM
11768,2020,2,TRAVATO,STRUCTURE
11769,2020,2,TRAVATO,FUEL SYSTEM
11770,2020,2,TRAVATO,STRUCTURE
11771,2020,4,MIRADA,FUEL SYSTEM
11772,2020,4,MIRADA,EQUIPMENT
11773,2020,4,MIRADA,EQUIPMENT
11774,2020,3,OUTLAW,STRUCTURE
11775,2020,3,OUTLAW,ELECTRICAL SYSTEM
11776,2020,3,OUTLAW,EQUIPMENT
11777,2020,3,OUTLAW,VISIBILITY
11778,2020,82,MALIBU,SEAT BELTS
11779,2020,119,SUNSEEKER,SERVICE BRAKES
11780,2020,119,SUNSEEKER,AIR BAGS
11781,2020,119,SUNSEEKER,ELECTRICAL SYSTEM
11782,2020,119,SUNSEEKER,EQUIPMENT
11783,2020,258,SPORTTREK,EQUIPMENT
11784,2020,14,CONTINENTAL,BACK OVER PREVENTION
11785,2020,14,CONTINENTAL,BACK OVER PREVENTION
11786,2020,16,ENCORE GX,SERVICE BRAKES
11787,2020,16,ENCORE GX,EQUIPMENT
11788,2020,77,F-450,SEATS
11789,2020,1,CAYENNE TURBO,FUEL SYSTEM
11790,2020,15,HIGHLANDER HYBRID,AIR BAGS
11791,2020,15,HIGHLANDER HYBRID,ELECTRONIC STABILITY CONTROL (ESC)
11792,2020,15,HIGHLANDER HYBRID,STRUCTURE
11793,2020,15,HIGHLANDER HYBRID,AIR BAGS
11794,2020,1497,VNL,POWER TRAIN
11795,2020,1497,VNL,ELECTRICAL SYSTEM
11796,2020,1497,VNL,STEERING
11797,2020,1497,VNL,STRUCTURE
11798,2020,1497,VNL,STRUCTURE
11799,2020,1497,VNL,STEERING
11800,2020,1497,VNL,SERVICE BRAKES
11801,2020,1497,VNL,EQUIPMENT
11802,2020,1497,VNL,STEERING
11803,2020,128,CT4,AIR BAGS
11804,2020,128,CT4,SERVICE BRAKES
11805,2020,128,CT4,EXTERIOR LIGHTING
11806,2020,128,CT4,POWER TRAIN
11807,2020,146,ACCORD HYBRID,ELECTRICAL SYSTEM
11808,2020,146,ACCORD HYBRID,ELECTRICAL SYSTEM
11809,2020,146,ACCORD HYBRID,FUEL SYSTEM
11810,2020,146,ACCORD HYBRID,AIR BAGS
11811,2020,146,CIVIC,FUEL SYSTEM
11812,2020,146,CIVIC,SERVICE BRAKES
11813,2020,146,CIVIC,FUEL SYSTEM
11814,2020,146,CIVIC,AIR BAGS
11815,2020,99,SPRINGDALE,SUSPENSION
11816,2020,99,SPRINGDALE,EQUIPMENT
11817,2020,99,SPRINGDALE,EQUIPMENT
11818,2020,99,SPRINGDALE,EQUIPMENT
11819,2020,99,SPRINGDALE,TIRES
11820,2020,306,X4,BACK OVER PREVENTION
11821,2020,306,X4,BACK OVER PREVENTION
11822,2020,306,X4,ELECTRICAL SYSTEM
11823,2020,306,X4,BACK OVER PREVENTION
11824,2020,306,X4,SEAT BELTS
11825,2020,306,X4,SUSPENSION
11826,2020,306,X4,STEERING
11827,2020,306,X4,STEERING
11828,2020,306,X4,ENGINE
11829,2020,306,X4,ELECTRICAL SYSTEM
11830,2020,562,VERSA,EXTERIOR LIGHTING
11831,2020,562,VERSA,FUEL SYSTEM
11832,2020,1800,Q8,POWER TRAIN
11833,2020,1800,Q8,FUEL SYSTEM
11834,2020,306,S 1000 RR,SERVICE BRAKES
11835,2020,1014,CASCADIA,AIR BAGS
11836,2020,1014,CASCADIA,SERVICE BRAKES
11837,2020,1014,CASCADIA,STEERING
11838,2020,1014,CASCADIA,SERVICE BRAKES
11839,2020,1014,CASCADIA,EXTERIOR LIGHTING
11840,2020,1014,CASCADIA,ELECTRICAL SYSTEM
11841,2020,1014,CASCADIA,ELECTRICAL SYSTEM
11842,2020,1014,CASCADIA,SERVICE BRAKES
11843,2020,1014,CASCADIA,EXTERIOR LIGHTING
11844,2020,1014,CASCADIA,SERVICE BRAKES
11845,2020,1014,CASCADIA,EXTERIOR LIGHTING
11846,2020,1014,CASCADIA,SUSPENSION
11847,2020,1014,CASCADIA,SERVICE BRAKES
11848,2020,1014,CASCADIA,TIRES
11849,2020,1014,CASCADIA,EQUIPMENT
11850,2020,1014,CASCADIA,SERVICE BRAKES
11851,2020,1014,CASCADIA,ELECTRONIC STABILITY CONTROL (ESC)
11852,2020,1014,CASCADIA,STEERING
11853,2020,1014,CASCADIA,EXTERIOR LIGHTING
11854,2020,1014,CASCADIA,ELECTRONIC STABILITY CONTROL (ESC)
11855,2020,110,G70,SERVICE BRAKES
11856,2020,110,G70,ENGINE AND ENGINE COOLING
11857,2020,110,G70,FUEL SYSTEM
11858,2020,262,OUTLANDER SPORT,POWER TRAIN
11859,2020,64,GREYHAWK,SERVICE BRAKES
11860,2020,64,GREYHAWK,EQUIPMENT
11861,2020,64,GREYHAWK,EQUIPMENT
11862,2020,64,GREYHAWK,VISIBILITY
11863,2020,64,GREYHAWK,STEERING
11864,2020,1800,Q7,STRUCTURE
11865,2020,1800,Q7,AIR BAGS
11866,2020,1800,Q7,FUEL SYSTEM
11867,2020,1800,Q7,FORWARD COLLISION AVOIDANCE
11868,2020,82,SILVERADO 4500,SERVICE BRAKES
11869,2020,82,SILVERADO 4500,SERVICE BRAKES
11870,2020,1197,AUTUMN RIDGE,EQUIPMENT
11871,2020,79,OPEN RANGE,VISIBILITY
11872,2020,79,OPEN RANGE,EQUIPMENT
11873,2020,79,OPEN RANGE,EQUIPMENT
11874,2020,146,RIDGELINE,EQUIPMENT
11875,2020,146,RIDGELINE,STRUCTURE
11876,2020,146,RIDGELINE,VISIBILITY
11877,2020,146,RIDGELINE,SERVICE BRAKES
11878,2020,146,RIDGELINE,FUEL SYSTEM
11879,2020,146,RIDGELINE,AIR BAGS
11880,2020,146,RIDGELINE,BACK OVER PREVENTION
11881,2020,2,MINNIE WINNIE,STRUCTURE
11882,2020,2,MINNIE WINNIE,EQUIPMENT
11883,2020,4946,TRAVEL TRAILER,EQUIPMENT
11884,2020,4946,TRAVEL TRAILER,EQUIPMENT
11885,2020,1419,T680,SERVICE BRAKES
11886,2020,1419,T680,SUSPENSION
11887,2020,1419,T680,PARKING BRAKE
11888,2020,1419,T680,ELECTRICAL SYSTEM
11889,2020,1419,T680,ELECTRONIC STABILITY CONTROL (ESC)
11890,2020,1419,T680,VISIBILITY
11891,2020,1419,T680,STEERING
11892,2020,1419,T680,SERVICE BRAKES
11893,2020,17,TELLURIDE,SEAT BELTS
11894,2020,17,TELLURIDE,ELECTRICAL SYSTEM
11895,2020,17,TELLURIDE,TRAILER HITCHES
11896,2020,17,TELLURIDE,EXTERIOR LIGHTING
11897,2020,17,TELLURIDE,POWER TRAIN
11898,2020,17,TELLURIDE,SEATS
11899,2020,15,CAMRY HYBRID,ENGINE AND ENGINE COOLING
11900,2020,15,CAMRY HYBRID,AIR BAGS
11901,2020,3383,INTERCEPTOR 650,SERVICE BRAKES
11902,2020,505,PINNACLE (CHU),EXTERIOR LIGHTING
11903,2020,505,PINNACLE (CHU),VISIBILITY
11904,2020,505,PINNACLE (CHU),STEERING
11905,2020,505,PINNACLE (CHU),ELECTRONIC STABILITY CONTROL (ESC)
11906,2020,44,LONDON AIRE,STEERING
11907,2020,44,LONDON AIRE,SERVICE BRAKES
11908,2020,44,LONDON AIRE,ELECTRICAL SYSTEM
11909,2020,44,LONDON AIRE,EXTERIOR LIGHTING
11910,2020,44,LONDON AIRE,EQUIPMENT
11911,2020,44,LONDON AIRE,SUSPENSION
11912,2020,44,LONDON AIRE,SEATS
11913,2020,130,ROCKET 3 R,SERVICE BRAKES
11914,2020,130,ROCKET 3 R,SERVICE BRAKES
11915,2020,15,SUPRA,ENGINE
11916,2020,15,SUPRA,EXTERIOR LIGHTING
11917,2020,15,SUPRA,BACK OVER PREVENTION
11918,2020,15,SUPRA,FUEL SYSTEM
11919,2020,15,SUPRA,SEAT BELTS
11920,2020,15,SUPRA,STEERING
11921,2020,15,SUPRA,EXTERIOR LIGHTING
11922,2020,15,SUPRA,ELECTRICAL SYSTEM
11923,2020,375,520,POWER TRAIN
11924,2020,375,520,POWER TRAIN
11925,2020,375,520,SERVICE BRAKES
11926,2020,375,520,SERVICE BRAKES
11927,2020,375,520,FUEL SYSTEM
11928,2020,375,520,STEERING
11929,2020,375,520,ELECTRONIC STABILITY CONTROL (ESC)
11930,2020,375,520,STEERING
11931,2020,375,520,EXTERIOR LIGHTING
11932,2020,375,520,ELECTRICAL SYSTEM
11933,2020,375,520,STEERING
11934,2020,375,520,SUSPENSION
11935,2020,562,TITAN,TIRES
11936,2020,562,TITAN,ELECTRICAL SYSTEM
11937,2020,562,TITAN,EXTERIOR LIGHTING
11938,2020,562,TITAN,POWER TRAIN
11939,2020,562,TITAN,POWER TRAIN
11940,2020,64,SENECA,EQUIPMENT
11941,2020,64,SENECA,VISIBILITY
11942,2020,64,SENECA,TIRES
11943,2020,306,S1000 RR,ENGINE
11944,2020,306,S1000 RR,EXTERIOR LIGHTING
11945,2020,119,VIBE,SERVICE BRAKES
11946,2020,119,VIBE,EQUIPMENT
11947,2020,3,AXIS,EQUIPMENT
11948,2020,3,AXIS,ELECTRONIC STABILITY CONTROL (ESC)
11949,2020,3,AXIS,VISIBILITY
11950,2020,3,AXIS,POWER TRAIN
11951,2020,1,PANAMERA,ELECTRICAL SYSTEM
11952,2020,128,XT5,TIRES
11953,2020,128,XT5,FUEL SYSTEM
11954,2020,128,XT5,TIRES
11955,2020,128,XT5,AIR BAGS
11956,2020,128,XT5,BACK OVER PREVENTION
11957,2020,1800,Q3,SERVICE BRAKES
11958,2020,1800,Q3,SEATS
11959,2020,146,CR-V HYBRID,ELECTRICAL SYSTEM
11960,2020,146,CR-V HYBRID,ELECTRICAL SYSTEM
11961,2020,146,CR-V HYBRID,FUEL SYSTEM
11962,2020,146,CR-V HYBRID,AIR BAGS
11963,2020,77,RANGER,SEATS
11964,2020,77,RANGER,SEAT BELTS
11965,2020,77,RANGER,BACK OVER PREVENTION
11966,2020,77,RANGER,POWER TRAIN
11967,2020,77,RANGER,EQUIPMENT
11968,2020,77,RANGER,BACK OVER PREVENTION
11969,2020,77,RANGER,EQUIPMENT
11970,2020,1,TAYCAN,SERVICE BRAKES
11971,2020,1,TAYCAN,EXTERIOR LIGHTING
11972,2020,1,TAYCAN,SUSPENSION
11973,2020,1,TAYCAN,ENGINE AND ENGINE COOLING
11974,2020,1,TAYCAN,SEAT BELTS
11975,2020,1,TAYCAN,SEATS
11976,2020,1,TAYCAN,POWER TRAIN
11977,2020,1,TAYCAN,SERVICE BRAKES
11978,2020,1,TAYCAN,SERVICE BRAKES
11979,2020,1,TAYCAN,ELECTRICAL SYSTEM
11980,2020,1,TAYCAN,ELECTRICAL SYSTEM
11981,2020,82,BLAZER,TIRES
11982,2020,82,BLAZER,AIR BAGS
11983,2020,82,BLAZER,POWER TRAIN
11984,2020,44,DUTCH STAR,SERVICE BRAKES
11985,2020,44,DUTCH STAR,ELECTRICAL SYSTEM
11986,2020,44,DUTCH STAR,EXTERIOR LIGHTING
11987,2020,44,DUTCH STAR,EQUIPMENT
11988,2020,44,DUTCH STAR,FUEL SYSTEM
11989,2020,44,DUTCH STAR,FUEL SYSTEM
11990,2020,44,DUTCH STAR,EQUIPMENT
11991,2020,44,DUTCH STAR,EXTERIOR LIGHTING
11992,2020,44,DUTCH STAR,SUSPENSION
11993,2020,44,DUTCH STAR,SEATS
11994,2020,562,MURANO,SUSPENSION
11995,2020,562,MURANO,STEERING
11996,2020,146,ODYSSEY,BACK OVER PREVENTION
11997,2020,146,ODYSSEY,ELECTRICAL SYSTEM
11998,2020,146,ODYSSEY,BACK OVER PREVENTION
11999,2020,146,ODYSSEY,LATCHES/LOCKS/LINKAGES
12000,2020,146,ODYSSEY,ELECTRICAL SYSTEM
12001,2020,146,ODYSSEY,FUEL SYSTEM
12002,2020,146,ODYSSEY,SEAT BELTS
12003,2020,146,ODYSSEY,VISIBILITY
12004,2020,146,ODYSSEY,BACK OVER PREVENTION
12005,2020,146,ODYSSEY,FUEL SYSTEM
12006,2020,146,ODYSSEY,AIR BAGS
12007,2020,64,WHITE HAWK,SERVICE BRAKES
12008,2020,64,WHITE HAWK,STRUCTURE
12009,2020,64,WHITE HAWK,EQUIPMENT
12010,2020,64,WHITE HAWK,EQUIPMENT
12011,2020,146,INSIGHT,ELECTRICAL SYSTEM
12012,2020,146,INSIGHT,FUEL SYSTEM
12013,2020,146,INSIGHT,ELECTRICAL SYSTEM
12014,2020,146,INSIGHT,FUEL SYSTEM
12015,2020,146,INSIGHT,FUEL SYSTEM
12016,2020,77,EXPEDITION,SEATS
12017,2020,77,EXPEDITION,BACK OVER PREVENTION
12018,2020,77,EXPEDITION,SEAT BELTS
12019,2020,77,EXPEDITION,POWER TRAIN
12020,2020,77,EXPEDITION,SEAT BELTS
12021,2020,77,EXPEDITION,ELECTRICAL SYSTEM
12022,2020,77,EXPEDITION,SEATS
12023,2020,77,EXPEDITION,VISIBILITY
12024,2020,77,EXPEDITION,EQUIPMENT
12025,2020,77,EXPEDITION,SEAT BELTS
12026,2020,77,EXPEDITION,EQUIPMENT
12027,2020,77,EXPEDITION,SEAT BELTS
12028,2020,77,EXPEDITION,ELECTRICAL SYSTEM
12029,2020,77,EXPEDITION,BACK OVER PREVENTION
12030,2020,77,EXPEDITION,ENGINE
12031,2020,13,QX50,TIRES
12032,2020,13,QX50,ENGINE AND ENGINE COOLING
12033,2020,145,FLHTK,EXTERIOR LIGHTING
12034,2020,858,PROMASTER,AIR BAGS
12035,2020,858,PROMASTER,POWER TRAIN
12036,2020,858,PROMASTER,BACK OVER PREVENTION
12037,2020,858,PROMASTER,ENGINE AND ENGINE COOLING
12038,2020,858,PROMASTER CITY,SERVICE BRAKES
12039,2020,858,PROMASTER CITY,EXTERIOR LIGHTING
12040,2020,599,VOYAGER,AIR BAGS
12041,2020,64,EMBARK,ELECTRICAL SYSTEM
12042,2020,64,EMBARK,ELECTRICAL SYSTEM
12043,2020,64,EMBARK,TRAILER HITCHES
12044,2020,64,EMBARK,STRUCTURE
12045,2020,467,690 SMC R,POWER TRAIN
12046,2020,64,PINNACLE,VISIBILITY
12047,2020,64,PINNACLE,EQUIPMENT
12048,2020,1,TAYCAN 4S,ELECTRICAL SYSTEM
12049,2020,1,TAYCAN 4S,ELECTRICAL SYSTEM
12050,2020,1,TAYCAN 4S,ELECTRICAL SYSTEM
12051,2020,1,TAYCAN 4S,ELECTRICAL SYSTEM
12052,2020,82,CORVETTE,SEAT BELTS
12053,2020,82,CORVETTE,ELECTRICAL SYSTEM
12054,2020,82,CORVETTE,LATCHES/LOCKS/LINKAGES
12055,2020,82,CORVETTE,SERVICE BRAKES
12056,2020,146,FIT,BACK OVER PREVENTION
12057,2020,146,FIT,AIR BAGS
12058,2020,146,FIT,BACK OVER PREVENTION
12059,2020,99,PASSPORT,EQUIPMENT
12060,2020,128,ESCALADE,TIRES
12061,2020,128,ESCALADE,FUEL SYSTEM
12062,2020,306,R 1250 GS,SERVICE BRAKES
12063,2020,306,R 1250 GS,EXTERIOR LIGHTING
12064,2020,306,R 1250 GS,SERVICE BRAKES
12065,2020,306,R 1250 GS,SERVICE BRAKES
12066,2020,306,R 1250 GS,POWER TRAIN
12067,2020,306,R 1250 GS,POWER TRAIN
12068,2020,64,ALANTE,EQUIPMENT
12069,2020,64,ALANTE,ENGINE
12070,2020,64,ALANTE,VISIBILITY
12071,2020,145,FXLRS,SUSPENSION
12072,2020,145,FXLRS,SUSPENSION
12073,2020,8,TUCSON,SERVICE BRAKES
12074,2020,155,RDX,FUEL SYSTEM
12075,2020,155,RDX,SEAT BELTS
12076,2020,155,RDX,FUEL SYSTEM
12077,2020,155,RDX,AIR BAGS
12078,2020,908,ANTHEM,STEERING
12079,2020,908,ANTHEM,SUSPENSION
12080,2020,908,ANTHEM,ELECTRICAL SYSTEM
12081,2020,908,ANTHEM,FUEL SYSTEM
12082,2020,908,ANTHEM,STRUCTURE
12083,2020,908,ANTHEM,STEERING
12084,2020,908,ANTHEM,SEATS
12085,2020,14,CORSAIR,SUSPENSION
12086,2020,14,CORSAIR,BACK OVER PREVENTION
12087,2020,14,CORSAIR,POWER TRAIN
12088,2020,14,CORSAIR,BACK OVER PREVENTION
12089,2020,14,CORSAIR,SEAT BELTS
12090,2020,14,CORSAIR,BACK OVER PREVENTION
12091,2020,14,CORSAIR,BACK OVER PREVENTION
12092,2020,14,CORSAIR,EQUIPMENT
12093,2020,14,CORSAIR,BACK OVER PREVENTION
12094,2020,14,CORSAIR,BACK OVER PREVENTION
12095,2020,14,CORSAIR,SEAT BELTS
12096,2020,14,CORSAIR,BACK OVER PREVENTION
12097,2020,14,CORSAIR,BACK OVER PREVENTION
12098,2020,14,CORSAIR,EQUIPMENT
12099,2020,1800,S3,AIR BAGS
12100,2020,1357,CX-30,STRUCTURE
12101,2020,1357,CX-30,SERVICE BRAKES
12102,2020,1357,CX-30,FUEL SYSTEM
12103,2020,908,EMBLEM,VISIBILITY
12104,2020,423,701 ENDURO LR,POWER TRAIN
12105,2020,423,701 ENDURO LR,FUEL SYSTEM
12106,2020,423,701 ENDURO LR,TIRES
12107,2020,1497,XC60PHEV,SERVICE BRAKES
12108,2020,562,ARMADA,FUEL SYSTEM
12109,2020,82,SILVERADO 2500,LATCHES/LOCKS/LINKAGES
12110,2020,82,SILVERADO 2500,TIRES
12111,2020,82,SILVERADO 2500,SEAT BELTS
12112,2020,82,SILVERADO 2500,AIR BAGS
12113,2020,82,SILVERADO 2500,SEAT BELTS
12114,2020,82,SILVERADO 2500,STRUCTURE
12115,2020,82,SILVERADO 2500,POWER TRAIN
12116,2020,82,SILVERADO 2500,LATCHES/LOCKS/LINKAGES
12117,2020,82,SILVERADO 2500,POWER TRAIN
12118,2020,150,STELVIO,FUEL SYSTEM
12119,2020,150,STELVIO,SERVICE BRAKES
12120,2020,150,STELVIO,SERVICE BRAKES
12121,2020,150,STELVIO,AIR BAGS
12122,2020,150,STELVIO,SERVICE BRAKES
12123,2020,150,STELVIO,BACK OVER PREVENTION
12124,2020,467,1290 SUPER ADVENTURE R,TIRES
12125,2020,128,ESCALADE ESV,TIRES
12126,2020,128,ESCALADE ESV,FUEL SYSTEM
12127,2020,1009,BASECAMP,EQUIPMENT
12128,2020,1009,BASECAMP,TRAILER HITCHES
12129,2020,1009,BASECAMP,EQUIPMENT
12130,2020,1009,BASECAMP,VISIBILITY
12131,2020,375,579,ELECTRICAL SYSTEM
12132,2020,375,579,ELECTRICAL SYSTEM
12133,2020,375,579,SERVICE BRAKES
12134,2020,375,579,VISIBILITY
12135,2020,375,579,VISIBILITY
12136,2020,375,579,STEERING
12137,2020,145,FLTRX,EXTERIOR LIGHTING
12138,2020,1906,VERONA,EQUIPMENT
12139,2020,17,SORENTO,TRAILER HITCHES
12140,2020,8,VENUE,SEAT BELTS
12141,2020,15,SIENNA,FUEL SYSTEM
12142,2020,15,SIENNA,STEERING
12143,2020,128,CT6,TIRES
12144,2020,128,CT6,POWER TRAIN
12145,2020,31,IMAGINE,STRUCTURE
12146,2020,31,IMAGINE,EQUIPMENT
12147,2020,306,M550I,BACK OVER PREVENTION
12148,2020,306,M550I,BACK OVER PREVENTION
12149,2020,306,M550I,BACK OVER PREVENTION
12150,2020,9,GRAND CHEROKEE,BACK OVER PREVENTION
12151,2020,9,GRAND CHEROKEE,FUEL SYSTEM
12152,2020,9,GRAND CHEROKEE,ENGINE AND ENGINE COOLING
12153,2020,1995,SLINGSHOT SL,BACK OVER PREVENTION
12154,2020,306,X6,BACK OVER PREVENTION
12155,2020,306,X6,STRUCTURE
12156,2020,306,X6,BACK OVER PREVENTION
12157,2020,306,X6,EXTERIOR LIGHTING
12158,2020,306,X6,SERVICE BRAKES
12159,2020,306,X6,STRUCTURE
12160,2020,306,X6,SUSPENSION
12161,2020,306,X6,VISIBILITY
12162,2020,306,X6,ELECTRICAL SYSTEM
12163,2020,306,X6,ELECTRICAL SYSTEM
12164,2020,1009,FLYING CLOUD,EQUIPMENT
12165,2020,1009,FLYING CLOUD,TRAILER HITCHES
12166,2020,1009,FLYING CLOUD,EQUIPMENT
12167,2020,77,F-350 SD,EQUIPMENT
12168,2020,77,F-350 SD,VISIBILITY
12169,2020,77,F-350 SD,STEERING
12170,2020,77,F-350 SD,POWER TRAIN
12171,2020,77,F-350 SD,TIRES
12172,2020,77,F-350 SD,BACK OVER PREVENTION
12173,2020,77,F-350 SD,POWER TRAIN
12174,2020,77,F-350 SD,STRUCTURE
12175,2020,77,F-350 SD,VISIBILITY
12176,2020,77,F-350 SD,POWER TRAIN
12177,2020,77,F-350 SD,BACK OVER PREVENTION
12178,2020,77,F-350 SD,EQUIPMENT
12179,2020,77,F-350 SD,FUEL SYSTEM
12180,2020,77,F-350 SD,STEERING
12181,2020,77,F-350 SD,BACK OVER PREVENTION
12182,2020,15,COROLLA HYBRID,ELECTRONIC STABILITY CONTROL (ESC)
12183,2020,15,COROLLA HYBRID,SEAT BELTS
12184,2020,99,IMPACT,EQUIPMENT
12185,2020,99,IMPACT,EQUIPMENT
12186,2020,99,IMPACT,ELECTRICAL SYSTEM
12187,2020,99,IMPACT,EQUIPMENT
12188,2020,423,VITPILEN 701,POWER TRAIN
12189,2020,423,VITPILEN 701,FUEL SYSTEM
12190,2020,423,VITPILEN 701,STRUCTURE
12191,2020,82,BOLT EV,LATCHES/LOCKS/LINKAGES
12192,2020,82,BOLT EV,SERVICE BRAKES
12193,2020,82,BOLT EV,SEAT BELTS
12194,2020,82,BOLT EV,ELECTRICAL SYSTEM
12195,2020,82,BOLT EV,STRUCTURE
12196,2020,82,BOLT EV,STRUCTURE
12197,2020,82,BOLT EV,ELECTRICAL SYSTEM
12198,2020,82,BOLT EV,ELECTRICAL SYSTEM
12199,2020,3383,HIMALAYAN,SERVICE BRAKES
12200,2020,21,BUS,VISIBILITY/WIPER
12201,2020,21,BUS,STEERING
12202,2020,21,BUS,FUEL SYSTEM
12203,2020,562,ALTIMA,STEERING
12204,2020,562,ALTIMA,TIRES
12205,2020,562,ALTIMA,VISIBILITY
12206,2020,562,ALTIMA,TIRES
12207,2020,562,ALTIMA,BACK OVER PREVENTION
12208,2020,562,ALTIMA,ENGINE AND ENGINE COOLING
12209,2020,77,MUSTANG,FORWARD COLLISION AVOIDANCE
12210,2020,77,MUSTANG,SERVICE BRAKES
12211,2020,77,MUSTANG,POWER TRAIN
12212,2020,77,MUSTANG,BACK OVER PREVENTION
12213,2020,77,MUSTANG,POWER TRAIN
12214,2020,77,MUSTANG,ELECTRICAL SYSTEM
12215,2020,77,MUSTANG,BACK OVER PREVENTION
12216,2020,77,MUSTANG,BACK OVER PREVENTION
12217,2020,1800,S7,TIRES
12218,2020,1800,S7,AIR BAGS
12219,2020,1800,S7,SUSPENSION
12220,2020,1800,S7,ELECTRICAL SYSTEM
12221,2020,1800,S7,ELECTRICAL SYSTEM
12222,2020,98,SIERRA 3500,LATCHES/LOCKS/LINKAGES
12223,2020,98,SIERRA 3500,SEAT BELTS
12224,2020,98,SIERRA 3500,AIR BAGS
12225,2020,98,SIERRA 3500,SEAT BELTS
12226,2020,98,SIERRA 3500,STRUCTURE
12227,2020,98,SIERRA 3500,LATCHES/LOCKS/LINKAGES
12228,2020,98,SIERRA 3500,POWER TRAIN
12229,2020,64,PRECEPT,EQUIPMENT
12230,2020,64,PRECEPT,ENGINE
12231,2020,64,PRECEPT,VISIBILITY
12232,2020,64,PRECEPT,EQUIPMENT
12233,2020,77,F-550,SEATS
12234,2020,77,F-550,POWER TRAIN
12235,2020,306,X5,STEERING
12236,2020,306,X5,BACK OVER PREVENTION
12237,2020,306,X5,BACK OVER PREVENTION
12238,2020,306,X5,STEERING
12239,2020,306,X5,EXTERIOR LIGHTING
12240,2020,306,X5,SERVICE BRAKES
12241,2020,306,X5,POWER TRAIN
12242,2020,306,X5,SUSPENSION
12243,2020,306,X5,VISIBILITY
12244,2020,306,X5,ELECTRICAL SYSTEM
12245,2020,306,X5,ELECTRICAL SYSTEM
12246,2020,2253,SUPERSPORT,SERVICE BRAKES
12247,2020,57,XE,STRUCTURE
12248,2020,57,XE,BACK OVER PREVENTION
12249,2020,31,MOMENTUM,EQUIPMENT
12250,2020,31,MOMENTUM,EQUIPMENT
12251,2020,1357,MAZDA3,FORWARD COLLISION AVOIDANCE
12252,2020,1357,MAZDA3,SERVICE BRAKES
12253,2020,8,ACCENT,LATCHES/LOCKS/LINKAGES
12254,2020,8,ACCENT,SEAT BELTS
12255,2020,8,ACCENT,SEAT BELTS
12256,2020,8,ACCENT,SEAT BELTS
12257,2020,669,LT,ENGINE
12258,2020,669,LT,ENGINE AND ENGINE COOLING
12259,2020,669,LT,ENGINE
12260,2020,669,LT,ENGINE
12261,2020,669,LT,ELECTRICAL SYSTEM
12262,2020,669,LT,ELECTRICAL SYSTEM
12263,2020,669,LT,ENGINE
12264,2020,669,LT,EXTERIOR LIGHTING
12265,2020,9,GLADIATOR,POWER TRAIN
12266,2020,9,GLADIATOR,SEAT BELTS
12267,2020,9,GLADIATOR,BACK OVER PREVENTION
12268,2020,9,GLADIATOR,POWER TRAIN
12269,2020,9,GLADIATOR,POWER TRAIN
12270,2020,9,GLADIATOR,POWER TRAIN
12271,2020,9,GLADIATOR,ELECTRICAL SYSTEM
12272,2020,145,FLHXSE,EXTERIOR LIGHTING
12273,2020,258,SPORTSTER,EQUIPMENT
12274,2020,119,WILDWOOD,EQUIPMENT
12275,2020,119,WILDWOOD,SERVICE BRAKES
12276,2020,119,WILDWOOD,EQUIPMENT
12277,2020,119,WILDWOOD,TRAILER HITCHES
12278,2020,119,WILDWOOD,EQUIPMENT
12279,2020,119,WILDWOOD,EQUIPMENT
12280,2020,119,WILDWOOD,ELECTRICAL SYSTEM
12281,2020,99,SPRINTER,EQUIPMENT
12282,2020,77,ESCAPE,SEATS
12283,2020,77,ESCAPE,AIR BAGS
12284,2020,77,ESCAPE,ELECTRICAL SYSTEM
12285,2020,77,ESCAPE,POWER TRAIN
12286,2020,77,ESCAPE,BACK OVER PREVENTION
12287,2020,77,ESCAPE,POWER TRAIN
12288,2020,77,ESCAPE,ENGINE AND ENGINE COOLING
12289,2020,77,ESCAPE,ELECTRICAL SYSTEM
12290,2020,77,ESCAPE,ENGINE AND ENGINE COOLING
12291,2020,77,ESCAPE,FUEL SYSTEM
12292,2020,77,ESCAPE,ENGINE
12293,2020,77,ESCAPE,POWER TRAIN
12294,2020,77,ESCAPE,EQUIPMENT
12295,2020,77,ESCAPE,ELECTRICAL SYSTEM
12296,2020,77,ESCAPE,FUEL SYSTEM
12297,2020,77,ESCAPE,ENGINE
12298,2020,77,ESCAPE,BACK OVER PREVENTION
12299,2020,77,ESCAPE,FUEL SYSTEM
12300,2020,77,ESCAPE,EQUIPMENT
12301,2020,77,ESCAPE,SERVICE BRAKES
12302,2020,82,SILVERADO 3500,LATCHES/LOCKS/LINKAGES
12303,2020,82,SILVERADO 3500,SEAT BELTS
12304,2020,82,SILVERADO 3500,AIR BAGS
12305,2020,82,SILVERADO 3500,SEAT BELTS
12306,2020,82,SILVERADO 3500,STRUCTURE
12307,2020,82,SILVERADO 3500,LATCHES/LOCKS/LINKAGES
12308,2020,82,SILVERADO 3500,POWER TRAIN
12309,2020,263,4900,EQUIPMENT
12310,2020,263,4900,VISIBILITY
12311,2020,263,4900,STRUCTURE
12312,2020,263,4900,EQUIPMENT
12313,2020,263,4900,TIRES
12314,2020,263,4900,SUSPENSION
12315,2020,263,4900,WHEELS
12316,2020,37,ATLAS,EQUIPMENT
12317,2020,37,ATLAS,AIR BAGS
12318,2020,37,ATLAS,TIRES
12319,2020,37,ATLAS,AIR BAGS
12320,2020,145,XL883N,EXTERIOR LIGHTING
12321,2020,57,I-PACE,SEATS
12322,2020,57,I-PACE,SERVICE BRAKES
12323,2020,57,I-PACE,ELECTRICAL SYSTEM
12324,2020,57,I-PACE,ELECTRICAL SYSTEM
12325,2020,57,I-PACE,ELECTRICAL SYSTEM
12326,2020,57,I-PACE,ELECTRICAL SYSTEM
12327,2020,57,I-PACE,ELECTRICAL SYSTEM
12328,2020,669,MV,ENGINE
12329,2020,669,MV,FUEL SYSTEM
12330,2020,669,MV,ENGINE AND ENGINE COOLING
12331,2020,669,MV,FUEL SYSTEM
12332,2020,669,MV,FUEL SYSTEM
12333,2020,669,MV,ELECTRICAL SYSTEM
12334,2020,669,MV,SERVICE BRAKES
12335,2020,669,MV,EXTERIOR LIGHTING
12336,2020,669,MV,SERVICE BRAKES
12337,2020,669,MV,SERVICE BRAKES
12338,2020,1800,A6 ALLROAD,TIRES
12339,2020,1800,A6 ALLROAD,AIR BAGS
12340,2020,1800,A6 ALLROAD,ELECTRICAL SYSTEM
12341,2020,145,FLHR,EXTERIOR LIGHTING
12342,2020,99,CARBON,EQUIPMENT
12343,2020,119,CEDAR CREEK,EQUIPMENT
12344,2020,119,CEDAR CREEK,EQUIPMENT
12345,2020,119,CEDAR CREEK,EQUIPMENT
12346,2020,375,330,STEERING
12347,2020,17,STINGER,ELECTRICAL SYSTEM
12348,2020,17,STINGER,STEERING
12349,2020,17,STINGER,FUEL SYSTEM
12350,2020,17,STINGER,SERVICE BRAKES
12351,2020,17,STINGER,FUEL SYSTEM
12352,2020,17,STINGER,ENGINE AND ENGINE COOLING
12353,2020,21,ALLEGRO,SEAT BELTS
12354,2020,21,ALLEGRO,ELECTRICAL SYSTEM
12355,2020,562,ROGUE,ELECTRICAL SYSTEM
12356,2020,128,XT6,FUEL SYSTEM
12357,2020,128,XT6,AIR BAGS
12358,2020,128,XT6,POWER TRAIN
12359,2020,128,XT6,BACK OVER PREVENTION
12360,2020,322,500X,SERVICE BRAKES
12361,2020,322,500X,AIR BAGS
12362,2020,3,FREEDOM ELITE,POWER TRAIN
12363,2020,3,FREEDOM ELITE,AIR BAGS
12364,2020,3,FREEDOM ELITE,ELECTRICAL SYSTEM
12365,2020,3,FREEDOM ELITE,STRUCTURE
12366,2020,3,FREEDOM ELITE,ELECTRICAL SYSTEM
12367,2020,3,FREEDOM ELITE,ELECTRICAL SYSTEM
12368,2020,3,FREEDOM ELITE,ELECTRICAL SYSTEM
12369,2020,99,BULLET,EQUIPMENT
12370,2020,99,BULLET,STRUCTURE
12371,2020,99,BULLET,STRUCTURE
12372,2020,16,REGAL,SEATS
12373,2020,16,REGAL,SERVICE BRAKES
12374,2020,4247,DUMP TRAILER,STEERING
12375,2020,429,MODEL Y,ELECTRICAL SYSTEM
12376,2020,429,MODEL Y,SUSPENSION
12377,2020,429,MODEL Y,SUSPENSION
12378,2020,429,MODEL Y,ELECTRICAL SYSTEM
12379,2020,429,MODEL Y,EXTERIOR LIGHTING
12380,2020,429,MODEL Y,SEAT BELTS
12381,2020,429,MODEL Y,SEAT BELTS
12382,2020,429,MODEL Y,SERVICE BRAKES
12383,2020,429,MODEL Y,FORWARD COLLISION AVOIDANCE
12384,2020,429,MODEL Y,SUSPENSION
12385,2020,429,MODEL Y,ELECTRICAL SYSTEM
12386,2020,429,MODEL Y,ELECTRICAL SYSTEM
12387,2020,429,MODEL Y,ELECTRICAL SYSTEM
12388,2020,429,MODEL Y,VISIBILITY
12389,2020,429,MODEL Y,EXTERIOR LIGHTING
12390,2020,429,MODEL Y,STEERING
12391,2020,429,MODEL Y,ELECTRICAL SYSTEM
12392,2020,429,MODEL Y,ELECTRICAL SYSTEM
12393,2020,429,MODEL Y,FORWARD COLLISION AVOIDANCE
12394,2020,429,MODEL Y,SEAT BELTS
12395,2020,429,MODEL Y,LATCHES/LOCKS/LINKAGES
12396,2020,429,MODEL Y,TIRES
12397,2020,306,I8,ELECTRICAL SYSTEM
12398,2020,908,CORNERSTONE,STEERING
12399,2020,908,CORNERSTONE,ELECTRICAL SYSTEM
12400,2020,908,CORNERSTONE,STRUCTURE
12401,2020,908,CORNERSTONE,STEERING
12402,2020,908,CORNERSTONE,SEATS
12403,2020,858,5500,ENGINE AND ENGINE COOLING
12404,2020,858,5500,VISIBILITY
12405,2020,858,5500,SERVICE BRAKES
12406,2020,858,5500,FUEL SYSTEM
12407,2020,858,5500,WHEELS
12408,2020,858,5500,ENGINE AND ENGINE COOLING
12409,2020,858,5500,SUSPENSION
12410,2020,858,5500,SUSPENSION
12411,2020,858,5500,SERVICE BRAKES
12412,2020,858,5500,SERVICE BRAKES
12413,2020,1,911 CARRERA,POWER TRAIN
12414,2020,1,911 CARRERA,SERVICE BRAKES
12415,2020,1,911 CARRERA,SUSPENSION
12416,2020,1,911 CARRERA,POWER TRAIN
12417,2020,1,911 CARRERA,EXTERIOR LIGHTING
12418,2020,155,MDX SPORT HYBRID,FUEL SYSTEM
12419,2020,146,CR-V,STRUCTURE
12420,2020,146,CR-V,FUEL SYSTEM
12421,2020,146,CR-V,SEAT BELTS
12422,2020,146,CR-V,EQUIPMENT
12423,2020,146,CR-V,FUEL SYSTEM
12424,2020,146,CR-V,AIR BAGS
12425,2020,14,AVIATOR,FUEL SYSTEM
12426,2020,14,AVIATOR,ENGINE
12427,2020,14,AVIATOR,SUSPENSION
12428,2020,14,AVIATOR,BACK OVER PREVENTION
12429,2020,14,AVIATOR,BACK OVER PREVENTION
12430,2020,14,AVIATOR,POWER TRAIN
12431,2020,14,AVIATOR,VISIBILITY
12432,2020,14,AVIATOR,AIR BAGS
12433,2020,14,AVIATOR,VISIBILITY
12434,2020,14,AVIATOR,SEATS
12435,2020,14,AVIATOR,POWER TRAIN
12436,2020,14,AVIATOR,SEAT BELTS
12437,2020,14,AVIATOR,BACK OVER PREVENTION
12438,2020,14,AVIATOR,BACK OVER PREVENTION
12439,2020,14,AVIATOR,BACK OVER PREVENTION
12440,2020,14,AVIATOR,ELECTRICAL SYSTEM
12441,2020,14,AVIATOR,BACK OVER PREVENTION
12442,2020,14,AVIATOR,EQUIPMENT
12443,2020,14,AVIATOR,SEAT BELTS
12444,2020,14,AVIATOR,BACK OVER PREVENTION
12445,2020,14,AVIATOR,SEAT BELTS
12446,2020,14,AVIATOR,ELECTRICAL SYSTEM
12447,2020,14,AVIATOR,SEATS
12448,2020,14,AVIATOR,STRUCTURE
12449,2020,14,AVIATOR,BACK OVER PREVENTION
12450,2020,15,AVALON,FUEL SYSTEM
12451,2020,15,AVALON,AIR BAGS
12452,2020,15,AVALON,AIR BAGS
12453,2020,4,BEYOND,EQUIPMENT
12454,2020,4,BEYOND,EQUIPMENT
12455,2020,13,QX60,SUSPENSION
12456,2020,31,REFLECTION,EQUIPMENT
12457,2020,77,TRANSIT,POWER TRAIN
12458,2020,77,TRANSIT,AIR BAGS
12459,2020,77,TRANSIT,SEAT BELTS
12460,2020,77,TRANSIT,BACK OVER PREVENTION
12461,2020,77,TRANSIT,PARKING BRAKE
12462,2020,77,TRANSIT,SEAT BELTS
12463,2020,77,TRANSIT,FUEL SYSTEM
12464,2020,77,TRANSIT,BACK OVER PREVENTION
12465,2020,452,WRX,EXTERIOR LIGHTING
12466,2020,2871,AMERICAN EAGLE,STRUCTURE
12467,2020,618,BOUNDER,EQUIPMENT
12468,2020,618,BOUNDER,EQUIPMENT
12469,2020,618,BOUNDER,EQUIPMENT
12470,2020,618,BOUNDER,SUSPENSION
12471,2020,618,BOUNDER,TRAILER HITCHES
12472,2020,98,YUKON XL,TIRES
12473,2020,98,YUKON XL,FUEL SYSTEM
12474,2020,3,OMNI,EQUIPMENT
12475,2020,3,OMNI,EQUIPMENT
12476,2020,3,OMNI,VISIBILITY
12477,2020,3,OMNI,EQUIPMENT
12478,2020,3,OMNI,SEATS
12479,2020,3,OMNI,ELECTRICAL SYSTEM
12480,2020,2,HORIZON,EXTERIOR LIGHTING
12481,2020,3,ARIA,SERVICE BRAKES
12482,2020,3,ARIA,EXTERIOR LIGHTING
12483,2020,3,ARIA,TIRES
12484,2020,3,ARIA,STRUCTURE
12485,2020,452,OUTBACK,BACK OVER PREVENTION
12486,2020,452,OUTBACK,POWER TRAIN
12487,2020,452,OUTBACK,FUEL SYSTEM
12488,2020,452,OUTBACK,SERVICE BRAKES
12489,2020,452,OUTBACK,POWER TRAIN
12490,2020,452,OUTBACK,AIR BAGS
12491,2020,37,JETTA,SEATS
12492,2020,37,JETTA,AIR BAGS
12493,2020,37,JETTA,SERVICE BRAKES
12494,2020,37,JETTA,TIRES
12495,2020,37,JETTA,ELECTRICAL SYSTEM
12496,2020,37,JETTA,FUEL SYSTEM
12497,2020,306,530E,BACK OVER PREVENTION
12498,2020,306,530E,BACK OVER PREVENTION
12499,2020,306,530E,ELECTRICAL SYSTEM
12500,2020,48,XC CHASSIS,FUEL SYSTEM
12501,2020,48,XC CHASSIS,TIRES
12502,2020,262,OUTLANDER,SEAT BELTS
12503,2020,262,OUTLANDER,STRUCTURE
12504,2020,599,PACIFICA,BACK OVER PREVENTION
12505,2020,599,PACIFICA,ELECTRICAL SYSTEM
12506,2020,599,PACIFICA,AIR BAGS
12507,2020,2253,SCRAMBLER,ELECTRICAL SYSTEM
12508,2020,1800,Q5,TIRES
12509,2020,1800,Q5,ELECTRICAL SYSTEM
12510,2020,1800,Q5,SUSPENSION
12511,2020,1800,Q5,SEATS
12512,2020,1800,Q5,STRUCTURE
12513,2020,1800,Q5,ELECTRICAL SYSTEM
12514,2020,98,SIERRA 1500,TIRES
12515,2020,98,SIERRA 1500,ELECTRICAL SYSTEM
12516,2020,98,SIERRA 1500,SEAT BELTS
12517,2020,98,SIERRA 1500,TIRES
12518,2020,98,SIERRA 1500,AIR BAGS
12519,2020,98,SIERRA 1500,SEAT BELTS
12520,2020,98,SIERRA 1500,FUEL SYSTEM
12521,2020,98,SIERRA 1500,TIRES
12522,2020,98,SIERRA 1500,POWER TRAIN
12523,2020,98,SIERRA 1500,SERVICE BRAKES
12524,2020,98,SIERRA 1500,POWER TRAIN
12525,2020,1009,BAMBI,TRAILER HITCHES
12526,2020,133,SAF-T-LINER C2,ELECTRICAL SYSTEM
12527,2020,133,SAF-T-LINER C2,ELECTRICAL SYSTEM
12528,2020,133,SAF-T-LINER C2,ENGINE
12529,2020,133,SAF-T-LINER C2,ENGINE AND ENGINE COOLING
12530,2020,133,SAF-T-LINER C2,OTHER
12531,2020,133,SAF-T-LINER C2,POWER TRAIN
12532,2020,133,SAF-T-LINER C2,SEATS
12533,2020,133,SAF-T-LINER C2,SERVICE BRAKES
12534,2020,133,SAF-T-LINER C2,STRUCTURE
12535,2020,133,SAF-T-LINER C2,STRUCTURE
12536,2020,133,SAF-T-LINER C2,SERVICE BRAKES
12537,2020,133,SAF-T-LINER C2,STEERING
12538,2020,133,SAF-T-LINER C2,ENGINE AND ENGINE COOLING
12539,2020,133,SAF-T-LINER C2,STRUCTURE
12540,2020,133,SAF-T-LINER C2,STRUCTURE
12541,2020,133,SAF-T-LINER C2,EQUIPMENT
12542,2020,37,PASSAT,EXTERIOR LIGHTING
12543,2020,37,PASSAT,AIR BAGS
12544,2020,37,PASSAT,AIR BAGS
12545,2020,562,LEAF,BACK OVER PREVENTION
12546,2020,562,LEAF,VISIBILITY
12547,2020,562,LEAF,EQUIPMENT
12548,2020,562,LEAF,VEHICLE SPEED CONTROL
12549,2020,562,LEAF,BACK OVER PREVENTION
12550,2020,562,LEAF,ELECTRICAL SYSTEM
12551,2020,306,K 1600 B,SUSPENSION
12552,2020,21,PHAETON,SEAT BELTS
12553,2020,21,PHAETON,STEERING
12554,2020,21,PHAETON,FUEL SYSTEM
12555,2020,17,SOUL,ENGINE
12556,2020,155,MDX,FUEL SYSTEM
12557,2020,155,MDX,SERVICE BRAKES
12558,2020,155,MDX,ENGINE AND ENGINE COOLING
12559,2020,155,MDX,FUEL SYSTEM
12560,2020,155,MDX,AIR BAGS
12561,2020,155,MDX,EXTERIOR LIGHTING
12562,2020,263,5700,VISIBILITY
12563,2020,263,5700,ELECTRICAL SYSTEM
12564,2020,263,5700,STRUCTURE
12565,2020,263,5700,ELECTRICAL SYSTEM
12566,2020,263,5700,SERVICE BRAKES
12567,2020,263,5700,EQUIPMENT
12568,2020,15,TUNDRA,FUEL SYSTEM
12569,2020,15,TUNDRA,STEERING
12570,2020,15,TUNDRA,EXTERIOR LIGHTING
12571,2020,15,TUNDRA,EXTERIOR LIGHTING
12572,2020,15,TUNDRA,STEERING
12573,2020,283,HURACAN,BACK OVER PREVENTION
12574,2020,283,HURACAN,EXTERIOR LIGHTING
12575,2020,283,HURACAN,POWER TRAIN
12576,2020,283,HURACAN,ELECTRICAL SYSTEM
12577,2020,15,SEQUOIA,FUEL SYSTEM
12578,2020,15,SEQUOIA,STEERING
12579,2020,3605,TRUCK CAMPER (1172),UNKNOWN OR OTHER
12580,2020,77,F-53,SUSPENSION
12581,2020,858,3500,ENGINE AND ENGINE COOLING
12582,2020,858,3500,VISIBILITY
12583,2020,858,3500,BACK OVER PREVENTION
12584,2020,858,3500,POWER TRAIN
12585,2020,858,3500,FUEL SYSTEM
12586,2020,858,3500,STRUCTURE
12587,2020,858,3500,WHEELS
12588,2020,858,3500,ENGINE AND ENGINE COOLING
12589,2020,858,3500,SERVICE BRAKES
12590,2020,858,3500,POWER TRAIN
12591,2020,858,3500,STRUCTURE
12592,2020,746,COOPER S,AIR BAGS
12593,2020,746,COOPER S,STRUCTURE
12594,2020,12594,CARGO TRAILER,EQUIPMENT
12595,2020,92,JOURNEY,BACK OVER PREVENTION
12596,2020,344,FTR,ELECTRICAL SYSTEM
12597,2020,344,FTR,STEERING
12598,2020,344,FTR,STEERING
12599,2020,344,FTR,ELECTRICAL SYSTEM
12600,2020,344,FTR,FORWARD COLLISION AVOIDANCE
12601,2020,344,FTR,SUSPENSION
12602,2020,119,PUMA,EQUIPMENT
12603,2020,119,PUMA,EQUIPMENT
12604,2020,3,WINDSPORT,EQUIPMENT
12605,2020,57,F-TYPE,SERVICE BRAKES
12606,2020,57,F-TYPE,EQUIPMENT
12607,2020,1,CAYENNE E-HYBRID,SEATS
12608,2020,1,CAYENNE E-HYBRID,ELECTRICAL SYSTEM
12609,2020,4,PRISM,AIR BAGS
12610,2020,4,PRISM,EQUIPMENT
12611,2020,4,PRISM,EQUIPMENT
12612,2020,16,ENCLAVE,TIRES
12613,2020,16,ENCLAVE,FUEL SYSTEM
12614,2020,16,ENCLAVE,TIRES
12615,2020,16,ENCLAVE,AIR BAGS
12616,2020,16,ENCLAVE,STRUCTURE
12617,2020,16,ENCLAVE,POWER TRAIN
12618,2020,9758,FUV,ELECTRICAL SYSTEM
12619,2020,9758,FUV,ELECTRICAL SYSTEM
12620,2020,9758,FUV,SERVICE BRAKES
12621,2020,9758,FUV,ELECTRICAL SYSTEM
12622,2020,9758,FUV,ELECTRICAL SYSTEM
12623,2020,9758,FUV,STEERING
12624,2020,9758,FUV,SEAT BELTS
12625,2020,9758,FUV,SERVICE BRAKES
12626,2020,9758,FUV,ELECTRICAL SYSTEM
12627,2020,9758,FUV,ELECTRICAL SYSTEM
12628,2020,15,PRIUS PRIME,ELECTRONIC STABILITY CONTROL (ESC)
12629,2020,908,QWEST,STRUCTURE
12630,2020,908,QWEST,ELECTRICAL SYSTEM
12631,2020,908,QWEST,VISIBILITY
12632,2020,908,QWEST,EQUIPMENT
12633,2020,908,QWEST,EQUIPMENT
12634,2020,908,QWEST,POWER TRAIN
12635,2020,908,QWEST,VISIBILITY
12636,2020,48,XCR,TIRES
12637,2020,48,XCR,TIRES
12638,2020,48,XCR,ELECTRICAL SYSTEM
12639,2020,48,XCR,ELECTRICAL SYSTEM
12640,2020,48,XCR,SERVICE BRAKES
12641,2020,110,G90,ENGINE AND ENGINE COOLING
12642,2020,99,FUZION,ELECTRICAL SYSTEM
12643,2020,99,FUZION,EQUIPMENT
12644,2020,99,FUZION,VISIBILITY
12645,2020,99,FUZION,ELECTRICAL SYSTEM
12646,2020,99,FUZION,EQUIPMENT
12647,2020,584,DISCOVERY SPORT,SEAT BELTS
12648,2020,584,DISCOVERY SPORT,ELECTRICAL SYSTEM
12649,2020,584,DISCOVERY SPORT,ELECTRICAL SYSTEM
12650,2020,77,EXPLORER,FUEL SYSTEM
12651,2020,77,EXPLORER,ENGINE
12652,2020,77,EXPLORER,SUSPENSION
12653,2020,77,EXPLORER,BACK OVER PREVENTION
12654,2020,77,EXPLORER,SEAT BELTS
12655,2020,77,EXPLORER,POWER TRAIN
12656,2020,77,EXPLORER,BACK OVER PREVENTION
12657,2020,77,EXPLORER,FUEL SYSTEM
12658,2020,77,EXPLORER,AIR BAGS
12659,2020,77,EXPLORER,SEATS
12660,2020,77,EXPLORER,ELECTRICAL SYSTEM
12661,2020,77,EXPLORER,POWER TRAIN
12662,2020,77,EXPLORER,BACK OVER PREVENTION
12663,2020,77,EXPLORER,POWER TRAIN
12664,2020,77,EXPLORER,POWER TRAIN
12665,2020,77,EXPLORER,BACK OVER PREVENTION
12666,2020,77,EXPLORER,BACK OVER PREVENTION
12667,2020,77,EXPLORER,ELECTRICAL SYSTEM
12668,2020,77,EXPLORER,POWER TRAIN
12669,2020,77,EXPLORER,BACK OVER PREVENTION
12670,2020,77,EXPLORER,ENGINE
12671,2020,77,EXPLORER,EQUIPMENT
12672,2020,77,EXPLORER,SEAT BELTS
12673,2020,77,EXPLORER,BACK OVER PREVENTION
12674,2020,77,EXPLORER,POWER TRAIN
12675,2020,77,EXPLORER,SEATS
12676,2020,77,EXPLORER,BACK OVER PREVENTION
12677,2020,77,EXPLORER,EQUIPMENT
12678,2020,306,R 1250 RT,SERVICE BRAKES
12679,2020,306,R 1250 RT,POWER TRAIN
12680,2020,306,R 1250 RT,SERVICE BRAKES
12681,2020,306,R 1250 RT,SERVICE BRAKES
12682,2020,306,R 1250 RT,POWER TRAIN
12683,2020,1800,A5,TIRES
12684,2020,1800,A5,EXTERIOR LIGHTING
12685,2020,1800,A5,SUSPENSION
12686,2020,1800,A5,SEATS
12687,2020,618,FLAIR,EQUIPMENT
12688,2020,618,FLAIR,SUSPENSION
12689,2020,618,FLAIR,STRUCTURE
12690,2020,618,FLAIR,EQUIPMENT
12691,2020,145,FLHX,EXTERIOR LIGHTING
12692,2020,1800,A4,TIRES
12693,2020,1800,A4,SUSPENSION
12694,2020,1800,A4,SEATS
12695,2020,119,CARDINAL,EQUIPMENT
12696,2020,37,GOLF,TIRES
12697,2020,37,GOLF,FUEL SYSTEM
12698,2017,12698,SPORT 4+2,STEERING
12699,2017,374,ELITE SUITE,EQUIPMENT
12700,2017,599,300,ELECTRICAL SYSTEM
12701,2017,599,300,POWER TRAIN
12702,2017,15,PRIUS C,TIRES
12703,2017,128,ESCALADE,SERVICE BRAKES
12704,2017,128,ESCALADE,AIR BAGS
12705,2017,322,500,POWER TRAIN
12706,2017,322,500,TIRES
12707,2017,17,CADENZA,SERVICE BRAKES
12708,2017,17,CADENZA,SERVICE BRAKES
12709,2017,64,EAGLE,EQUIPMENT
12710,2017,64,EAGLE,EQUIPMENT
12711,2017,64,EAGLE,EQUIPMENT
12712,2017,64,EAGLE,STRUCTURE
12713,2017,64,EAGLE,ELECTRICAL SYSTEM
12714,2017,15,86,TIRES
12715,2017,15,86,ELECTRICAL SYSTEM
12716,2017,145,FLHX,POWER TRAIN
12717,2017,145,FLHX,ENGINE AND ENGINE COOLING
12718,2017,1,MACAN S,AIR BAGS
12719,2017,1,MACAN S,EQUIPMENT
12720,2017,1,MACAN S,FUEL SYSTEM
12721,2017,1,MACAN S,SEAT BELTS
12722,2017,1497,S60,SEAT BELTS
12723,2017,1497,S60,LATCHES/LOCKS/LINKAGES
12724,2017,1497,S60,AIR BAGS
12725,2017,1497,S60,AIR BAGS
12726,2017,1497,S60,SEAT BELTS
12727,2017,1,MACAN GTS,AIR BAGS
12728,2017,1,MACAN GTS,EQUIPMENT
12729,2017,1,MACAN GTS,AIR BAGS
12730,2017,1,MACAN GTS,FUEL SYSTEM
12731,2017,145,FLHTCUTG,POWER TRAIN
12732,2017,130,THRUXTON,SERVICE BRAKES
12733,2017,130,THRUXTON,ELECTRICAL SYSTEM
12734,2017,130,THRUXTON,STRUCTURE
12735,2017,2,MINNIE WINNIE,EQUIPMENT
12736,2017,421,QUATTROPORTE,FUEL SYSTEM
12737,2017,421,QUATTROPORTE,POWER TRAIN
12738,2017,421,QUATTROPORTE,TIRES
12739,2017,421,QUATTROPORTE,ENGINE AND ENGINE COOLING
12740,2017,421,QUATTROPORTE,BACK OVER PREVENTION
12741,2017,421,QUATTROPORTE,SEATS
12742,2017,98,G3500,EXTERIOR LIGHTING
12743,2017,467,1290 SUPER DUKE GT,FUEL SYSTEM
12744,2017,467,1290 SUPER DUKE GT,SERVICE BRAKES
12745,2017,194,SPRINTER 2500,AIR BAGS
12746,2017,194,SPRINTER 2500,AIR BAGS
12747,2017,194,SPRINTER 2500,STRUCTURE
12748,2017,194,SPRINTER 2500,STEERING
12749,2017,194,SPRINTER 2500,EQUIPMENT
12750,2017,194,SPRINTER 2500,EQUIPMENT
12751,2017,194,SPRINTER 2500,TIRES
12752,2017,1800,A7,FUEL SYSTEM
12753,2017,1800,A7,AIR BAGS
12754,2017,1800,A7,SEAT BELTS
12755,2017,1800,A7,AIR BAGS
12756,2017,77,E-350,SEATS
12757,2017,77,E-350,EQUIPMENT
12758,2017,77,E-350,EQUIPMENT
12759,2017,77,E-350,EXTERIOR LIGHTING
12760,2017,145,XG750,SERVICE BRAKES
12761,2017,146,PILOT,STRUCTURE
12762,2017,146,PILOT,FUEL SYSTEM
12763,2017,1,MACAN TURBO,AIR BAGS
12764,2017,1,MACAN TURBO,EQUIPMENT
12765,2017,1,MACAN TURBO,FUEL SYSTEM
12766,2017,15,4RUNNER,EQUIPMENT
12767,2017,15,4RUNNER,EQUIPMENT
12768,2017,15,4RUNNER,STRUCTURE
12769,2017,15,4RUNNER,TIRES
12770,2017,15,4RUNNER,EQUIPMENT
12771,2017,2790,REVERE,EQUIPMENT
12772,2017,562,PATHFINDER,SERVICE BRAKES
12773,2017,562,PATHFINDER,SERVICE BRAKES
12774,2017,119,AMERA-LITE,TRAILER HITCHES
12775,2017,119,AMERA-LITE,EQUIPMENT
12776,2017,64,REDHAWK,VISIBILITY
12777,2017,64,REDHAWK,EQUIPMENT
12778,2017,64,REDHAWK,EQUIPMENT
12779,2017,15,HIGHLANDER HYBRID,EQUIPMENT
12780,2017,15,HIGHLANDER HYBRID,TIRES
12781,2017,4,FREELANDER,VISIBILITY
12782,2017,4,FREELANDER,EQUIPMENT
12783,2017,4,FREELANDER,EQUIPMENT
12784,2017,37,CC,AIR BAGS
12785,2017,37,CC,UNKNOWN OR OTHER
12786,2017,37,CC,SEATS
12787,2017,375,587,ENGINE AND ENGINE COOLING
12788,2017,375,587,ELECTRICAL SYSTEM
12789,2017,375,587,EXTERIOR LIGHTING
12790,2017,375,587,FUEL SYSTEM
12791,2017,375,587,ELECTRONIC STABILITY CONTROL (ESC)
12792,2017,1564,LX570,AIR BAGS
12793,2017,452,CROSSTREK,EXTERIOR LIGHTING
12794,2017,16,ENVISION,EQUIPMENT
12795,2017,16,ENVISION,FUEL SYSTEM
12796,2017,16,ENVISION,STRUCTURE
12797,2017,16,ENVISION,EQUIPMENT
12798,2017,130,THRUXTON 1200R,ELECTRICAL SYSTEM
12799,2017,99,SPRINTER,EQUIPMENT
12800,2017,155,NSX,ELECTRICAL SYSTEM
12801,2017,155,NSX,FUEL SYSTEM
12802,2017,155,NSX,FUEL SYSTEM
12803,2017,92,CARAVAN,EXTERIOR LIGHTING
12804,2017,37,JETTA,FUEL SYSTEM
12805,2017,37,JETTA,SERVICE BRAKES
12806,2017,37,JETTA,ELECTRICAL SYSTEM
12807,2017,37,JETTA,EQUIPMENT
12808,2017,37,JETTA,ENGINE AND ENGINE COOLING
12809,2017,37,JETTA,EQUIPMENT
12810,2017,37,JETTA,EQUIPMENT
12811,2017,288,ELKRIDGE,ELECTRICAL SYSTEM
12812,2017,288,ELKRIDGE,EXTERIOR LIGHTING
12813,2017,15,PRIUS,ELECTRICAL SYSTEM
12814,2017,15,PRIUS,TIRES
12815,2017,15,PRIUS,PARKING BRAKE
12816,2017,562,MURANO,SERVICE BRAKES
12817,2017,562,MURANO,SERVICE BRAKES
12818,2017,562,MURANO,SERVICE BRAKES
12819,2017,57,F-PACE,POWER TRAIN
12820,2017,57,F-PACE,FUEL SYSTEM
12821,2017,57,F-PACE,ELECTRICAL SYSTEM
12822,2017,57,F-PACE,ELECTRICAL SYSTEM
12823,2017,64,JAY FLIGHT,EQUIPMENT
12824,2017,64,JAY FLIGHT,ELECTRICAL SYSTEM
12825,2017,64,JAY FLIGHT,INTERIOR LIGHTING
12826,2017,64,JAY FLIGHT,EQUIPMENT
12827,2017,1865,SHADOW CRUISER,EXTERIOR LIGHTING
12828,2017,145,FLSS,POWER TRAIN
12829,2017,306,M4,POWER TRAIN
12830,2017,306,M4,AIR BAGS
12831,2017,306,M4,AIR BAGS
12832,2017,1357,MAZDA3,VISIBILITY
12833,2017,1357,MAZDA3,BACK OVER PREVENTION
12834,2017,8,IONIQ ELECTRIC,ELECTRICAL SYSTEM
12835,2017,8,IONIQ ELECTRIC,HYBRID PROPULSION SYSTEM
12836,2017,263,4700,STEERING
12837,2017,263,4700,ELECTRICAL SYSTEM
12838,2017,263,4700,SERVICE BRAKES
12839,2017,263,4700,TIRES
12840,2017,263,4700,ELECTRICAL SYSTEM
12841,2017,263,4700,POWER TRAIN
12842,2017,263,4700,ELECTRICAL SYSTEM
12843,2017,263,4700,EQUIPMENT
12844,2017,263,4700,EXTERIOR LIGHTING
12845,2017,3,PALAZZO,EXTERIOR LIGHTING
12846,2017,3,PALAZZO,EQUIPMENT
12847,2017,110,G80,SERVICE BRAKES
12848,2017,110,G80,ELECTRICAL SYSTEM
12849,2017,99,BULLET,EQUIPMENT
12850,2017,99,BULLET,EQUIPMENT
12851,2017,64,SEISMIC WAVE,ELECTRICAL SYSTEM
12852,2017,146,CR-V,STEERING
12853,2017,146,CR-V,FUEL SYSTEM
12854,2017,146,CR-V,EQUIPMENT
12855,2017,146,CR-V,SEAT BELTS
12856,2017,146,CR-V,EQUIPMENT
12857,2017,146,CR-V,FUEL SYSTEM
12858,2017,1,PANAMERA 4,ELECTRICAL SYSTEM
12859,2017,1,PANAMERA 4,ELECTRICAL SYSTEM
12860,2017,82,TAHOE,SERVICE BRAKES
12861,2017,82,TAHOE,SERVICE BRAKES
12862,2017,82,TAHOE,AIR BAGS
12863,2017,2,JOURNEY,ELECTRICAL SYSTEM
12864,2017,2,JOURNEY,ELECTRICAL SYSTEM
12865,2017,2,JOURNEY,EQUIPMENT
12866,2017,2,JOURNEY,EXTERIOR LIGHTING
12867,2017,119,SANIBEL,TIRES
12868,2017,146,CBR1000RR,FUEL SYSTEM
12869,2017,146,CBR1000RR,FUEL SYSTEM
12870,2017,1357,CX-5,TRAILER HITCHES
12871,2017,77,F550,EXTERIOR LIGHTING
12872,2017,2,ERA,ELECTRICAL SYSTEM
12873,2017,2,ERA,EQUIPMENT
12874,2017,2,ERA,EQUIPMENT
12875,2017,2,ERA,EQUIPMENT
12876,2017,2,ERA,ELECTRICAL SYSTEM
12877,2017,2,ERA,SEAT BELTS
12878,2017,119,CARDINAL,EQUIPMENT
12879,2017,119,CARDINAL,EQUIPMENT
12880,2017,119,CARDINAL,EQUIPMENT
12881,2017,2,MINNIE,EQUIPMENT
12882,2017,2,MINNIE,EQUIPMENT
12883,2017,14,CONTINENTAL,LATCHES/LOCKS/LINKAGES
12884,2017,14,CONTINENTAL,AIR BAGS
12885,2017,14,CONTINENTAL,EXTERIOR LIGHTING
12886,2017,14,CONTINENTAL,BACK OVER PREVENTION
12887,2017,4,APEX,EQUIPMENT
12888,2017,1564,IS200T,FUEL SYSTEM
12889,2017,1564,IS200T,FUEL SYSTEM
12890,2017,1197,AUTUMN RIDGE,EQUIPMENT
12891,2017,1197,AUTUMN RIDGE,EQUIPMENT
12892,2017,1009,BASECAMP,EQUIPMENT
12893,2017,1009,BASECAMP,VISIBILITY
12894,2017,1009,BASECAMP,EQUIPMENT
12895,2017,1009,BASECAMP,SUSPENSION
12896,2017,1009,BASECAMP,VISIBILITY
12897,2017,77,FUSION,STEERING
12898,2017,77,FUSION,SEATS
12899,2017,77,FUSION,POWER TRAIN
12900,2017,77,FUSION,SERVICE BRAKES
12901,2017,14,NAVIGATOR,SERVICE BRAKES
12902,2017,14,NAVIGATOR,VISIBILITY
12903,2017,14,NAVIGATOR,VISIBILITY
12904,2017,14,NAVIGATOR,SERVICE BRAKES
12905,2017,14,NAVIGATOR,BACK OVER PREVENTION
12906,2017,145,FLTRU,POWER TRAIN
12907,2017,145,FLTRU,VISIBILITY
12908,2017,77,F-450 SD,STRUCTURE
12909,2017,77,F-450 SD,ENGINE
12910,2017,77,F-450 SD,LATCHES/LOCKS/LINKAGES
12911,2017,77,F-450 SD,LATCHES/LOCKS/LINKAGES
12912,2017,77,F-450 SD,POWER TRAIN
12913,2017,77,F-450 SD,SEATS
12914,2017,77,F-450 SD,FUEL SYSTEM
12915,2017,77,F-450 SD,SEATS
12916,2017,77,F-450 SD,BACK OVER PREVENTION
12917,2017,77,F-450 SD,POWER TRAIN
12918,2017,77,F-450 SD,BACK OVER PREVENTION
12919,2017,562,JUKE,SERVICE BRAKES
12920,2017,64,NORTHPOINT,SUSPENSION
12921,2017,64,NORTHPOINT,EQUIPMENT
12922,2017,669,4000 SERIES 4300,EXTERIOR LIGHTING
12923,2017,746,COOPER,SEAT BELTS
12924,2017,746,COOPER,EXTERIOR LIGHTING
12925,2017,746,COOPER,AIR BAGS
12926,2017,421,LEVANTE S,ELECTRICAL SYSTEM
12927,2017,13,QX60,SERVICE BRAKES
12928,2017,13,QX60,SERVICE BRAKES
12929,2017,1726,ADMIRAL XE,FUEL SYSTEM
12930,2017,1726,ADMIRAL XE,EQUIPMENT
12931,2017,1726,ADMIRAL XE,STRUCTURE
12932,2017,1726,ADMIRAL XE,EXTERIOR LIGHTING
12933,2017,77,ECONOLINE,BACK OVER PREVENTION
12934,2017,867,GSX-R1000,FUEL SYSTEM
12935,2017,867,GSX-R1000,ENGINE AND ENGINE COOLING
12936,2017,2253,MONSTER 797,SERVICE BRAKES
12937,2017,1357,MX-5,POWER TRAIN
12938,2017,1357,MX-5,AIR BAGS
12939,2017,119,SANDSTORM,EQUIPMENT
12940,2017,1800,A3,AIR BAGS
12941,2017,1800,A3,AIR BAGS
12942,2017,1800,A3,ENGINE AND ENGINE COOLING
12943,2017,1800,A3,AIR BAGS
12944,2017,1800,A3,FUEL SYSTEM
12945,2017,155,MDX,FUEL SYSTEM
12946,2017,155,MDX,EXTERIOR LIGHTING
12947,2017,155,MDX,SERVICE BRAKES
12948,2017,155,MDX,ENGINE AND ENGINE COOLING
12949,2017,155,MDX,FUEL SYSTEM
12950,2017,155,MDX,EXTERIOR LIGHTING
12951,2017,44,VENTANA,EXTERIOR LIGHTING
12952,2017,44,VENTANA,FUEL SYSTEM
12953,2017,44,VENTANA,SERVICE BRAKES
12954,2017,44,VENTANA,EXTERIOR LIGHTING
12955,2017,44,VENTANA,EXTERIOR LIGHTING
12956,2017,44,VENTANA,SUSPENSION
12957,2017,44,VENTANA,VISIBILITY
12958,2017,44,VENTANA,EQUIPMENT
12959,2017,44,VENTANA,STEERING
12960,2017,44,VENTANA,STEERING
12961,2017,44,VENTANA,EQUIPMENT
12962,2017,44,VENTANA,EXTERIOR LIGHTING
12963,2017,44,VENTANA,ELECTRICAL SYSTEM
12964,2017,44,VENTANA,EQUIPMENT
12965,2017,64,SEISMIC,SERVICE BRAKES
12966,2017,64,SEISMIC,EQUIPMENT
12967,2017,64,SEISMIC,ELECTRICAL SYSTEM
12968,2017,64,SEISMIC,ELECTRICAL SYSTEM
12969,2017,1800,S6,AIR BAGS
12970,2017,1800,S6,ENGINE AND ENGINE COOLING
12971,2017,2674,CALIFORNIA T,AIR BAGS
12972,2017,2674,CALIFORNIA T,AIR BAGS
12973,2017,2674,CALIFORNIA T,SERVICE BRAKES
12974,2017,908,ASPIRE,SUSPENSION
12975,2017,908,ASPIRE,EXTERIOR LIGHTING
12976,2017,908,ASPIRE,VEHICLE SPEED CONTROL
12977,2017,908,ASPIRE,SERVICE BRAKES
12978,2017,1995,SLINGSHOT,SEAT BELTS
12979,2017,1995,SLINGSHOT,SERVICE BRAKES
12980,2017,1995,SLINGSHOT,ELECTRICAL SYSTEM
12981,2017,1995,SLINGSHOT,POWER TRAIN
12982,2017,1995,SLINGSHOT,FUEL SYSTEM
12983,2017,1995,SLINGSHOT,SERVICE BRAKES
12984,2017,1995,SLINGSHOT,SEATS
12985,2017,1995,SLINGSHOT,STEERING
12986,2017,1995,SLINGSHOT,SERVICE BRAKES
12987,2017,77,TRANSIT,POWER TRAIN
12988,2017,77,TRANSIT,ELECTRICAL SYSTEM
12989,2017,77,TRANSIT,SEATS
12990,2017,77,TRANSIT,EQUIPMENT ADAPTIVE/MOBILITY
12991,2017,77,TRANSIT,SEATS
12992,2017,77,TRANSIT,SEATS
12993,2017,77,TRANSIT,SEATS
12994,2017,77,TRANSIT,EQUIPMENT ADAPTIVE/MOBILITY
12995,2017,77,TRANSIT,POWER TRAIN
12996,2017,77,TRANSIT,SEATS
12997,2017,77,TRANSIT,PARKING BRAKE
12998,2017,77,TRANSIT,SEATS
12999,2017,77,TRANSIT,SEATS
13000,2017,77,TRANSIT,SEATS
13001,2017,77,TRANSIT,SEATS
13002,2017,77,TRANSIT,ELECTRICAL SYSTEM
13003,2017,77,TRANSIT,POWER TRAIN
13004,2017,77,TRANSIT,BACK OVER PREVENTION
13005,2017,193,CHIEF VINTAGE,EXTERIOR LIGHTING
13006,2017,193,CHIEF VINTAGE,EXTERIOR LIGHTING
13007,2017,858,PROMASTER CITY,EQUIPMENT
13008,2017,858,PROMASTER CITY,AIR BAGS
13009,2017,858,PROMASTER CITY,EQUIPMENT
13010,2017,562,VERSA NOTE,ELECTRICAL SYSTEM
13011,2017,562,VERSA NOTE,AIR BAGS
13012,2017,98,SIERRA 3500,SEAT BELTS
13013,2017,98,SIERRA 3500,ENGINE
13014,2017,98,SIERRA 3500,FUEL SYSTEM
13015,2017,98,SIERRA 3500,AIR BAGS
13016,2017,98,SIERRA 3500,AIR BAGS
13017,2017,98,SIERRA 3500,EQUIPMENT
13018,2017,98,SIERRA 3500,FUEL SYSTEM
13019,2017,306,S1000 R,EQUIPMENT
13020,2017,99,RAPTOR,EQUIPMENT
13021,2017,99,RAPTOR,STRUCTURE
13022,2017,99,RAPTOR,STRUCTURE
13023,2017,858,2500,STEERING
13024,2017,858,2500,STEERING
13025,2017,858,2500,LATCHES/LOCKS/LINKAGES
13026,2017,858,2500,STRUCTURE
13027,2017,858,2500,ELECTRICAL SYSTEM
13028,2017,858,2500,POWER TRAIN
13029,2017,858,2500,POWER TRAIN
13030,2017,858,2500,WHEELS
13031,2017,858,2500,EQUIPMENT
13032,2017,858,2500,ENGINE AND ENGINE COOLING
13033,2017,858,2500,SERVICE BRAKES
13034,2017,858,2500,AIR BAGS
13035,2017,128,XT5,SERVICE BRAKES
13036,2017,15,AVALON HYBRID,AIR BAGS
13037,2017,14,MKT,SUSPENSION
13038,2017,14,MKT,ENGINE AND ENGINE COOLING
13039,2017,1579,REV,ENGINE AND ENGINE COOLING
13040,2017,1579,REV,ELECTRICAL SYSTEM
13041,2017,64,PINNACLE,SUSPENSION
13042,2017,64,PINNACLE,EQUIPMENT
13043,2017,119,RIVERSTONE LEGACY,TIRES
13044,2017,2033,RS ADVENTUROUS,SEATS
13045,2017,2033,RS ADVENTUROUS,FUEL SYSTEM
13046,2017,2033,RS ADVENTUROUS,EQUIPMENT
13047,2017,130,STREET TWIN,ELECTRICAL SYSTEM
13048,2017,130,STREET TWIN,SERVICE BRAKES
13049,2017,2636,SPIRIT,EQUIPMENT
13050,2017,44,KING AIRE,FORWARD COLLISION AVOIDANCE
13051,2017,44,KING AIRE,SUSPENSION
13052,2017,44,KING AIRE,VEHICLE SPEED CONTROL
13053,2017,44,KING AIRE,ELECTRICAL SYSTEM
13054,2017,44,KING AIRE,ELECTRICAL SYSTEM
13055,2017,44,KING AIRE,STEERING
13056,2017,44,KING AIRE,EQUIPMENT
13057,2017,44,KING AIRE,STRUCTURE
13058,2017,44,KING AIRE,ELECTRICAL SYSTEM
13059,2017,44,KING AIRE,EQUIPMENT
13060,2017,44,KING AIRE,STRUCTURE
13061,2017,1,MACAN,AIR BAGS
13062,2017,1,MACAN,EQUIPMENT
13063,2017,1,MACAN,FUEL SYSTEM
13064,2017,1,MACAN,SUSPENSION
13065,2017,1,MACAN,FUEL SYSTEM
13066,2017,1,MACAN,SEAT BELTS
13067,2017,429,MODEL 3,ELECTRICAL SYSTEM
13068,2017,429,MODEL 3,ELECTRICAL SYSTEM
13069,2017,429,MODEL 3,ELECTRICAL SYSTEM
13070,2017,429,MODEL 3,FORWARD COLLISION AVOIDANCE
13071,2017,429,MODEL 3,ELECTRICAL SYSTEM
13072,2017,429,MODEL 3,BACK OVER PREVENTION
13073,2017,429,MODEL 3,ELECTRICAL SYSTEM
13074,2017,429,MODEL 3,VISIBILITY
13075,2017,429,MODEL 3,SEAT BELTS
13076,2017,429,MODEL 3,STEERING
13077,2017,429,MODEL 3,ELECTRICAL SYSTEM
13078,2017,429,MODEL 3,ELECTRICAL SYSTEM
13079,2017,429,MODEL 3,SEAT BELTS
13080,2017,429,MODEL 3,TIRES
13081,2017,193,CHIEF,ELECTRICAL SYSTEM
13082,2017,193,CHIEF,EXTERIOR LIGHTING
13083,2017,306,X6,CHILD SEAT
13084,2017,306,X6,EQUIPMENT
13085,2017,562,NV2500,ELECTRICAL SYSTEM
13086,2017,1,911 TARGA 4,FUEL SYSTEM
13087,2017,1,911 TARGA 4,AIR BAGS
13088,2017,306,M6,EXTERIOR LIGHTING
13089,2017,306,M6,AIR BAGS
13090,2017,92,DURANGO,ELECTRICAL SYSTEM
13091,2017,92,DURANGO,POWER TRAIN
13092,2017,1014,SPRINTER 3500,AIR BAGS
13093,2017,1014,SPRINTER 3500,AIR BAGS
13094,2017,1014,SPRINTER 3500,ELECTRONIC STABILITY CONTROL (ESC)
13095,2017,1014,SPRINTER 3500,STRUCTURE
13096,2017,1014,SPRINTER 3500,STEERING
13097,2017,1014,SPRINTER 3500,LANE DEPARTURE
13098,2017,1014,SPRINTER 3500,TIRES
13099,2017,119,SALEM,ELECTRICAL SYSTEM
13100,2017,119,SALEM,EQUIPMENT
13101,2017,119,SALEM,TIRES
13102,2017,119,SALEM,TIRES
13103,2017,119,SALEM,EQUIPMENT
13104,2017,119,SALEM,EQUIPMENT
13105,2017,119,SALEM,EQUIPMENT
13106,2017,119,SALEM,EQUIPMENT
13107,2017,119,SALEM,ELECTRICAL SYSTEM
13108,2017,306,R1200 GS,EXTERIOR LIGHTING
13109,2017,306,R1200 GS,SUSPENSION
13110,2017,306,R1200 GS,EQUIPMENT
13111,2017,306,R1200 GS,EQUIPMENT
13112,2017,77,FLEX,SUSPENSION
13113,2017,77,FLEX,ENGINE AND ENGINE COOLING
13114,2017,77,FLEX,BACK OVER PREVENTION
13115,2017,77,FLEX,STRUCTURE
13116,2017,375,579,ELECTRONIC STABILITY CONTROL (ESC)
13117,2017,375,579,ELECTRONIC STABILITY CONTROL (ESC)
13118,2017,375,579,ENGINE AND ENGINE COOLING
13119,2017,375,579,EXTERIOR LIGHTING
13120,2017,375,579,ELECTRICAL SYSTEM
13121,2017,375,579,FUEL SYSTEM
13122,2017,375,579,ELECTRICAL SYSTEM
13123,2017,375,579,TIRES
13124,2017,375,579,EXTERIOR LIGHTING
13125,2017,375,579,FUEL SYSTEM
13126,2017,375,579,ELECTRICAL SYSTEM
13127,2017,375,579,ELECTRICAL SYSTEM
13128,2017,375,579,ELECTRONIC STABILITY CONTROL (ESC)
13129,2017,1157,VOLTAGE,EQUIPMENT
13130,2017,1157,VOLTAGE,EQUIPMENT
13131,2017,1157,VOLTAGE,STRUCTURE
13132,2017,1157,VOLTAGE,TRAILER HITCHES
13133,2017,1157,VOLTAGE,TIRES
13134,2017,1,PANAMERA TURBO EXECUTIVE,SUSPENSION
13135,2017,1,PANAMERA TURBO EXECUTIVE,ELECTRICAL SYSTEM
13136,2017,1,PANAMERA TURBO EXECUTIVE,ELECTRICAL SYSTEM
13137,2017,13137,FLATBED TRAILERS,EQUIPMENT
13138,2017,145,FLHR,POWER TRAIN
13139,2017,145,FLHR,ENGINE AND ENGINE COOLING
13140,2017,21,PHAETON,FUEL SYSTEM
13141,2017,21,PHAETON,EQUIPMENT
13142,2017,1497,V60,ELECTRICAL SYSTEM
13143,2017,1497,V60,AIR BAGS
13144,2017,1497,V60,AIR BAGS
13145,2017,1497,V60,SEAT BELTS
13146,2017,1497,V60,SEAT BELTS
13147,2017,1497,V60,LATCHES/LOCKS/LINKAGES
13148,2017,262,MIRAGE G4,AIR BAGS
13149,2017,37,BEETLE,ELECTRICAL SYSTEM
13150,2017,37,BEETLE,EQUIPMENT
13151,2017,37,BEETLE,SERVICE BRAKES
13152,2017,37,BEETLE,AIR BAGS
13153,2017,15,LAND CRUISER,AIR BAGS
13154,2017,1800,Q7,FUEL SYSTEM
13155,2017,1800,Q7,SEATS
13156,2017,1800,Q7,SEAT BELTS
13157,2017,1800,Q7,STEERING
13158,2017,1800,Q7,ELECTRICAL SYSTEM
13159,2017,1800,Q7,AIR BAGS
13160,2017,1800,Q7,STEERING
13161,2017,596,SPYDER RT,EXTERIOR LIGHTING
13162,2017,596,SPYDER RT,POWER TRAIN
13163,2017,596,SPYDER RT,POWER TRAIN
13164,2017,64,WHITE HAWK,EQUIPMENT
13165,2017,64,WHITE HAWK,ELECTRICAL SYSTEM
13166,2017,64,WHITE HAWK,INTERIOR LIGHTING
13167,2017,505,GRANITE (GU),SUSPENSION
13168,2017,505,GRANITE (GU),STEERING
13169,2017,505,GRANITE (GU),EXTERIOR LIGHTING
13170,2017,17,SEDONA,STRUCTURE
13171,2017,17,SEDONA,AIR BAGS
13172,2017,17,SEDONA,EXTERIOR LIGHTING
13173,2017,17,SEDONA,ELECTRICAL SYSTEM
13174,2017,1,PANAMERA 4S,SUSPENSION
13175,2017,1,PANAMERA 4S,ELECTRICAL SYSTEM
13176,2017,1,PANAMERA 4S,ELECTRICAL SYSTEM
13177,2017,562,NV200,ELECTRICAL SYSTEM
13178,2017,562,NV200,FUEL SYSTEM
13179,2017,15,AVALON,AIR BAGS
13180,2017,15,AVALON,TIRES
13181,2017,2,FORZA,STRUCTURE
13182,2017,2,FORZA,EQUIPMENT
13183,2017,2,FORZA,EXTERIOR LIGHTING
13184,2017,2,FORZA,LATCHES/LOCKS/LINKAGES
13185,2017,145,FLSTFBS,POWER TRAIN
13186,2017,660,VILANO,SUSPENSION
13187,2017,660,VILANO,TIRES
13188,2017,660,VILANO,EQUIPMENT
13189,2017,1649,FZ-09,STEERING
13190,2017,323,VISION,ENGINE AND ENGINE COOLING
13191,2017,323,VISION,SEATS
13192,2017,323,VISION,PARKING BRAKE
13193,2017,323,VISION,EQUIPMENT ADAPTIVE/MOBILITY
13194,2017,323,VISION,EXTERIOR LIGHTING
13195,2017,323,VISION,ELECTRICAL SYSTEM
13196,2017,323,VISION,SERVICE BRAKES
13197,2017,323,VISION,POWER TRAIN
13198,2017,323,VISION,VEHICLE SPEED CONTROL
13199,2017,323,VISION,STRUCTURE
13200,2017,323,VISION,FUEL SYSTEM
13201,2017,323,VISION,FUEL SYSTEM
13202,2017,323,VISION,SEATS
13203,2017,323,VISION,OTHER
13204,2017,323,VISION,VISIBILITY/WIPER
13205,2017,323,VISION,PARKING BRAKE
13206,2017,323,VISION,EXTERIOR LIGHTING
13207,2017,323,VISION,SERVICE BRAKES
13208,2017,323,VISION,POWER TRAIN
13209,2017,323,VISION,VEHICLE SPEED CONTROL
13210,2017,323,VISION,EQUIPMENT
13211,2017,323,VISION,STRUCTURE
13212,2017,323,VISION,FUEL SYSTEM
13213,2017,323,VISION,FUEL SYSTEM
13214,2017,323,VISION,VISIBILITY/WIPER
13215,2017,323,VISION,SEATS
13216,2017,323,VISION,FUEL SYSTEM
13217,2017,323,VISION,FUEL SYSTEM
13218,2017,323,VISION,FUEL SYSTEM
13219,2017,323,VISION,FUEL SYSTEM
13220,2017,8,IONIQ HYBRID,HYBRID PROPULSION SYSTEM
13221,2017,8,IONIQ HYBRID,HYBRID PROPULSION SYSTEM
13222,2017,8,IONIQ HYBRID,HYBRID PROPULSION SYSTEM
13223,2017,193,ROADMASTER,ELECTRICAL SYSTEM
13224,2017,193,ROADMASTER,FUEL SYSTEM
13225,2017,193,ROADMASTER,ELECTRICAL SYSTEM
13226,2017,119,VENGEANCE,EXTERIOR LIGHTING
13227,2017,119,VENGEANCE,TIRES
13228,2017,119,VENGEANCE,ELECTRICAL SYSTEM
13229,2017,119,VENGEANCE,EQUIPMENT
13230,2017,119,FLAGSTAFF,EQUIPMENT
13231,2017,119,FLAGSTAFF,EQUIPMENT
13232,2017,119,FLAGSTAFF,EQUIPMENT
13233,2017,119,FLAGSTAFF,EQUIPMENT
13234,2017,119,FLAGSTAFF,EQUIPMENT
13235,2017,119,FLAGSTAFF,EQUIPMENT
13236,2017,119,FLAGSTAFF,EQUIPMENT
13237,2017,145,FLHTCU,POWER TRAIN
13238,2017,145,FLHTCU,VISIBILITY
13239,2017,145,FLHTCU,ENGINE AND ENGINE COOLING
13240,2017,130,STREET CUP,ELECTRICAL SYSTEM
13241,2017,130,STREET CUP,ELECTRICAL SYSTEM
13242,2017,4300,BENTAYGA,SEATS
13243,2017,4300,BENTAYGA,FUEL SYSTEM
13244,2017,77,EXPEDITION,SERVICE BRAKES
13245,2017,77,EXPEDITION,VISIBILITY
13246,2017,77,EXPEDITION,SERVICE BRAKES
13247,2017,77,EXPEDITION,BACK OVER PREVENTION
13248,2017,119,XLR TOYHAULER,SUSPENSION
13249,2017,119,XLR TOYHAULER,EQUIPMENT
13250,2017,119,XLR TOYHAULER,EQUIPMENT
13251,2017,119,XLR TOYHAULER,STRUCTURE
13252,2017,119,XLR TOYHAULER,TIRES
13253,2017,119,VIBE,ELECTRICAL SYSTEM
13254,2017,119,VIBE,EQUIPMENT
13255,2017,119,VIBE,EQUIPMENT
13256,2017,119,VIBE,EQUIPMENT
13257,2017,746,COOPER S,SEAT BELTS
13258,2017,746,COOPER S,EXTERIOR LIGHTING
13259,2017,746,COOPER S,AIR BAGS
13260,2017,1014,M2,EQUIPMENT
13261,2017,1014,M2,EXTERIOR LIGHTING
13262,2017,1014,M2,SERVICE BRAKES
13263,2017,1014,M2,EXTERIOR LIGHTING
13264,2017,1014,M2,EXTERIOR LIGHTING
13265,2017,1014,M2,EQUIPMENT
13266,2017,1014,108SD,STEERING
13267,2017,1014,108SD,SERVICE BRAKES
13268,2017,1014,108SD,SERVICE BRAKES
13269,2017,1014,108SD,TIRES
13270,2017,1014,108SD,SERVICE BRAKES
13271,2017,1014,108SD,POWER TRAIN
13272,2017,1014,108SD,ELECTRICAL SYSTEM
13273,2017,1014,108SD,SERVICE BRAKES
13274,2017,1785,E2,ELECTRICAL SYSTEM
13275,2017,1785,E2,WHEELS
13276,2017,1785,E2,ELECTRICAL SYSTEM
13277,2017,322,124 SPIDER,AIR BAGS
13278,2017,1564,ES350,STEERING
13279,2017,77,F-53,SERVICE BRAKES
13280,2017,119,FREELANDER,EQUIPMENT
13281,2017,17,SORENTO,FUEL SYSTEM
13282,2017,17,SORENTO,ENGINE AND ENGINE COOLING
13283,2017,17,SORENTO,TRAILER HITCHES
13284,2017,17,SORENTO,TRAILER HITCHES
13285,2017,31,MOMENTUM,EQUIPMENT
13286,2017,31,MOMENTUM,EQUIPMENT
13287,2017,130,THRUXTON R,STRUCTURE
13288,2017,2,FUSE,ELECTRICAL SYSTEM
13289,2017,2,FUSE,EQUIPMENT
13290,2017,2,FUSE,ELECTRICAL SYSTEM
13291,2017,1800,ALLROAD,AIR BAGS
13292,2017,31,REFLECTION,ELECTRICAL SYSTEM
13293,2017,31,REFLECTION,EQUIPMENT
13294,2017,31,REFLECTION,EQUIPMENT
13295,2017,31,REFLECTION,EQUIPMENT
13296,2017,31,REFLECTION,EQUIPMENT
13297,2017,618,PACE ARROW,EQUIPMENT
13298,2017,44,BAY STAR,SERVICE BRAKES
13299,2017,44,BAY STAR,ELECTRICAL SYSTEM
13300,2017,44,BAY STAR,EQUIPMENT
13301,2017,44,CANYON STAR,SERVICE BRAKES
13302,2017,44,CANYON STAR,EQUIPMENT ADAPTIVE/MOBILITY
13303,2017,44,CANYON STAR,ELECTRICAL SYSTEM
13304,2017,44,CANYON STAR,EQUIPMENT
13305,2017,44,CANYON STAR,LATCHES/LOCKS/LINKAGES
13306,2017,82,CITY EXPRESS,ELECTRICAL SYSTEM
13307,2017,82,CITY EXPRESS,FUEL SYSTEM
13308,2017,17,SPORTAGE,FUEL SYSTEM
13309,2017,17,SPORTAGE,SERVICE BRAKES
13310,2017,17,SPORTAGE,TRAILER HITCHES
13311,2017,17,SPORTAGE,TRAILER HITCHES
13312,2017,13312,GEAR-UP,WHEELS
13313,2017,8,AZERA,LATCHES/LOCKS/LINKAGES
13314,2017,119,PALOMINO,EQUIPMENT
13315,2017,2145,UTILITY TRAILER,TIRES
13316,2017,596,SPYDER F3,POWER TRAIN
13317,2017,596,SPYDER F3,POWER TRAIN
13318,2017,98,YUKON,SERVICE BRAKES
13319,2017,98,YUKON,SERVICE BRAKES
13320,2017,98,YUKON,AIR BAGS
13321,2017,17,RIO,LATCHES/LOCKS/LINKAGES
13322,2017,17,RIO,SERVICE BRAKES
13323,2017,288,LANDMARK 365,TIRES
13324,2017,92,JOURNEY,ELECTRICAL SYSTEM
13325,2017,92,JOURNEY,EXTERIOR LIGHTING
13326,2017,82,TRAX,SUSPENSION
13327,2017,82,TRAX,SUSPENSION
13328,2017,82,TRAX,AIR BAGS
13329,2017,145,FLHXS,POWER TRAIN
13330,2017,145,FLHXS,ENGINE AND ENGINE COOLING
13331,2017,98,TERRAIN,EXTERIOR LIGHTING
13332,2017,1800,A6,FUEL SYSTEM
13333,2017,1800,A6,AIR BAGS
13334,2017,1800,A6,SEAT BELTS
13335,2017,92,CHALLENGER,ELECTRICAL SYSTEM
13336,2017,92,CHALLENGER,ENGINE AND ENGINE COOLING
13337,2017,92,CHALLENGER,POWER TRAIN
13338,2017,2,VIEW,ELECTRICAL SYSTEM
13339,2017,2,VIEW,SEATS
13340,2017,2,VIEW,EQUIPMENT
13341,2017,2,VIEW,EQUIPMENT
13342,2017,2,VIEW,EQUIPMENT
13343,2017,3,TUSCANY,STEERING
13344,2017,3,TUSCANY,EXTERIOR LIGHTING
13345,2017,3,TUSCANY,EQUIPMENT
13346,2017,3,TUSCANY,ELECTRICAL SYSTEM
13347,2017,3,TUSCANY,EQUIPMENT
13348,2017,3,TUSCANY,STEERING
13349,2017,3,TUSCANY,EXTERIOR LIGHTING
13350,2017,3,TUSCANY,EXTERIOR LIGHTING
13351,2017,1014,CASCADIA,STEERING
13352,2017,1014,CASCADIA,ENGINE AND ENGINE COOLING
13353,2017,1014,CASCADIA,SERVICE BRAKES
13354,2017,1014,CASCADIA,SERVICE BRAKES
13355,2017,1014,CASCADIA,ELECTRICAL SYSTEM
13356,2017,1014,CASCADIA,SERVICE BRAKES
13357,2017,1014,CASCADIA,EXTERIOR LIGHTING
13358,2017,1014,CASCADIA,EXTERIOR LIGHTING
13359,2017,1014,CASCADIA,EXTERIOR LIGHTING
13360,2017,1014,CASCADIA,EXTERIOR LIGHTING
13361,2017,1014,CASCADIA,STEERING
13362,2017,1014,CASCADIA,ENGINE AND ENGINE COOLING
13363,2017,1014,CASCADIA,POWER TRAIN
13364,2017,1014,CASCADIA,POWER TRAIN
13365,2017,1014,CASCADIA,TIRES
13366,2017,1014,CASCADIA,ELECTRICAL SYSTEM
13367,2017,1014,CASCADIA,EQUIPMENT
13368,2017,1014,CASCADIA,EXTERIOR LIGHTING
13369,2017,1014,CASCADIA,SERVICE BRAKES
13370,2017,1014,CASCADIA,ELECTRONIC STABILITY CONTROL (ESC)
13371,2017,262,OUTLANDER,SEAT BELTS
13372,2017,262,OUTLANDER,FORWARD COLLISION AVOIDANCE
13373,2017,262,OUTLANDER,ELECTRICAL SYSTEM
13374,2017,262,OUTLANDER,ELECTRICAL SYSTEM
13375,2017,262,OUTLANDER,STRUCTURE
13376,2017,1,PANAMERA TURBO,SUSPENSION
13377,2017,1,PANAMERA TURBO,ELECTRICAL SYSTEM
13378,2017,1,PANAMERA TURBO,ELECTRICAL SYSTEM
13379,2017,1,PANAMERA TURBO,SEAT BELTS
13380,2017,119,SIERRA,EQUIPMENT
13381,2017,57,F-TYPE,SEAT BELTS
13382,2017,57,F-TYPE,SUSPENSION
13383,2017,99,COUGAR,STRUCTURE
13384,2017,99,COUGAR,EQUIPMENT
13385,2017,99,COUGAR,ELECTRICAL SYSTEM
13386,2017,99,COUGAR,EQUIPMENT
13387,2017,99,COUGAR,EQUIPMENT
13388,2017,99,COUGAR,EQUIPMENT
13389,2017,99,COUGAR,EQUIPMENT
13390,2017,15,TUNDRA,STEERING
13391,2017,15,TUNDRA,STEERING
13392,2017,15,TUNDRA,EQUIPMENT
13393,2017,15,TUNDRA,STRUCTURE
13394,2017,15,TUNDRA,SEATS
13395,2017,15,TUNDRA,WHEELS
13396,2017,13396,CX35,SEAT BELTS
13397,2017,17,FORTE,AIR BAGS
13398,2017,17,FORTE,LATCHES/LOCKS/LINKAGES
13399,2017,17,FORTE,ENGINE AND ENGINE COOLING
13400,2017,467,690 DUKE,FUEL SYSTEM
13401,2017,64,PRECEPT,SERVICE BRAKES
13402,2017,64,PRECEPT,ELECTRICAL SYSTEM
13403,2017,64,PRECEPT,SERVICE BRAKES
13404,2017,64,PRECEPT,SEATS
13405,2017,145,FLRT,POWER TRAIN
13406,2017,4,PRISM,EQUIPMENT
13407,2017,452,WRX,EXTERIOR LIGHTING
13408,2017,31,IMAGINE,EQUIPMENT
13409,2017,31,IMAGINE,EQUIPMENT
13410,2017,31,IMAGINE,EQUIPMENT
13411,2017,31,IMAGINE,ELECTRICAL SYSTEM
13412,2017,31,IMAGINE,EQUIPMENT
13413,2017,57,XE,FUEL SYSTEM
13414,2017,57,XE,STRUCTURE
13415,2017,1800,A5,ENGINE AND ENGINE COOLING
13416,2017,1800,A5,ENGINE AND ENGINE COOLING
13417,2017,145,FLHTKSE,POWER TRAIN
13418,2017,145,FLHTKSE,VISIBILITY
13419,2017,21,ALLEGRO BREEZE,SUSPENSION
13420,2017,21,ALLEGRO BREEZE,ENGINE AND ENGINE COOLING
13421,2017,9,WRANGLER,SEAT BELTS
13422,2017,9,WRANGLER,ELECTRICAL SYSTEM
13423,2017,9,WRANGLER,FUEL SYSTEM
13424,2017,9,WRANGLER,AIR BAGS
13425,2017,9,WRANGLER,EXTERIOR LIGHTING
13426,2017,146,CLARITY FUEL CELL,EQUIPMENT
13427,2017,146,CLARITY FUEL CELL,ELECTRICAL SYSTEM
13428,2017,146,CLARITY FUEL CELL,ELECTRICAL SYSTEM
13429,2017,17,OPTIMA HYBRID,ENGINE
13430,2017,17,OPTIMA HYBRID,LATCHES/LOCKS/LINKAGES
13431,2017,119,COLUMBUS,TIRES
13432,2017,7827,COMMERCIAL RESCUE,EXTERIOR LIGHTING
13433,2017,7827,COMMERCIAL RESCUE,LATCHES/LOCKS/LINKAGES
13434,2017,7827,COMMERCIAL RESCUE,BACK OVER PREVENTION
13435,2017,288,ROAD WARRIOR,EQUIPMENT
13436,2017,82,MALIBU,AIR BAGS
13437,2017,82,MALIBU,FUEL SYSTEM
13438,2017,82,MALIBU,AIR BAGS
13439,2017,82,MALIBU,SEAT BELTS
13440,2017,77,TRANSIT CONNECT,SEAT BELTS
13441,2017,77,TRANSIT CONNECT,VISIBILITY
13442,2017,77,TRANSIT CONNECT,POWER TRAIN
13443,2017,77,TRANSIT CONNECT,POWER TRAIN
13444,2017,77,TRANSIT CONNECT,VISIBILITY
13445,2017,77,TRANSIT CONNECT,BACK OVER PREVENTION
13446,2017,98,SIERRA 1500,SERVICE BRAKES
13447,2017,98,SIERRA 1500,SERVICE BRAKES
13448,2017,98,SIERRA 1500,AIR BAGS
13449,2017,98,SIERRA 1500,CHILD SEAT
13450,2017,98,SIERRA 1500,AIR BAGS
13451,2017,6790,CAMPLITE,STRUCTURE
13452,2017,6790,CAMPLITE,STRUCTURE
13453,2017,2179,570 GT,FUEL SYSTEM
13454,2017,16,LACROSSE,STEERING
13455,2017,16,LACROSSE,SUSPENSION
13456,2017,374,MOBILE SUITE,EQUIPMENT
13457,2017,374,MOBILE SUITE,SERVICE BRAKES
13458,2017,306,X3,ENGINE AND ENGINE COOLING
13459,2017,306,X3,FUEL SYSTEM
13460,2017,306,X3,FUEL SYSTEM
13461,2017,306,X3,STEERING
13462,2017,306,X3,CHILD SEAT
13463,2017,306,X3,ENGINE AND ENGINE COOLING
13464,2017,119,CEDAR CREEK,EQUIPMENT
13465,2017,119,CEDAR CREEK,SUSPENSION
13466,2017,119,CEDAR CREEK,EQUIPMENT
13467,2017,119,CEDAR CREEK,EQUIPMENT
13468,2017,77,EDGE,POWER TRAIN
13469,2017,77,EDGE,STRUCTURE
13470,2017,77,EDGE,AIR BAGS
13471,2017,77,EDGE,POWER TRAIN
13472,2017,77,EDGE,SERVICE BRAKES
13473,2017,77,EDGE,POWER TRAIN
13474,2017,77,EDGE,SERVICE BRAKES
13475,2017,77,EDGE,BACK OVER PREVENTION
13476,2017,194,AMG GT,POWER TRAIN
13477,2017,194,AMG GT,COMMUNICATION
13478,2017,194,AMG GT,POWER TRAIN
13479,2017,194,AMG GT,ELECTRICAL SYSTEM
13480,2017,194,AMG GT,AIR BAGS
13481,2017,82,SPARK,AIR BAGS
13482,2017,14,MKZ,POWER TRAIN
13483,2017,14,MKZ,STEERING
13484,2017,14,MKZ,POWER TRAIN
13485,2017,14,MKZ,SERVICE BRAKES
13486,2017,128,ESCALADE ESV,AIR BAGS
13487,2017,421,GHIBLI,ENGINE AND ENGINE COOLING
13488,2017,421,GHIBLI,POWER TRAIN
13489,2017,421,GHIBLI,TIRES
13490,2017,421,GHIBLI,BACK OVER PREVENTION
13491,2017,421,GHIBLI,SEATS
13492,2017,669,DURASTAR,ENGINE AND ENGINE COOLING
13493,2017,669,DURASTAR,FUEL SYSTEM
13494,2017,669,DURASTAR,FUEL SYSTEM
13495,2017,669,DURASTAR,PARKING BRAKE
13496,2017,669,DURASTAR,EQUIPMENT
13497,2017,669,DURASTAR,ELECTRICAL SYSTEM
13498,2017,306,X1 SAV,AIR BAGS
13499,2017,306,X1 SAV,AIR BAGS
13500,2017,15,YARIS,AIR BAGS
13501,2017,15,YARIS,EQUIPMENT
13502,2017,15,YARIS,TIRES
13503,2017,4,MIRADA,EQUIPMENT
13504,2017,4,MIRADA,EQUIPMENT
13505,2017,306,R1200 GS ADVENTURE,EXTERIOR LIGHTING
13506,2017,306,R1200 GS ADVENTURE,SUSPENSION
13507,2017,306,R1200 GS ADVENTURE,EQUIPMENT
13508,2017,306,R1200 GS ADVENTURE,EQUIPMENT
13509,2017,145,FLHXSE,POWER TRAIN
13510,2017,15,TACOMA,EQUIPMENT
13511,2017,15,TACOMA,ENGINE
13512,2017,15,TACOMA,POWER TRAIN
13513,2017,15,TACOMA,SERVICE BRAKES
13514,2017,15,TACOMA,FUEL SYSTEM
13515,2017,119,GEORGETOWN,VISIBILITY
13516,2017,119,GEORGETOWN,EQUIPMENT
13517,2017,119,GEORGETOWN,EQUIPMENT
13518,2017,119,GEORGETOWN,SERVICE BRAKES
13519,2017,119,GEORGETOWN,STRUCTURE
13520,2017,119,GEORGETOWN,EXTERIOR LIGHTING
13521,2017,1726,NAVIGATOR XE,EQUIPMENT
13522,2017,57,XF,FUEL SYSTEM
13523,2017,57,XF,ELECTRICAL SYSTEM
13524,2017,37,GOLF SPORTWAGEN,STEERING
13525,2017,37,GOLF SPORTWAGEN,SUSPENSION
13526,2017,37,GOLF SPORTWAGEN,ELECTRICAL SYSTEM
13527,2017,37,GOLF SPORTWAGEN,FUEL SYSTEM
13528,2017,150,GIULIA,ELECTRICAL SYSTEM
13529,2017,150,GIULIA,ENGINE AND ENGINE COOLING
13530,2017,150,GIULIA,FORWARD COLLISION AVOIDANCE
13531,2017,150,GIULIA,SERVICE BRAKES
13532,2017,150,GIULIA,EQUIPMENT
13533,2017,150,GIULIA,AIR BAGS
13534,2017,150,GIULIA,FUEL SYSTEM
13535,2017,128,CT6,SEATS
13536,2017,128,CT6,EXTERIOR LIGHTING
13537,2017,2,SIGHTSEER,EQUIPMENT
13538,2017,2,SIGHTSEER,EXTERIOR LIGHTING
13539,2017,2,SIGHTSEER,LATCHES/LOCKS/LINKAGES
13540,2017,344,NPR,SUSPENSION
13541,2017,344,NPR,EQUIPMENT
13542,2017,3278,MAGNUM,SERVICE BRAKES
13543,2017,37,GOLF,STEERING
13544,2017,37,GOLF,SUSPENSION
13545,2017,37,GOLF,SEAT BELTS
13546,2017,37,GOLF,UNKNOWN OR OTHER
13547,2017,37,GOLF,FUEL SYSTEM
13548,2017,562,ROGUE,SEATS
13549,2017,562,ROGUE,AIR BAGS
13550,2017,562,ROGUE,ENGINE AND ENGINE COOLING
13551,2017,562,ROGUE,ELECTRICAL SYSTEM
13552,2017,562,ROGUE,ELECTRICAL SYSTEM
13553,2017,4070,QUEST,EQUIPMENT ADAPTIVE/MOBILITY
13554,2017,4070,QUEST,SEATS
13555,2017,4070,QUEST,FUEL SYSTEM
13556,2017,4070,QUEST,STRUCTURE
13557,2017,4070,QUEST,STRUCTURE
13558,2017,17,SOUL EV,AIR BAGS
13559,2017,17,SOUL EV,ELECTRICAL SYSTEM
13560,2017,17,SOUL EV,POWER TRAIN
13561,2017,562,FRONTIER,ELECTRICAL SYSTEM
13562,2017,64,JAY FEATHER,EQUIPMENT
13563,2017,64,JAY FEATHER,ELECTRICAL SYSTEM
13564,2017,64,JAY FEATHER,INTERIOR LIGHTING
13565,2017,562,ALTIMA,STRUCTURE
13566,2017,562,ALTIMA,LATCHES/LOCKS/LINKAGES
13567,2017,562,ALTIMA,LATCHES/LOCKS/LINKAGES
13568,2017,1197,AR-ONE,EQUIPMENT
13569,2017,119,SANDPIPER,EQUIPMENT
13570,2017,562,VERSA,ELECTRICAL SYSTEM
13571,2017,562,VERSA,AIR BAGS
13572,2017,562,VERSA,AIR BAGS
13573,2017,562,ROGUE SPORT,ELECTRICAL SYSTEM
13574,2017,145,FLTRX,POWER TRAIN
13575,2017,145,FLTRX,ENGINE AND ENGINE COOLING
13576,2017,15,PRIUS V,HYBRID PROPULSION SYSTEM
13577,2017,146,ACCORD,FUEL SYSTEM
13578,2017,146,ACCORD,FUEL SYSTEM
13579,2017,618,BOUNDER,EQUIPMENT
13580,2017,618,BOUNDER,EQUIPMENT
13581,2017,618,BOUNDER,EQUIPMENT
13582,2017,618,BOUNDER,EQUIPMENT
13583,2017,145,XG750A,SERVICE BRAKES
13584,2017,194,METRIS,POWER TRAIN
13585,2017,194,METRIS,ELECTRICAL SYSTEM
13586,2017,194,METRIS,ELECTRICAL SYSTEM
13587,2017,194,METRIS,STEERING
13588,2017,194,METRIS,FUEL SYSTEM
13589,2017,194,METRIS,POWER TRAIN
13590,2017,194,METRIS,STEERING
13591,2017,194,METRIS,AIR BAGS
13592,2017,194,METRIS,SUSPENSION
13593,2017,194,METRIS,LANE DEPARTURE
13594,2017,194,METRIS,SERVICE BRAKES
13595,2017,194,METRIS,BACK OVER PREVENTION
13596,2017,194,METRIS,FUEL SYSTEM
13597,2017,194,METRIS,TIRES
13598,2017,306,X4,CHILD SEAT
13599,2017,306,X4,ENGINE AND ENGINE COOLING
13600,2017,452,FORESTER,AIR BAGS
13601,2017,77,F-750,EQUIPMENT
13602,2017,13602,MYPOD TRAVEL TRAILER,EQUIPMENT
13603,2017,99,OUTBACK,STRUCTURE
13604,2017,99,OUTBACK,EQUIPMENT
13605,2017,99,OUTBACK,EQUIPMENT
13606,2017,82,COLORADO,FUEL SYSTEM
13607,2017,1865,SOUTH FORK,EQUIPMENT
13608,2017,1865,SOUTH FORK,EXTERIOR LIGHTING
13609,2017,119,RAINIER,ELECTRICAL SYSTEM
13610,2017,119,RAINIER,EQUIPMENT
13611,2017,908,ANTHEM,EQUIPMENT
13612,2017,908,ANTHEM,SUSPENSION
13613,2017,908,ANTHEM,EXTERIOR LIGHTING
13614,2017,908,ANTHEM,VEHICLE SPEED CONTROL
13615,2017,8,SANTA FE SPORT,LATCHES/LOCKS/LINKAGES
13616,2017,8,SANTA FE SPORT,SEAT BELTS
13617,2017,8,SANTA FE SPORT,SERVICE BRAKES
13618,2017,3,ARIA,EXTERIOR LIGHTING
13619,2017,783,METROSTAR,EXTERIOR LIGHTING
13620,2017,783,METROSTAR,SERVICE BRAKES
13621,2017,783,METROSTAR,EQUIPMENT
13622,2017,783,METROSTAR,SERVICE BRAKES
13623,2017,783,METROSTAR,STEERING
13624,2017,783,METROSTAR,EXTERIOR LIGHTING
13625,2017,783,METROSTAR,SERVICE BRAKES
13626,2017,783,METROSTAR,SERVICE BRAKES
13627,2017,783,METROSTAR,ELECTRICAL SYSTEM
13628,2017,783,METROSTAR,STEERING
13629,2017,783,METROSTAR,EQUIPMENT
13630,2017,783,METROSTAR,SUSPENSION
13631,2017,783,METROSTAR,PARKING BRAKE
13632,2017,44,DUTCH STAR,EXTERIOR LIGHTING
13633,2017,44,DUTCH STAR,FUEL SYSTEM
13634,2017,44,DUTCH STAR,EXTERIOR LIGHTING
13635,2017,44,DUTCH STAR,EXTERIOR LIGHTING
13636,2017,44,DUTCH STAR,FUEL SYSTEM
13637,2017,44,DUTCH STAR,EXTERIOR LIGHTING
13638,2017,44,DUTCH STAR,VISIBILITY
13639,2017,44,DUTCH STAR,SUSPENSION
13640,2017,44,DUTCH STAR,EQUIPMENT
13641,2017,44,DUTCH STAR,VEHICLE SPEED CONTROL
13642,2017,44,DUTCH STAR,STEERING
13643,2017,44,DUTCH STAR,ELECTRICAL SYSTEM
13644,2017,44,DUTCH STAR,STEERING
13645,2017,44,DUTCH STAR,EQUIPMENT
13646,2017,44,DUTCH STAR,STRUCTURE
13647,2017,44,DUTCH STAR,EXTERIOR LIGHTING
13648,2017,44,DUTCH STAR,ELECTRICAL SYSTEM
13649,2017,44,DUTCH STAR,EQUIPMENT
13650,2017,2,VISTA,EQUIPMENT
13651,2017,2,VISTA,ELECTRICAL SYSTEM
13652,2017,2,VISTA,ELECTRICAL SYSTEM
13653,2017,2,VISTA,EXTERIOR LIGHTING
13654,2017,2,VISTA,LATCHES/LOCKS/LINKAGES
13655,2017,599,TOWN AND COUNTRY,ELECTRICAL SYSTEM
13656,2017,1,718 BOXSTER,FUEL SYSTEM
13657,2017,1,718 BOXSTER,FUEL SYSTEM
13658,2017,1,718 BOXSTER,AIR BAGS
13659,2017,1,718 BOXSTER,VISIBILITY
13660,2017,1,718 BOXSTER,AIR BAGS
13661,2017,262,MIRAGE,EXTERIOR LIGHTING
13662,2017,262,MIRAGE,AIR BAGS
13663,2017,2636,SUNSTAR,EQUIPMENT
13664,2017,2636,SUNSTAR,ELECTRICAL SYSTEM
13665,2017,2636,SUNSTAR,EXTERIOR LIGHTING
13666,2017,2636,SUNSTAR,LATCHES/LOCKS/LINKAGES
13667,2017,1649,YZFR3,ENGINE AND ENGINE COOLING
13668,2017,1649,YZFR3,EQUIPMENT
13669,2017,17,K900,SERVICE BRAKES
13670,2017,17,K900,SERVICE BRAKES
13671,2017,452,IMPREZA,ELECTRICAL SYSTEM
13672,2017,452,IMPREZA,ENGINE AND ENGINE COOLING
13673,2017,452,IMPREZA,ENGINE AND ENGINE COOLING
13674,2017,452,IMPREZA,ELECTRICAL SYSTEM
13675,2017,452,IMPREZA,FUEL SYSTEM
13676,2017,452,IMPREZA,BACK OVER PREVENTION
13677,2017,452,IMPREZA,EXTERIOR LIGHTING
13678,2017,77,FOCUS,FUEL SYSTEM
13679,2017,77,FOCUS,FUEL SYSTEM
13680,2017,77,FOCUS,POWER TRAIN
13681,2017,77,FOCUS,SEAT BELTS
13682,2017,77,FOCUS,LATCHES/LOCKS/LINKAGES
13683,2017,77,FOCUS,ENGINE AND ENGINE COOLING
13684,2017,1357,MAZDA6,EXTERIOR LIGHTING
13685,2017,98,CANYON,FUEL SYSTEM
13686,2017,599,PACIFICA,ELECTRICAL SYSTEM
13687,2017,599,PACIFICA,ELECTRICAL SYSTEM
13688,2017,599,PACIFICA,ELECTRICAL SYSTEM
13689,2017,599,PACIFICA,SEAT BELTS
13690,2017,599,PACIFICA,POWER TRAIN
13691,2017,599,PACIFICA,SERVICE BRAKES
13692,2017,599,PACIFICA,ELECTRICAL SYSTEM
13693,2017,599,PACIFICA,SEAT BELTS
13694,2017,599,PACIFICA,ELECTRICAL SYSTEM
13695,2017,288,WILDERNESS,EXTERIOR LIGHTING
13696,2017,288,WILDERNESS,EQUIPMENT
13697,2017,344,NRR,SUSPENSION
13698,2017,344,NRR,STRUCTURE
13699,2017,344,NRR,EQUIPMENT
13700,2017,344,NRR,POWER TRAIN
13701,2017,4,LEPRECHAUN,EQUIPMENT
13702,2017,82,SILVERADO 3500,SEAT BELTS
13703,2017,82,SILVERADO 3500,ENGINE
13704,2017,82,SILVERADO 3500,FUEL SYSTEM
13705,2017,82,SILVERADO 3500,AIR BAGS
13706,2017,82,SILVERADO 3500,EQUIPMENT
13707,2017,82,SILVERADO 3500,FUEL SYSTEM
13708,2017,37,PASSAT,UNKNOWN OR OTHER
13709,2017,37,PASSAT,UNKNOWN OR OTHER
13710,2017,37,PASSAT,SERVICE BRAKES
13711,2017,37,PASSAT,UNKNOWN OR OTHER
13712,2017,37,PASSAT,EXTERIOR LIGHTING
13713,2017,37,PASSAT,SERVICE BRAKES
13714,2017,37,PASSAT,AIR BAGS
13715,2017,9,GRAND CHEROKEE,ELECTRICAL SYSTEM
13716,2017,9,GRAND CHEROKEE,ENGINE AND ENGINE COOLING
13717,2017,9,GRAND CHEROKEE,EQUIPMENT
13718,2017,9,GRAND CHEROKEE,ENGINE AND ENGINE COOLING
13719,2017,9,GRAND CHEROKEE,FUEL SYSTEM
13720,2017,9,GRAND CHEROKEE,ENGINE AND ENGINE COOLING
13721,2017,119,WILDWOOD,ELECTRICAL SYSTEM
13722,2017,119,WILDWOOD,EQUIPMENT
13723,2017,119,WILDWOOD,TIRES
13724,2017,119,WILDWOOD,TIRES
13725,2017,119,WILDWOOD,EQUIPMENT
13726,2017,119,WILDWOOD,EQUIPMENT
13727,2017,119,WILDWOOD,EQUIPMENT
13728,2017,119,WILDWOOD,EQUIPMENT
13729,2017,119,WILDWOOD,ELECTRICAL SYSTEM
13730,2017,16,VERANO,ELECTRICAL SYSTEM
13731,2017,119,WOLF PACK,ELECTRICAL SYSTEM
13732,2017,21,ALLEGRO BUS,VISIBILITY
13733,2017,21,ALLEGRO BUS,EQUIPMENT
13734,2017,1800,A4,AIR BAGS
13735,2017,1800,A4,AIR BAGS
13736,2017,1800,A4,SEAT BELTS
13737,2017,1800,A4,ELECTRICAL SYSTEM
13738,2017,1800,A4,STRUCTURE
13739,2017,1800,A4,SEATS
13740,2017,92,GRAND CARAVAN,ELECTRICAL SYSTEM
13741,2017,92,GRAND CARAVAN,FUEL SYSTEM
13742,2017,8,SONATA,AIR BAGS
13743,2017,8,SONATA,EXTERIOR LIGHTING
13744,2017,8,SONATA,LATCHES/LOCKS/LINKAGES
13745,2017,119,FR3,VISIBILITY
13746,2017,119,FR3,EQUIPMENT
13747,2017,1726,ENDEAVOR,EQUIPMENT
13748,2017,1726,ENDEAVOR,EXTERIOR LIGHTING
13749,2017,1726,ENDEAVOR,TIRES
13750,2017,119,SPARTAN,EQUIPMENT
13751,2017,1800,S3,AIR BAGS
13752,2017,1800,S3,AIR BAGS
13753,2017,1800,Q3,EXTERIOR LIGHTING
13754,2017,1800,Q3,EXTERIOR LIGHTING
13755,2017,1800,Q3,ELECTRICAL SYSTEM
13756,2017,145,FXSE,POWER TRAIN
13757,2017,562,NV,AIR BAGS
13758,2017,37,TIGUAN,UNKNOWN OR OTHER
13759,2017,37,TIGUAN,SEAT BELTS
13760,2017,37,TIGUAN,AIR BAGS
13761,2017,37,TIGUAN,UNKNOWN OR OTHER
13762,2017,2563,PALAZZO,EXTERIOR LIGHTING
13763,2017,2563,PALAZZO,EQUIPMENT
13764,2017,2563,PALAZZO,EQUIPMENT
13765,2017,2563,PALAZZO,EQUIPMENT
13766,2017,17,OPTIMA,FUEL SYSTEM
13767,2017,17,OPTIMA,HYBRID PROPULSION SYSTEM
13768,2017,17,OPTIMA,LATCHES/LOCKS/LINKAGES
13769,2017,99,MONTANA,EQUIPMENT
13770,2017,4,FREEDOM EXPRESS,EQUIPMENT
13771,2017,4,FREEDOM EXPRESS,EQUIPMENT
13772,2017,4,GALLERIA,EQUIPMENT
13773,2017,4,GALLERIA,EQUIPMENT
13774,2017,77,MUSTANG,ENGINE AND ENGINE COOLING
13775,2017,77,MUSTANG,AIR BAGS
13776,2017,77,MUSTANG,LATCHES/LOCKS/LINKAGES
13777,2017,77,MUSTANG,BACK OVER PREVENTION
13778,2017,77,MUSTANG,BACK OVER PREVENTION
13779,2017,77,MUSTANG,SEAT BELTS
13780,2017,4,CROSS COUNTRY,EXTERIOR LIGHTING
13781,2017,4,CROSS COUNTRY,EQUIPMENT
13782,2017,4,CROSS COUNTRY,EXTERIOR LIGHTING
13783,2017,31,SOLITUDE,EQUIPMENT
13784,2017,31,SOLITUDE,EQUIPMENT
13785,2017,2179,570,AIR BAGS
13786,2017,908,INSIGNIA,EXTERIOR LIGHTING
13787,2017,908,INSIGNIA,VEHICLE SPEED CONTROL
13788,2017,908,INSIGNIA,SERVICE BRAKES
13789,2017,908,INSIGNIA,SERVICE BRAKES
13790,2017,3,WINDSPORT,EQUIPMENT
13791,2017,3,WINDSPORT,TRAILER HITCHES
13792,2017,3,WINDSPORT,EQUIPMENT
13793,2017,77,EXPLORER,SEATS
13794,2017,77,EXPLORER,SUSPENSION
13795,2017,77,EXPLORER,WHEELS
13796,2017,77,EXPLORER,STEERING
13797,2017,77,EXPLORER,SEATS
13798,2017,77,EXPLORER,ENGINE AND ENGINE COOLING
13799,2017,77,EXPLORER,STRUCTURE
13800,2017,77,EXPLORER,SUSPENSION
13801,2017,77,EXPLORER,SUSPENSION
13802,2017,77,EXPLORER,STRUCTURE
13803,2017,77,EXPLORER,STRUCTURE
13804,2017,77,EXPLORER,EQUIPMENT
13805,2017,288,MALLARD,EQUIPMENT
13806,2017,288,MALLARD,EXTERIOR LIGHTING
13807,2017,288,MALLARD,EQUIPMENT
13808,2017,44,LONDON AIRE,SERVICE BRAKES
13809,2017,44,LONDON AIRE,EXTERIOR LIGHTING
13810,2017,44,LONDON AIRE,EXTERIOR LIGHTING
13811,2017,44,LONDON AIRE,SUSPENSION
13812,2017,44,LONDON AIRE,VEHICLE SPEED CONTROL
13813,2017,44,LONDON AIRE,STEERING
13814,2017,44,LONDON AIRE,EQUIPMENT
13815,2017,44,LONDON AIRE,STRUCTURE
13816,2017,44,LONDON AIRE,ELECTRICAL SYSTEM
13817,2017,44,LONDON AIRE,EQUIPMENT
13818,2017,44,LONDON AIRE,EXTERIOR LIGHTING
13819,2017,79,MESA RIDGE,INTERIOR LIGHTING
13820,2017,79,MESA RIDGE,EQUIPMENT
13821,2017,15,CAMRY HYBRID,TIRES
13822,2017,258,VENOM,EQUIPMENT
13823,2017,258,VENOM,STRUCTURE
13824,2017,258,VENOM,EQUIPMENT
13825,2017,258,VENOM,EQUIPMENT
13826,2017,1564,GX460,AIR BAGS
13827,2017,1564,GX460,AIR BAGS
13828,2017,1564,GX460,AIR BAGS
13829,2017,37,TOUAREG,UNKNOWN OR OTHER
13830,2017,15,CAMRY,EQUIPMENT
13831,2017,15,CAMRY,AIR BAGS
13832,2017,15,CAMRY,TIRES
13833,2017,146,RIDGELINE,FUEL SYSTEM
13834,2017,146,RIDGELINE,ELECTRICAL SYSTEM
13835,2017,146,RIDGELINE,EQUIPMENT
13836,2017,146,RIDGELINE,STRUCTURE
13837,2017,146,RIDGELINE,BACK OVER PREVENTION
13838,2017,146,RIDGELINE,ENGINE AND ENGINE COOLING
13839,2017,146,RIDGELINE,FUEL SYSTEM
13840,2017,8,TUCSON,ELECTRICAL SYSTEM
13841,2017,8,TUCSON,ENGINE
13842,2017,8,TUCSON,SERVICE BRAKES
13843,2017,746,COUNTRYMAN,FUEL SYSTEM
13844,2017,746,COUNTRYMAN,TRAILER HITCHES
13845,2017,1726,VACATIONER XE,FUEL SYSTEM
13846,2017,1726,VACATIONER XE,FUEL SYSTEM
13847,2017,1726,VACATIONER XE,EQUIPMENT
13848,2017,1800,S7,AIR BAGS
13849,2017,1800,S7,ENGINE AND ENGINE COOLING
13850,2017,119,ROCKWOOD,EQUIPMENT
13851,2017,119,ROCKWOOD,EQUIPMENT
13852,2017,119,ROCKWOOD,EQUIPMENT
13853,2017,119,ROCKWOOD,EQUIPMENT
13854,2017,119,ROCKWOOD,EQUIPMENT
13855,2017,119,ROCKWOOD,EQUIPMENT
13856,2017,119,ROCKWOOD,EQUIPMENT
13857,2017,37,E-GOLF,UNKNOWN OR OTHER
13858,2017,16,ENCORE,AIR BAGS
13859,2017,16,ENCORE,AIR BAGS
13860,2017,155,RDX,EQUIPMENT
13861,2017,2748,Z125 PRO,SUSPENSION
13862,2017,858,5500,ELECTRICAL SYSTEM
13863,2017,858,5500,WHEELS
13864,2017,858,5500,POWER TRAIN
13865,2017,858,5500,POWER TRAIN
13866,2017,858,5500,EQUIPMENT
13867,2017,858,5500,ENGINE AND ENGINE COOLING
13868,2017,858,5500,SERVICE BRAKES
13869,2017,13,Q50,AIR BAGS
13870,2017,13,Q50,AIR BAGS
13871,2017,13,Q50,FUEL SYSTEM
13872,2017,13,Q50,POWER TRAIN
13873,2017,1419,T680,ELECTRONIC STABILITY CONTROL (ESC)
13874,2017,1419,T680,ENGINE AND ENGINE COOLING
13875,2017,1419,T680,SERVICE BRAKES
13876,2017,1419,T680,EXTERIOR LIGHTING
13877,2017,1419,T680,ELECTRICAL SYSTEM
13878,2017,1419,T680,ELECTRONIC STABILITY CONTROL (ESC)
13879,2017,1419,T680,ELECTRICAL SYSTEM
13880,2017,1419,T680,FUEL SYSTEM
13881,2017,1419,T680,EXTERIOR LIGHTING
13882,2017,1419,T680,ELECTRICAL SYSTEM
13883,2017,1419,T680,SERVICE BRAKES
13884,2017,1726,VESTA,SUSPENSION
13885,2017,1726,VESTA,EQUIPMENT
13886,2017,261,REDWOOD,EQUIPMENT
13887,2017,261,REDWOOD,EQUIPMENT
13888,2017,1228,CRUSADER,EQUIPMENT
13889,2017,1228,CRUSADER,EQUIPMENT
13890,2017,1014,BUSINESS CLASS M2,STEERING
13891,2017,1014,BUSINESS CLASS M2,SERVICE BRAKES
13892,2017,1014,BUSINESS CLASS M2,ELECTRICAL SYSTEM
13893,2017,1014,BUSINESS CLASS M2,SERVICE BRAKES
13894,2017,1014,BUSINESS CLASS M2,EXTERIOR LIGHTING
13895,2017,1014,BUSINESS CLASS M2,EXTERIOR LIGHTING
13896,2017,1014,BUSINESS CLASS M2,POWER TRAIN
13897,2017,1014,BUSINESS CLASS M2,ELECTRICAL SYSTEM
13898,2017,1014,BUSINESS CLASS M2,SERVICE BRAKES
13899,2017,1014,BUSINESS CLASS M2,POWER TRAIN
13900,2017,1014,BUSINESS CLASS M2,TIRES
13901,2017,1014,BUSINESS CLASS M2,ELECTRICAL SYSTEM
13902,2017,1014,BUSINESS CLASS M2,SERVICE BRAKES
13903,2017,1014,BUSINESS CLASS M2,SERVICE BRAKES
13904,2017,1014,BUSINESS CLASS M2,ENGINE AND ENGINE COOLING
13905,2017,98,ACADIA,POWER TRAIN
13906,2017,98,ACADIA,FUEL SYSTEM
13907,2017,98,ACADIA,SERVICE BRAKES
13908,2017,98,ACADIA,AIR BAGS
13909,2017,110,G90,ENGINE AND ENGINE COOLING
13910,2017,110,G90,ELECTRICAL SYSTEM
13911,2017,110,G90,ENGINE AND ENGINE COOLING
13912,2017,306,M3,POWER TRAIN
13913,2017,306,M3,STRUCTURE
13914,2017,119,CHEROKEE,TIRES
13915,2017,119,CHEROKEE,EQUIPMENT
13916,2017,119,CHEROKEE,EQUIPMENT
13917,2017,119,CHEROKEE,EQUIPMENT
13918,2017,119,CHEROKEE,ELECTRICAL SYSTEM
13919,2017,119,CHEROKEE,ELECTRICAL SYSTEM
13920,2017,82,CAMARO,STEERING
13921,2017,82,CAMARO,AIR BAGS
13922,2017,82,CAMARO,STEERING
13923,2017,2253,SUPERSPORT,FUEL SYSTEM
13924,2017,2253,SUPERSPORT,POWER TRAIN
13925,2017,2253,SUPERSPORT,VISIBILITY
13926,2017,2253,SUPERSPORT,SERVICE BRAKES
13927,2017,1726,VACATIONER,EQUIPMENT
13928,2017,1726,VACATIONER,EQUIPMENT
13929,2017,1726,VACATIONER,FUEL SYSTEM
13930,2017,1726,VACATIONER,EQUIPMENT
13931,2017,1726,VACATIONER,STRUCTURE
13932,2017,1726,VACATIONER,EQUIPMENT
13933,2017,2,TOUR,ELECTRICAL SYSTEM
13934,2017,2,TOUR,EQUIPMENT
13935,2017,2,TOUR,EXTERIOR LIGHTING
13936,2017,130,SPEED TRIPLE R,ELECTRICAL SYSTEM
13937,2017,2253,SCRAMBLER 800 CAFE RACER,SERVICE BRAKES
13938,2017,130,BONNEVILLE T100,ELECTRICAL SYSTEM
13939,2017,1,PANAMERA 4S EXECUTIVE,ELECTRICAL SYSTEM
13940,2017,1,PANAMERA 4S EXECUTIVE,ELECTRICAL SYSTEM
13941,2017,562,MAXIMA,SERVICE BRAKES
13942,2017,562,MAXIMA,SERVICE BRAKES
13943,2017,562,MAXIMA,AIR BAGS
13944,2017,562,MAXIMA,SERVICE BRAKES
13945,2017,92,CHARGER,ELECTRICAL SYSTEM
13946,2017,92,CHARGER,POWER TRAIN
13947,2017,92,CHARGER,POWER TRAIN
13948,2017,92,CHARGER,ENGINE AND ENGINE COOLING
13949,2017,1014,CORONADO,ENGINE AND ENGINE COOLING
13950,2017,1014,CORONADO,EXTERIOR LIGHTING
13951,2017,1014,CORONADO,POWER TRAIN
13952,2017,1014,CORONADO,EQUIPMENT
13953,2017,1014,CORONADO,TIRES
13954,2017,145,FLHRXS,POWER TRAIN
13955,2017,145,FLHRXS,ENGINE AND ENGINE COOLING
13956,2017,119,WILDCAT,ELECTRICAL SYSTEM
13957,2017,119,WILDCAT,TIRES
13958,2017,119,WILDCAT,EQUIPMENT
13959,2017,64,SENECA,EQUIPMENT
13960,2017,288,PIONEER,ELECTRICAL SYSTEM
13961,2017,119,DYNAMAX,ENGINE AND ENGINE COOLING
13962,2017,119,DYNAMAX,EQUIPMENT
13963,2017,306,I3,AIR BAGS
13964,2017,306,I3,FUEL SYSTEM
13965,2017,306,I3,AIR BAGS
13966,2017,82,CRUZE,FUEL SYSTEM
13967,2017,82,CRUZE,SEATS
13968,2017,9,CHEROKEE,POWER TRAIN
13969,2017,9,CHEROKEE,ELECTRICAL SYSTEM
13970,2017,9,CHEROKEE,EQUIPMENT
13971,2017,9,CHEROKEE,AIR BAGS
13972,2017,9,CHEROKEE,POWER TRAIN
13973,2017,9,CHEROKEE,POWER TRAIN
13974,2017,15,SEQUOIA,WHEELS
13975,2017,15,SEQUOIA,STEERING
13976,2017,15,SEQUOIA,STEERING
13977,2017,858,4500,ELECTRICAL SYSTEM
13978,2017,858,4500,WHEELS
13979,2017,858,4500,POWER TRAIN
13980,2017,858,4500,POWER TRAIN
13981,2017,858,4500,EQUIPMENT
13982,2017,858,4500,ENGINE AND ENGINE COOLING
13983,2017,858,4500,SERVICE BRAKES
13984,2017,322,500X,TIRES
13985,2017,145,FLTRXS,POWER TRAIN
13986,2017,145,FLTRXS,ENGINE AND ENGINE COOLING
13987,2017,258,SPORTSMEN,EQUIPMENT
13988,2017,1,BOXSTER,AIR BAGS
13989,2017,375,389,ENGINE AND ENGINE COOLING
13990,2017,375,389,ELECTRICAL SYSTEM
13991,2017,375,389,EXTERIOR LIGHTING
13992,2017,375,389,TIRES
13993,2017,375,389,FUEL SYSTEM
13994,2017,375,389,ELECTRICAL SYSTEM
13995,2017,375,389,ELECTRONIC STABILITY CONTROL (ESC)
13996,2017,82,TRAVERSE,AIR BAGS
13997,2017,82,TRAVERSE,AIR BAGS
13998,2017,82,TRAVERSE,AIR BAGS
13999,2017,21,ALLEGRO,VISIBILITY
14000,2017,21,ALLEGRO,EQUIPMENT
14001,2017,21,ALLEGRO,EQUIPMENT
14002,2017,1,PANAMERA,STEERING
14003,2017,1,PANAMERA,ELECTRICAL SYSTEM
14004,2017,1,PANAMERA,ELECTRICAL SYSTEM
14005,2017,1,PANAMERA,ELECTRICAL SYSTEM
14006,2017,146,ODYSSEY,SEATS
14007,2017,146,ODYSSEY,FUEL SYSTEM
14008,2017,1009,FLYING CLOUD,ELECTRICAL SYSTEM
14009,2017,1009,FLYING CLOUD,EQUIPMENT
14010,2017,1009,FLYING CLOUD,EQUIPMENT
14011,2017,1,911 CARRERA,FUEL SYSTEM
14012,2017,1,911 CARRERA,AIR BAGS
14013,2017,128,ATS,STEERING
14014,2017,128,ATS,STEERING
14015,2017,288,CYCLONE,EQUIPMENT
14016,2017,15,HIGHLANDER,ELECTRICAL SYSTEM
14017,2017,15,HIGHLANDER,EQUIPMENT
14018,2017,15,HIGHLANDER,TIRES
14019,2017,15,HIGHLANDER,FUEL SYSTEM
14020,2017,14020,MV,STRUCTURE
14021,2017,77,E-450,EQUIPMENT
14022,2017,77,E-450,EXTERIOR LIGHTING
14023,2017,64,ALANTE,ELECTRICAL SYSTEM
14024,2017,64,ALANTE,STRUCTURE
14025,2017,64,ALANTE,SEATS
14026,2017,2674,GTC4LUSSO,AIR BAGS
14027,2017,2674,GTC4LUSSO,LATCHES/LOCKS/LINKAGES
14028,2017,14028,D4505,ELECTRICAL SYSTEM
14029,2017,14028,D4505,FUEL SYSTEM
14030,2017,14028,D4505,SEAT BELTS
14031,2017,14028,D4505,EQUIPMENT ADAPTIVE/MOBILITY
14032,2017,119,FORESTER,EXTERIOR LIGHTING
14033,2017,119,FORESTER,EQUIPMENT
14034,2017,8,SANTA FE,TIRES
14035,2017,8,SANTA FE,LATCHES/LOCKS/LINKAGES
14036,2017,8,SANTA FE,ENGINE AND ENGINE COOLING
14037,2017,8,SANTA FE,ELECTRICAL SYSTEM
14038,2017,8,SANTA FE,SEAT BELTS
14039,2017,8,SANTA FE,SERVICE BRAKES
14040,2017,13,Q60,FUEL SYSTEM
14041,2017,306,530I,AIR BAGS
14042,2017,17,SOUL,AIR BAGS
14043,2017,261,SUNSET TRAIL,EQUIPMENT
14044,2017,261,SUNSET TRAIL,EQUIPMENT
14045,2017,13,Q70,POWER TRAIN
14046,2017,1419,T880,ELECTRONIC STABILITY CONTROL (ESC)
14047,2017,1419,T880,ENGINE AND ENGINE COOLING
14048,2017,1419,T880,EXTERIOR LIGHTING
14049,2017,1419,T880,ELECTRICAL SYSTEM
14050,2017,1419,T880,ELECTRONIC STABILITY CONTROL (ESC)
14051,2017,1419,T880,ELECTRICAL SYSTEM
14052,2017,1419,T880,FUEL SYSTEM
14053,2017,1419,T880,EXTERIOR LIGHTING
14054,2017,1419,T880,SERVICE BRAKES
14055,2017,1419,T880,ELECTRICAL SYSTEM
14056,2017,1419,T880,SERVICE BRAKES
14057,2017,2871,AMERICAN EAGLE,EQUIPMENT
14058,2017,2871,AMERICAN EAGLE,EQUIPMENT
14059,2017,2871,AMERICAN EAGLE,EQUIPMENT
14060,2017,2871,AMERICAN EAGLE,STRUCTURE
14061,2017,17,NIRO HYBRID,STEERING
14062,2017,306,X5,ENGINE AND ENGINE COOLING
14063,2017,306,X5,FUEL SYSTEM
14064,2017,306,X5,FUEL SYSTEM
14065,2017,306,X5,AIR BAGS
14066,2017,306,X5,EQUIPMENT
14067,2017,306,X5,ENGINE AND ENGINE COOLING
14068,2017,599,200,ELECTRICAL SYSTEM
14069,2017,858,1500,ENGINE AND ENGINE COOLING
14070,2017,858,1500,LATCHES/LOCKS/LINKAGES
14071,2017,858,1500,STRUCTURE
14072,2017,858,1500,ELECTRICAL SYSTEM
14073,2017,858,1500,AIR BAGS
14074,2017,858,1500,ENGINE AND ENGINE COOLING
14075,2017,858,1500,POWER TRAIN
14076,2017,858,1500,FUEL SYSTEM
14077,2017,858,1500,POWER TRAIN
14078,2017,858,1500,POWER TRAIN
14079,2017,858,1500,FUEL SYSTEM
14080,2017,858,1500,ENGINE AND ENGINE COOLING
14081,2017,858,1500,AIR BAGS
14082,2017,1800,Q5,VISIBILITY
14083,2017,1800,Q5,ENGINE AND ENGINE COOLING
14084,2017,1800,Q5,POWER TRAIN
14085,2017,1800,Q5,ENGINE AND ENGINE COOLING
14086,2017,1800,Q5,FUEL SYSTEM
14087,2017,146,CRF1000A,STRUCTURE
14088,2017,2,TRAVATO,ELECTRICAL SYSTEM
14089,2017,2,TRAVATO,EQUIPMENT
14090,2017,2,TRAVATO,EQUIPMENT
14091,2017,2,TRAVATO,ELECTRICAL SYSTEM
14092,2017,2,TRAVATO,STRUCTURE
14093,2017,7308,QUICKSILVER 6.0,EQUIPMENT
14094,2017,64,JAY FLIGHT BUNGALOW,INTERIOR LIGHTING
14095,2017,16,ENCLAVE,AIR BAGS
14096,2017,16,ENCLAVE,AIR BAGS
14097,2017,16,ENCLAVE,AIR BAGS
14098,2017,145,FLHTKL,POWER TRAIN
14099,2017,145,FLHTKL,VISIBILITY
14100,2017,82,SILVERADO 2500,SEAT BELTS
14101,2017,82,SILVERADO 2500,ENGINE
14102,2017,82,SILVERADO 2500,AIR BAGS
14103,2017,82,SILVERADO 2500,EQUIPMENT
14104,2017,82,SILVERADO 2500,FUEL SYSTEM
14105,2017,99,PASSPORT,EQUIPMENT
14106,2017,99,PASSPORT,EQUIPMENT
14107,2017,99,PASSPORT,SUSPENSION
14108,2017,77,F-550,ENGINE
14109,2017,77,F-550,EXTERIOR LIGHTING
14110,2017,77,F-550,EQUIPMENT
14111,2017,77,F-550,EXTERIOR LIGHTING
14112,2017,77,F-550,LATCHES/LOCKS/LINKAGES
14113,2017,82,SILVERADO 1500,SERVICE BRAKES
14114,2017,82,SILVERADO 1500,SERVICE BRAKES
14115,2017,82,SILVERADO 1500,AIR BAGS
14116,2017,82,SILVERADO 1500,CHILD SEAT
14117,2017,82,SILVERADO 1500,SUSPENSION
14118,2017,82,SILVERADO 1500,AIR BAGS
14119,2017,82,CORVETTE,STEERING
14120,2017,82,CORVETTE,AIR BAGS
14121,2017,82,CORVETTE,AIR BAGS
14122,2017,82,CORVETTE,STEERING
14123,2017,2674,488 GTB,AIR BAGS
14124,2017,2674,488 GTB,SERVICE BRAKES
14125,2017,2674,488 GTB,AIR BAGS
14126,2017,145,FLHTK,POWER TRAIN
14127,2017,145,FLHTK,VISIBILITY
14128,2017,618,SOUTHWIND,EQUIPMENT
14129,2017,562,NV3500,ELECTRICAL SYSTEM
14130,2017,14130,EBB-80,TRAILER HITCHES
14131,2017,119,PUMA,EQUIPMENT
14132,2017,119,PUMA,EQUIPMENT
14133,2017,119,PUMA,EQUIPMENT
14134,2017,2961,VS2DC,STRUCTURE
14135,2017,119,SHASTA,EQUIPMENT
14136,2017,193,SPRINGFIELD,ELECTRICAL SYSTEM
14137,2017,193,SPRINGFIELD,FUEL SYSTEM
14138,2017,193,SPRINGFIELD,EXTERIOR LIGHTING
14139,2017,193,SPRINGFIELD,EXTERIOR LIGHTING
14140,2017,99,ALPINE,EQUIPMENT
14141,2017,99,ALPINE,EQUIPMENT
14142,2017,193,CHIEFTAN,FUEL SYSTEM
14143,2017,618,DISCOVERY,EQUIPMENT
14144,2017,618,DISCOVERY,EXTERIOR LIGHTING
14145,2017,858,3500,STEERING
14146,2017,858,3500,STEERING
14147,2017,858,3500,LATCHES/LOCKS/LINKAGES
14148,2017,858,3500,STRUCTURE
14149,2017,858,3500,ELECTRICAL SYSTEM
14150,2017,858,3500,WHEELS
14151,2017,858,3500,POWER TRAIN
14152,2017,858,3500,WHEELS
14153,2017,858,3500,EQUIPMENT
14154,2017,858,3500,POWER TRAIN
14155,2017,858,3500,ENGINE AND ENGINE COOLING
14156,2017,858,3500,SERVICE BRAKES
14157,2017,858,3500,AIR BAGS
14158,2017,3278,CROSS COUNTRY TOUR,SERVICE BRAKES
14159,2017,421,LEVANTE,ENGINE AND ENGINE COOLING
14160,2017,421,LEVANTE,BACK OVER PREVENTION
14161,2017,421,LEVANTE,SEATS
14162,2017,146,ACCORD HYBRID,FUEL SYSTEM
14163,2017,77,TAURUS,STEERING
14164,2017,77,TAURUS,ELECTRICAL SYSTEM
14165,2017,77,TAURUS,SUSPENSION
14166,2017,77,TAURUS,STRUCTURE
14167,2017,9,RENEGADE,FUEL SYSTEM
14168,2017,9,RENEGADE,ELECTRICAL SYSTEM
14169,2017,9,RENEGADE,ENGINE AND ENGINE COOLING
14170,2017,707,XD60,SERVICE BRAKES
14171,2017,707,XD60,FUEL SYSTEM
14172,2017,707,XD60,SEAT BELTS
14173,2017,99,FUZION,SERVICE BRAKES
14174,2017,99,FUZION,STRUCTURE
14175,2017,99,FUZION,EQUIPMENT
14176,2017,1564,RX350,FUEL SYSTEM
14177,2017,1564,RX350,FUEL SYSTEM
14178,2017,1564,RX350,SERVICE BRAKES
14179,2017,562,SENTRA,ELECTRICAL SYSTEM
14180,2017,562,SENTRA,AIR BAGS
14181,2017,562,SENTRA,EXTERIOR LIGHTING
14182,2017,452,OUTBACK,AIR BAGS
14183,2017,452,OUTBACK,SUSPENSION
14184,2017,452,OUTBACK,STEERING
14185,2017,452,OUTBACK,STEERING
14186,2017,15,SIENNA,STEERING
14187,2017,15,SIENNA,SERVICE BRAKES
14188,2017,15,SIENNA,EQUIPMENT
14189,2017,15,SIENNA,SERVICE BRAKES
14190,2017,15,SIENNA,EQUIPMENT
14191,2017,15,SIENNA,TIRES
14192,2017,15,SIENNA,SERVICE BRAKES
14193,2017,15,SIENNA,FUEL SYSTEM
14194,2017,15,SIENNA,FUEL SYSTEM
14195,2017,306,540I,AIR BAGS
14196,2017,8,ELANTRA,STEERING
14197,2017,8,ELANTRA,AIR BAGS
14198,2017,8,ELANTRA,SERVICE BRAKES
14199,2017,8,ELANTRA,AIR BAGS
14200,2017,1497,XC60,ELECTRICAL SYSTEM
14201,2017,1497,XC60,AIR BAGS
14202,2017,1497,XC60,AIR BAGS
14203,2017,1497,XC60,SEAT BELTS
14204,2017,1,718 CAYMAN,FUEL SYSTEM
14205,2017,1,718 CAYMAN,FUEL SYSTEM
14206,2017,1,718 CAYMAN,AIR BAGS
14207,2017,1,718 CAYMAN,AIR BAGS
14208,2017,374,MOBILE SUITE ESTATES,EQUIPMENT
14209,2017,98,SIERRA 2500,SEAT BELTS
14210,2017,98,SIERRA 2500,ENGINE
14211,2017,98,SIERRA 2500,AIR BAGS
14212,2017,98,SIERRA 2500,AIR BAGS
14213,2017,98,SIERRA 2500,EQUIPMENT
14214,2017,98,SIERRA 2500,FUEL SYSTEM
14215,2017,3,TUSCANY XTE,EXTERIOR LIGHTING
14216,2017,3,TUSCANY XTE,EXTERIOR LIGHTING
14217,2017,3,TUSCANY XTE,EXTERIOR LIGHTING
14218,2017,3,TUSCANY XTE,EQUIPMENT
14219,2017,908,CORNERSTONE,EQUIPMENT
14220,2017,908,CORNERSTONE,SUSPENSION
14221,2017,908,CORNERSTONE,FORWARD COLLISION AVOIDANCE
14222,2017,908,CORNERSTONE,EXTERIOR LIGHTING
14223,2017,908,CORNERSTONE,VEHICLE SPEED CONTROL
14224,2017,908,CORNERSTONE,STEERING
14225,2017,14225,CARGO TRAILER,SUSPENSION
14226,2017,14225,CARGO TRAILER,STRUCTURE
14227,2017,64,JAY FLIGHT SLX,EQUIPMENT
14228,2017,64,JAY FLIGHT SLX,ELECTRICAL SYSTEM
14229,2017,64,JAY FLIGHT SLX,ELECTRICAL SYSTEM
14230,2017,64,JAY FLIGHT SLX,INTERIOR LIGHTING
14231,2017,64,JAY FLIGHT SLX,EQUIPMENT
14232,2017,8,SONATA HYBRID,EXTERIOR LIGHTING
14233,2017,8,SONATA HYBRID,ENGINE
14234,2017,8,SONATA HYBRID,LATCHES/LOCKS/LINKAGES
14235,2017,155,ILX,FUEL SYSTEM
14236,2017,155,ILX,POWER TRAIN
14237,2017,155,ILX,FUEL SYSTEM
14238,2017,3278,CROSS COUNTRY,SERVICE BRAKES
14239,2017,99,RESIDENCE,EQUIPMENT
14240,2017,14,MKC,ENGINE
14241,2017,14,MKC,BACK OVER PREVENTION
14242,2017,14,MKC,EQUIPMENT
14243,2017,669,PROSTAR,ENGINE AND ENGINE COOLING
14244,2017,669,PROSTAR,ENGINE AND ENGINE COOLING
14245,2017,669,PROSTAR,SERVICE BRAKES
14246,2017,669,PROSTAR,ELECTRICAL SYSTEM
14247,2017,669,PROSTAR,EQUIPMENT
14248,2017,669,PROSTAR,ENGINE AND ENGINE COOLING
14249,2017,669,PROSTAR,ELECTRICAL SYSTEM
14250,2017,669,PROSTAR,EXTERIOR LIGHTING
14251,2017,669,PROSTAR,ELECTRICAL SYSTEM
14252,2017,3,VENETIAN,STEERING
14253,2017,3,VENETIAN,SERVICE BRAKES
14254,2017,3,VENETIAN,EXTERIOR LIGHTING
14255,2017,3,VENETIAN,EQUIPMENT
14256,2017,3,VENETIAN,ELECTRICAL SYSTEM
14257,2017,3,VENETIAN,EQUIPMENT
14258,2017,3,VENETIAN,SUSPENSION
14259,2017,3,VENETIAN,STEERING
14260,2017,3,VENETIAN,EXTERIOR LIGHTING
14261,2017,3,VENETIAN,EXTERIOR LIGHTING
14262,2017,194,SPRINTER 3500,AIR BAGS
14263,2017,194,SPRINTER 3500,AIR BAGS
14264,2017,194,SPRINTER 3500,ELECTRONIC STABILITY CONTROL (ESC)
14265,2017,194,SPRINTER 3500,STRUCTURE
14266,2017,194,SPRINTER 3500,STEERING
14267,2017,194,SPRINTER 3500,EQUIPMENT
14268,2017,194,SPRINTER 3500,LANE DEPARTURE
14269,2017,194,SPRINTER 3500,EQUIPMENT
14270,2017,194,SPRINTER 3500,TIRES
14271,2017,119,SURVEYOR,EQUIPMENT
14272,2017,119,SURVEYOR,TIRES
14273,2017,119,SURVEYOR,EQUIPMENT
14274,2017,77,ESCAPE,VISIBILITY
14275,2017,77,ESCAPE,POWER TRAIN
14276,2017,77,F-550 SD,STRUCTURE
14277,2017,77,F-550 SD,ENGINE
14278,2017,77,F-550 SD,LATCHES/LOCKS/LINKAGES
14279,2017,77,F-550 SD,POWER TRAIN
14280,2017,77,F-550 SD,SEATS
14281,2017,77,F-550 SD,FUEL SYSTEM
14282,2017,77,F-550 SD,SEATS
14283,2017,77,F-550 SD,BACK OVER PREVENTION
14284,2017,119,PRIME TIME,EQUIPMENT
14285,2017,746,CLUBMAN,AIR BAGS
14286,2017,746,CLUBMAN,TRAILER HITCHES
14287,2017,746,CLUBMAN,AIR BAGS
14288,2017,155,TLX,FUEL SYSTEM
14289,2017,155,TLX,ENGINE AND ENGINE COOLING
14290,2017,155,TLX,FUEL SYSTEM
14291,2017,15,COROLLA,AIR BAGS
14292,2017,15,COROLLA,EQUIPMENT
14293,2017,15,COROLLA,TIRES
14294,2017,146,CIVIC,STEERING
14295,2017,146,CIVIC,EQUIPMENT
14296,2017,146,CIVIC,AIR BAGS
14297,2017,146,CIVIC,POWER TRAIN
14298,2017,146,CIVIC,FUEL SYSTEM
14299,2017,15,RAV4,EQUIPMENT
14300,2017,15,RAV4,TIRES
14301,2017,15,RAV4,ELECTRICAL SYSTEM
14302,2017,562,TITAN,ELECTRICAL SYSTEM
14303,2017,562,TITAN,EQUIPMENT
14304,2017,562,TITAN,SEAT BELTS
14305,2017,77,F-450,ENGINE
14306,2017,77,F-450,EQUIPMENT
14307,2017,77,F-450,EXTERIOR LIGHTING
14308,2017,77,F-450,LATCHES/LOCKS/LINKAGES
14309,2017,1,CAYENNE,EQUIPMENT
14310,2017,1,CAYENNE,EXTERIOR LIGHTING
14311,2017,2790,PHOENIX,ELECTRICAL SYSTEM
14312,2017,14312,GLACIER PEAK,TRAILER HITCHES
14313,2017,193,CHIEFTAIN,ELECTRICAL SYSTEM
14314,2017,193,CHIEFTAIN,EXTERIOR LIGHTING
14315,2017,193,CHIEFTAIN,EXTERIOR LIGHTING
14316,2017,6626,EVORA,STRUCTURE
14317,2017,452,LEGACY,STEERING
14318,2017,452,LEGACY,STEERING
14319,2017,306,X1,SEAT BELTS
14320,2017,306,X1,STRUCTURE
14321,2017,155,MDX SPORT HYBRID,EXTERIOR LIGHTING
14322,2017,155,MDX SPORT HYBRID,SERVICE BRAKES
14323,2017,155,MDX SPORT HYBRID,FUEL SYSTEM
14324,2017,4135,FORTWO,STEERING
14325,2017,14,MKX,SERVICE BRAKES
14326,2017,14,MKX,ELECTRICAL SYSTEM
14327,2017,14,MKX,SEATS
14328,2017,14,MKX,AIR BAGS
14329,2017,14,MKX,SERVICE BRAKES
14330,2017,1681,SABER,EXTERIOR LIGHTING
14331,2017,1681,SABER,EXTERIOR LIGHTING
14332,2017,1681,SABER,FUEL SYSTEM
14333,2017,9,COMPASS,ELECTRICAL SYSTEM
14334,2017,9,COMPASS,EQUIPMENT
14335,2017,9,COMPASS,POWER TRAIN
14336,2017,9,COMPASS,EQUIPMENT
14337,2017,64,GREYHAWK,EQUIPMENT
14338,2017,64,GREYHAWK,EQUIPMENT
14339,2017,64,GREYHAWK,EQUIPMENT
14340,2017,374,FULL HOUSE,EQUIPMENT
14341,2017,374,FULL HOUSE,STRUCTURE
14342,2017,119,STEALTH,EQUIPMENT
14343,2017,128,CTS,STEERING
14344,2017,128,CTS,STEERING
14345,2017,119,SUNSEEKER,EXTERIOR LIGHTING
14346,2017,119,SUNSEEKER,EQUIPMENT
14347,2017,258,SONIC LITE,EQUIPMENT
14348,2017,79,OPEN RANGE,INTERIOR LIGHTING
14349,2017,79,OPEN RANGE,SUSPENSION
14350,2017,79,OPEN RANGE,EQUIPMENT
14351,2017,77,POLICE INTERCEPTOR UTILIT,STEERING
14352,2017,1357,CX-3,BACK OVER PREVENTION
14353,2017,1564,RC F,FUEL SYSTEM
14354,2017,669,LONESTAR,ENGINE AND ENGINE COOLING
14355,2017,669,LONESTAR,ELECTRICAL SYSTEM
14356,2017,669,LONESTAR,SERVICE BRAKES
14357,2017,669,LONESTAR,ENGINE AND ENGINE COOLING
14358,2017,669,LONESTAR,ELECTRICAL SYSTEM
14359,2017,13,QX30,AIR BAGS
14360,2017,13,QX30,AIR BAGS
14361,2017,13,QX30,AIR BAGS
14362,2017,13,QX30,STEERING
14363,2017,1649,FJR1300,POWER TRAIN
14364,2017,1649,FJR1300,EXTERIOR LIGHTING
14365,2025,1800,Q6 E-TRON,BACK OVER PREVENTION
14366,2025,1800,Q6 E-TRON,BACK OVER PREVENTION
14367,2025,15,HIGHLANDER,ELECTRICAL SYSTEM
14368,2025,15,HIGHLANDER,BACK OVER PREVENTION
14369,2025,2748,NINJA ZX-6R,ENGINE AND ENGINE COOLING
14370,2025,82,BLAZER EV,LATCHES/LOCKS/LINKAGES
14371,2025,82,BLAZER EV,PARKING BRAKE
14372,2025,155,MDX,BACK OVER PREVENTION
14373,2025,155,MDX,SERVICE BRAKES
14374,2025,1800,S6 SPORTBACK E-TRON,SEAT BELTS
14375,2025,13,QX80,BACK OVER PREVENTION
14376,2025,13,QX80,BACK OVER PREVENTION
14377,2025,15,TACOMA,SERVICE BRAKES
14378,2025,15,TACOMA,ELECTRICAL SYSTEM
14379,2025,15,TACOMA,POWER TRAIN
14380,2025,15,TUNDRA,EXTERIOR LIGHTING
14381,2025,15,TUNDRA,BACK OVER PREVENTION
14382,2025,77,E-350,POWER TRAIN
14383,2025,15,TUNDRA HYBRID,EXTERIOR LIGHTING
14384,2025,15,TUNDRA HYBRID,BACK OVER PREVENTION
14385,2025,562,PATHFINDER,SERVICE BRAKES
14386,2025,37,TIGUAN,STEERING
14387,2025,15,CAMRY HYBRID,EQUIPMENT
14388,2025,15,CAMRY HYBRID,SEAT BELTS
14389,2025,15,CAMRY HYBRID,BACK OVER PREVENTION
14390,2025,669,LT,STEERING
14391,2025,669,LT,EXTERIOR LIGHTING
14392,2025,669,LT,STEERING
14393,2025,669,LT,STEERING
14394,2025,669,LT,FUEL SYSTEM
14395,2025,669,LT,ELECTRICAL SYSTEM
14396,2025,669,LT,VISIBILITY
14397,2025,669,LT,SERVICE BRAKES
14398,2025,8,PALISADE,POWER TRAIN
14399,2025,8,PALISADE,SEAT BELTS
14400,2025,8,SANTA FE,ENGINE AND ENGINE COOLING
14401,2025,8,SANTA FE,ELECTRICAL SYSTEM
14402,2025,1357,CX-30,AIR BAGS
14403,2025,306,IX,ELECTRICAL SYSTEM
14404,2025,128,LYRIQ,SEATS
14405,2025,128,LYRIQ,SUSPENSION
14406,2025,128,LYRIQ,ELECTRICAL SYSTEM
14407,2025,15,LAND CRUISER,BACK OVER PREVENTION
14408,2025,194,GLC 300 4MATIC,STRUCTURE
14409,2025,194,GLC 300 4MATIC,STEERING
14410,2025,8,IONIQ 6,ELECTRICAL SYSTEM
14411,2025,8,IONIQ 6,ELECTRICAL SYSTEM
14412,2025,306,I5,ELECTRONIC STABILITY CONTROL (ESC)
14413,2025,306,I5,ELECTRONIC STABILITY CONTROL (ESC)
14414,2025,146,CIVIC HYBRID,STEERING
14415,2025,146,CIVIC HYBRID,FUEL SYSTEM
14416,2025,119,RIVERSTONE,SERVICE BRAKES
14417,2025,3,AXIS,EQUIPMENT
14418,2025,77,MUSTANG,POWER TRAIN
14419,2025,77,MUSTANG,EXTERIOR LIGHTING
14420,2025,77,MUSTANG,EXTERIOR LIGHTING
14421,2025,17,EV9,ELECTRICAL SYSTEM
14422,2025,17,EV9,SEATS
14423,2025,17,EV9,ELECTRICAL SYSTEM
14424,2025,746,COUNTRYMAN,AIR BAGS
14425,2025,746,COUNTRYMAN,ELECTRONIC STABILITY CONTROL (ESC)
14426,2025,1102,AVENUE,EQUIPMENT
14427,2025,562,ROGUE,BACK OVER PREVENTION
14428,2025,130,SPEED TWIN 900,EXTERIOR LIGHTING
14429,2025,14,AVIATOR,BACK OVER PREVENTION
14430,2025,14,AVIATOR,EQUIPMENT
14431,2025,14,AVIATOR,POWER TRAIN
14432,2025,14,AVIATOR,POWER TRAIN
14433,2025,14,AVIATOR,STRUCTURE
14434,2025,14,AVIATOR,SEATS
14435,2025,14,AVIATOR,STRUCTURE
14436,2025,14,AVIATOR,VISIBILITY
14437,2025,14,AVIATOR,EXTERIOR LIGHTING
14438,2025,14,AVIATOR,TRAILER HITCHES
14439,2025,14,AVIATOR,VISIBILITY
14440,2025,14,NAVIGATOR,AIR BAGS
14441,2025,14,NAVIGATOR,SERVICE BRAKES
14442,2025,15,SIENNA HYBRID,SEATS
14443,2025,15,SIENNA HYBRID,SEATS
14444,2025,15,SIENNA HYBRID,BACK OVER PREVENTION
14445,2025,17,TELLURIDE,STRUCTURE
14446,2025,17,TELLURIDE,TIRES
14447,2025,306,X1,ELECTRONIC STABILITY CONTROL (ESC)
14448,2025,306,X1,STRUCTURE
14449,2025,306,X1,SEAT BELTS
14450,2025,1419,T380,STEERING
14451,2025,1419,T380,STEERING
14452,2025,1419,T380,STEERING
14453,2025,1419,T380,POWER TRAIN
14454,2025,1419,T380,SERVICE BRAKES
14455,2025,1419,T380,EXTERIOR LIGHTING
14456,2025,1419,T380,EXTERIOR LIGHTING
14457,2025,1419,T380,POWER TRAIN
14458,2025,17,K4,ENGINE AND ENGINE COOLING
14459,2025,1014,CASCADIA,ELECTRONIC STABILITY CONTROL (ESC)
14460,2025,1014,CASCADIA,STEERING
14461,2025,1014,CASCADIA,STEERING
14462,2025,1014,CASCADIA,STEERING
14463,2025,1014,CASCADIA,FUEL SYSTEM
14464,2025,1014,CASCADIA,SERVICE BRAKES
14465,2025,1014,CASCADIA,SERVICE BRAKES
14466,2025,1014,CASCADIA,STEERING
14467,2025,375,567,STEERING
14468,2025,375,567,STEERING
14469,2025,375,567,STEERING
14470,2025,375,567,FUEL SYSTEM
14471,2025,375,567,STEERING
14472,2025,375,567,SERVICE BRAKES
14473,2025,375,567,EXTERIOR LIGHTING
14474,2025,375,567,SERVICE BRAKES
14475,2025,375,567,EXTERIOR LIGHTING
14476,2025,110,GV70,ELECTRICAL SYSTEM
14477,2025,110,GV70,ELECTRICAL SYSTEM
14478,2025,599,PACIFICA,AIR BAGS
14479,2025,599,PACIFICA,EQUIPMENT
14480,2025,599,PACIFICA,AIR BAGS
14481,2025,306,R 1300 GS ADVENTURE,COMMUNICATION
14482,2025,1800,S5,SEAT BELTS
14483,2025,8,SANTA CRUZ,ELECTRICAL SYSTEM
14484,2025,194,E 350,POWER TRAIN
14485,2025,1800,Q4 E-TRON,ELECTRICAL SYSTEM
14486,2025,3,GENEVA,EQUIPMENT
14487,2025,146,HR-V,STEERING
14488,2025,146,CIVIC HATCHBACK,STEERING
14489,2025,193,SCOUT,ENGINE AND ENGINE COOLING
14490,2025,37,ATLAS,POWER TRAIN
14491,2025,37,ATLAS,ENGINE
14492,2025,37,ATLAS,BACK OVER PREVENTION
14493,2025,37,ATLAS,SERVICE BRAKES
14494,2025,146,RIDGELINE,BACK OVER PREVENTION
14495,2025,306,X7,SEAT BELTS
14496,2025,306,X7,ELECTRONIC STABILITY CONTROL (ESC)
14497,2025,306,X7,ELECTRONIC STABILITY CONTROL (ESC)
14498,2025,77,F-350 SD,POWER TRAIN
14499,2025,77,F-350 SD,FUEL SYSTEM
14500,2025,77,F-350 SD,SERVICE BRAKES
14501,2025,77,F-350 SD,ELECTRICAL SYSTEM
14502,2025,9,GRAND WAGONEER,STRUCTURE
14503,2025,15,GRAND HIGHLANDER,ELECTRICAL SYSTEM
14504,2025,15,GRAND HIGHLANDER,BACK OVER PREVENTION
14505,2025,128,XT4,STRUCTURE
14506,2025,82,CORVETTE,SEAT BELTS
14507,2025,82,CORVETTE,FUEL SYSTEM
14508,2025,562,MURANO,SERVICE BRAKES
14509,2025,1232,POLESTAR 3,ELECTRICAL SYSTEM
14510,2025,1232,POLESTAR 3,BACK OVER PREVENTION
14511,2025,1232,POLESTAR 3,VISIBILITY
14512,2025,1232,POLESTAR 3,ELECTRICAL SYSTEM
14513,2025,1232,POLESTAR 3,STRUCTURE
14514,2025,1232,POLESTAR 2,BACK OVER PREVENTION
14515,2025,1232,POLESTAR 2,BACK OVER PREVENTION
14516,2025,9,GRAND CHEROKEE,ELECTRICAL SYSTEM
14517,2025,9,GRAND CHEROKEE,ELECTRICAL SYSTEM
14518,2025,146,CR-V,STEERING
14519,2025,119,CAMPSITE RESERVE,STRUCTURE
14520,2025,119,CAMPSITE RESERVE,ELECTRICAL SYSTEM
14521,2025,8,IONIQ 5,ELECTRICAL SYSTEM
14522,2025,8,IONIQ 5,SERVICE BRAKES
14523,2025,8,IONIQ 5,SERVICE BRAKES
14524,2025,8,IONIQ 5,EXTERIOR LIGHTING
14525,2025,8,IONIQ 5,ELECTRICAL SYSTEM
14526,2025,8,IONIQ 5,SUSPENSION
14527,2025,746,COUNTRYMAN S ALL4,ELECTRONIC STABILITY CONTROL (ESC)
14528,2025,746,COUNTRYMAN S ALL4,STRUCTURE
14529,2025,746,COUNTRYMAN S ALL4,SEAT BELTS
14530,2025,5737,LET2,STEERING
14531,2025,67,R1S,VEHICLE SPEED CONTROL
14532,2025,67,R1S,ELECTRICAL SYSTEM
14533,2025,67,R1S,EXTERIOR LIGHTING
14534,2025,67,R1S,SEAT BELTS
14535,2025,67,R1S,EXTERIOR LIGHTING
14536,2025,67,R1S,ELECTRICAL SYSTEM
14537,2025,67,R1S,ELECTRICAL SYSTEM
14538,2025,155,TLX,SERVICE BRAKES
14539,2025,82,BLAZER,LATCHES/LOCKS/LINKAGES
14540,2025,13,QX60,SERVICE BRAKES
14541,2025,17,SORENTO,ELECTRICAL SYSTEM
14542,2025,17,SORENTO,ENGINE AND ENGINE COOLING
14543,2025,746,COOPER S,ELECTRONIC STABILITY CONTROL (ESC)
14544,2025,746,COOPER S,ELECTRONIC STABILITY CONTROL (ESC)
14545,2025,31,LINEAGE,EQUIPMENT
14546,2025,31,LINEAGE,EQUIPMENT
14547,2025,262,OUTLANDER PHEV,BACK OVER PREVENTION
14548,2025,17,K5,EXTERIOR LIGHTING
14549,2025,17,K5,STRUCTURE
14550,2025,9,WAGONEER S,EXTERIOR LIGHTING
14551,2025,9,WAGONEER S,POWER TRAIN
14552,2025,9,WAGONEER S,STRUCTURE
14553,2025,306,X5,EQUIPMENT
14554,2025,306,X5,SEAT BELTS
14555,2025,306,X5,ELECTRONIC STABILITY CONTROL (ESC)
14556,2025,306,X5,ELECTRONIC STABILITY CONTROL (ESC)
14557,2025,2,VIEW,ELECTRICAL SYSTEM
14558,2025,2,VIEW,EQUIPMENT
14559,2025,2,VIEW,SEAT BELTS
14560,2025,2,VIEW,EQUIPMENT
14561,2025,2,VIEW,AIR BAGS
14562,2025,429,MODEL Y,TIRES
14563,2025,429,MODEL Y,BACK OVER PREVENTION
14564,2025,98,SIERRA EV,SEAT BELTS
14565,2025,3,VEGAS,EQUIPMENT
14566,2025,1497,VNL (4),EXTERIOR LIGHTING
14567,2025,146,CB1000SP,POWER TRAIN
14568,2025,77,F-450 SD,POWER TRAIN
14569,2025,77,F-450 SD,SERVICE BRAKES
14570,2025,77,F-450 SD,ELECTRICAL SYSTEM
14571,2025,1726,VACATIONER,ENGINE AND ENGINE COOLING
14572,2025,452,FORESTER,WHEELS
14573,2025,452,FORESTER,CHILD SEAT
14574,2025,82,SILVERADO EV,FORWARD COLLISION AVOIDANCE
14575,2025,31,MOMENTUM,STRUCTURE
14576,2025,31,MOMENTUM,STRUCTURE
14577,2025,8830,DBX707,ENGINE AND ENGINE COOLING
14578,2025,8830,DBX707,BACK OVER PREVENTION
14579,2025,6413,VF 8,LANE DEPARTURE
14580,2025,128,XT5,ELECTRICAL SYSTEM
14581,2025,620,AIR,ELECTRICAL SYSTEM
14582,2025,620,AIR,POWER TRAIN
14583,2025,620,AIR,BACK OVER PREVENTION
14584,2025,146,ACCORD HYBRID,ELECTRICAL SYSTEM
14585,2025,92,CHARGER,BACK OVER PREVENTION
14586,2025,92,CHARGER,POWER TRAIN
14587,2025,746,COOPER,ELECTRONIC STABILITY CONTROL (ESC)
14588,2025,746,COOPER,ELECTRONIC STABILITY CONTROL (ESC)
14589,2025,746,COOPER,SEAT BELTS
14590,2025,194,AMG GLC43 4MATIC COUPE,STEERING
14591,2025,128,OPTIQ,TIRES
14592,2025,194,EQE 350 4MATIC,STEERING
14593,2025,119,SALEM,STRUCTURE
14594,2025,119,SALEM,STRUCTURE
14595,2025,119,SALEM,STRUCTURE
14596,2025,119,SALEM,LATCHES/LOCKS/LINKAGES
14597,2025,119,SALEM,STRUCTURE
14598,2025,119,SALEM,EQUIPMENT
14599,2025,119,SALEM,ELECTRICAL SYSTEM
14600,2025,15,COROLLA HYBRID,SERVICE BRAKES
14601,2025,15,PRIUS,BACK OVER PREVENTION
14602,2025,1564,RX PLUG-IN HYBRID,BACK OVER PREVENTION
14603,2025,119,ROCKPORT,EQUIPMENT
14604,2025,1800,SQ7,FUEL SYSTEM
14605,2025,77,F-250 SD,POWER TRAIN
14606,2025,77,F-250 SD,FUEL SYSTEM
14607,2025,77,F-250 SD,SERVICE BRAKES
14608,2025,77,F-250 SD,ELECTRICAL SYSTEM
14609,2025,146,ADV160,ENGINE AND ENGINE COOLING
14610,2025,67,R1T,SEAT BELTS
14611,2025,67,R1T,EXTERIOR LIGHTING
14612,2025,67,R1T,ELECTRICAL SYSTEM
14613,2025,67,R1T,ELECTRICAL SYSTEM
14614,2025,119,AURORA,EQUIPMENT
14615,2025,119,AURORA,EQUIPMENT
14616,2025,119,AURORA,STRUCTURE
14617,2025,119,AURORA,ELECTRICAL SYSTEM
14618,2025,119,AURORA,ELECTRICAL SYSTEM
14619,2025,194,GLS 450 4MATIC,VISIBILITY
14620,2025,99,KODIAK,EQUIPMENT
14621,2025,99,KODIAK,EQUIPMENT
14622,2025,99,KODIAK,STRUCTURE
14623,2025,8,TUCSON,EQUIPMENT
14624,2025,8,TUCSON,ELECTRICAL SYSTEM
14625,2025,8,TUCSON,ENGINE AND ENGINE COOLING
14626,2025,858,3500,POWER TRAIN
14627,2025,562,KICKS,ELECTRICAL SYSTEM
14628,2025,562,KICKS,EQUIPMENT
14629,2025,562,KICKS,BACK OVER PREVENTION
14630,2025,2,EKKO,ELECTRICAL SYSTEM
14631,2025,2,EKKO,EQUIPMENT
14632,2025,2,EKKO,EQUIPMENT
14633,2025,2,EKKO,TIRES
14634,2025,2,EKKO,AIR BAGS
14635,2025,2,EKKO,TIRES
14636,2025,9,WAGONEER,STRUCTURE
14637,2025,146,CIVIC HATCHBACK HYBRID,STEERING
14638,2025,2,MINNIE WINNIE,EQUIPMENT
14639,2025,2,MINNIE WINNIE,EQUIPMENT
14640,2025,1497,EX90,SEATS
14641,2025,1497,EX90,EXTERIOR LIGHTING
14642,2025,1497,EX90,STRUCTURE
14643,2025,77,EXPLORER,FUEL SYSTEM
14644,2025,77,EXPLORER,BACK OVER PREVENTION
14645,2025,77,EXPLORER,EQUIPMENT
14646,2025,77,EXPLORER,POWER TRAIN
14647,2025,77,EXPLORER,POWER TRAIN
14648,2025,77,EXPLORER,POWER TRAIN
14649,2025,77,EXPLORER,STRUCTURE
14650,2025,77,EXPLORER,ENGINE AND ENGINE COOLING
14651,2025,77,EXPLORER,SERVICE BRAKES
14652,2025,77,EXPLORER,SEATS
14653,2025,77,EXPLORER,EXTERIOR LIGHTING
14654,2025,77,EXPLORER,TRAILER HITCHES
14655,2025,77,EXPLORER,VISIBILITY
14656,2025,375,537,STEERING
14657,2025,375,537,STEERING
14658,2025,375,537,SERVICE BRAKES
14659,2025,375,537,EXTERIOR LIGHTING
14660,2025,375,537,EXTERIOR LIGHTING
14661,2025,1497,EX40,BACK OVER PREVENTION
14662,2025,1497,EX40,SERVICE BRAKES
14663,2025,15,GR COROLLA,ELECTRICAL SYSTEM
14664,2025,505,MD,EQUIPMENT
14665,2025,505,MD,SEAT BELTS
14666,2025,452,SOLTERRA,VISIBILITY
14667,2025,452,SOLTERRA,BACK OVER PREVENTION
14668,2025,1357,MX-5,TRACTION CONTROL SYSTEM
14669,2025,15,CAMRY,ELECTRICAL SYSTEM
14670,2025,858,PROMASTER,BACK OVER PREVENTION
14671,2025,858,PROMASTER,ELECTRICAL SYSTEM
14672,2025,858,PROMASTER,ENGINE AND ENGINE COOLING
14673,2025,1800,Q7,SEAT BELTS
14674,2025,128,XT6,ELECTRICAL SYSTEM
14675,2025,77,EXPEDITION,ENGINE AND ENGINE COOLING
14676,2025,77,EXPEDITION,AIR BAGS
14677,2025,77,EXPEDITION,SERVICE BRAKES
14678,2025,37,ATLAS CROSS SPORT,POWER TRAIN
14679,2025,37,ATLAS CROSS SPORT,ENGINE
14680,2025,37,ATLAS CROSS SPORT,BACK OVER PREVENTION
14681,2025,37,ATLAS CROSS SPORT,SERVICE BRAKES
14682,2025,194,E 350 4MATIC,POWER TRAIN
14683,2025,82,EQUINOX EV,LATCHES/LOCKS/LINKAGES
14684,2025,82,EQUINOX EV,ELECTRICAL SYSTEM
14685,2025,82,EQUINOX EV,SERVICE BRAKES
14686,2025,82,EQUINOX EV,TIRES
14687,2025,562,SENTRA,SEATS
14688,2025,306,X3,AIR BAGS
14689,2025,306,X3,AIR BAGS
14690,2025,306,X3,SUSPENSION
14691,2025,306,X3,ELECTRICAL SYSTEM
14692,2025,306,X3,SERVICE BRAKES
14693,2025,306,X3,ELECTRICAL SYSTEM
14694,2025,306,X3,SERVICE BRAKES
14695,2025,17,SORENTO HYBRID,ELECTRICAL SYSTEM
14696,2025,15,RAV4,ELECTRICAL SYSTEM
14697,2025,15,RAV4,BACK OVER PREVENTION
14698,2025,146,PILOT,FUEL SYSTEM
14699,2025,146,PILOT,FUEL SYSTEM
14700,2025,146,PILOT,SEAT BELTS
14701,2025,146,PILOT,SERVICE BRAKES
14702,2025,110,G90,ELECTRICAL SYSTEM
14703,2025,1800,Q3,BACK OVER PREVENTION
14704,2025,194,GLC 350E 4MATIC,STRUCTURE
14705,2025,194,GLC 350E 4MATIC,STEERING
14706,2025,306,I4 EDRIVE40,ELECTRICAL SYSTEM
14707,2025,1357,CX-70,ELECTRICAL SYSTEM
14708,2025,1357,CX-70,POWER TRAIN
14709,2025,1357,CX-70,ELECTRICAL SYSTEM
14710,2025,1357,CX-70,ELECTRICAL SYSTEM
14711,2025,1357,CX-50,LANE DEPARTURE
14712,2025,1357,CX-50,TRAILER HITCHES
14713,2025,1357,CX-50,AIR BAGS
14714,2025,1357,CX-50,SUSPENSION
14715,2025,15,4RUNNER,ELECTRICAL SYSTEM
14716,2025,37,ID. BUZZ,ELECTRICAL SYSTEM
14717,2025,37,ID. BUZZ,SEATS
14718,2025,110,GV60,BACK OVER PREVENTION
14719,2025,110,GV60,ELECTRICAL SYSTEM
14720,2025,110,GV60,ELECTRICAL SYSTEM
14721,2025,110,GV60,STRUCTURE
14722,2025,562,FRONTIER,BACK OVER PREVENTION
14723,2025,562,FRONTIER,EXTERIOR LIGHTING
14724,2025,194,GLE 450E 4MATIC,VISIBILITY
14725,2025,194,EQS SUV 580 4MATIC,ELECTRICAL SYSTEM
14726,2025,194,EQS SUV 580 4MATIC,BACK OVER PREVENTION
14727,2025,194,AMG G63,ELECTRONIC STABILITY CONTROL (ESC)
14728,2025,194,AMG G63,FORWARD COLLISION AVOIDANCE
14729,2025,146,CR-V HYBRID,STEERING
14730,2025,146,CR-V HYBRID,FUEL SYSTEM
14731,2025,146,CR-V HYBRID,FUEL SYSTEM
14732,2025,1357,CX-90,ELECTRICAL SYSTEM
14733,2025,1357,CX-90,ELECTRICAL SYSTEM
14734,2025,521,CESB,SERVICE BRAKES
14735,2025,521,CESB,EXTERIOR LIGHTING
14736,2025,521,CESB,SEAT BELTS
14737,2025,521,CESB,EQUIPMENT ADAPTIVE/MOBILITY
14738,2025,521,CESB,PARKING BRAKE
14739,2025,521,CESB,STRUCTURE
14740,2025,521,CESB,PARKING BRAKE
14741,2025,306,430I,ELECTRICAL SYSTEM
14742,2025,155,RDX,STEERING
14743,2025,8635,MODEL Z,EQUIPMENT
14744,2025,8635,MODEL Z,TRAILER HITCHES
14745,2025,8635,MODEL Z,STRUCTURE
14746,2025,8635,MODEL Z,ELECTRICAL SYSTEM
14747,2025,15,CROWN SIGNIA,ELECTRICAL SYSTEM
14748,2025,15,CROWN SIGNIA,BACK OVER PREVENTION
14749,2025,15,RAV4 HYBRID,BACK OVER PREVENTION
14750,2025,17,NIRO,SEATS
14751,2025,110,GV80,BACK OVER PREVENTION
14752,2025,306,430I XDRIVE,ELECTRICAL SYSTEM
14753,2025,14,NAUTILUS,VISIBILITY
14754,2025,14,NAUTILUS,ELECTRICAL SYSTEM
14755,2025,14,NAUTILUS,EXTERIOR LIGHTING
14756,2025,14,NAUTILUS,VISIBILITY
14757,2025,194,GLC 300,STRUCTURE
14758,2025,194,GLC 300,STEERING
14759,2025,155,INTEGRA,STEERING
14760,2025,130,DAYTONA 660,ENGINE AND ENGINE COOLING
14761,2025,9,GRAND CHEROKEE 4XE,ENGINE
